simulation,phase,date,home_team,away_team,lambda_home,lambda_away,home_goals,away_goals,elo_diff,home_avg_goals_scored,home_avg_goals_conceded,away_avg_goals_scored,away_avg_goals_conceded,h2h_matches,h2h_home_avg_goals,h2h_away_avg_goals,h2h_home_win_rate,home_wc_participations,away_wc_participations,is_home_home,is_neutral,competition_friendly,competition_qualifier,match_id,winner,loser,penalties
1,Group stage,2026-06-11 00:00:00,Mexico,South Africa,2.1329286098480225,0.6023440957069397,4,3,297.64561459530705,1.1,1.0,1.5,1.1,0.0,1.1,1.5,0.33,17.0,3.0,1.0,0.0,0.0,0.0,,,,
1,Group stage,2026-06-11 00:00:00,South Korea,Czech Republic,1.656619668006897,0.9059049487113953,1,3,98.40437375226111,1.5,1.2,1.8,1.2,0.0,1.5,1.8,0.33,11.0,1.0,0.0,1.0,0.0,0.0,,,,
1,Group stage,2026-06-12 00:00:00,Canada,Bosnia and Herzegovina,2.178720712661743,0.6230993866920471,2,1,252.19701310772894,1.1,0.4,2.1,1.1,0.0,1.1,2.1,0.33,2.0,1.0,1.0,0.0,0.0,0.0,,,,
1,Group stage,2026-06-12 00:00:00,United States,Paraguay,1.3273921012878418,1.1478886604309082,2,2,-90.4406608260008,1.7,1.6,1.0,1.0,1.0,2.0,1.0,1.0,11.0,8.0,1.0,0.0,0.0,0.0,,,,
1,Group stage,2026-06-13 00:00:00,Australia,Turkey,1.306311845779419,1.4813357591629028,1,0,-47.69773714089274,1.5,0.9,2.1,1.4,0.0,1.5,2.1,0.33,6.0,2.0,0.0,1.0,0.0,0.0,,,,
1,Group stage,2026-06-13 00:00:00,Brazil,Morocco,1.3794176578521729,1.0310763120651245,3,1,71.7854817950124,1.8,0.8,1.8,0.5,1.0,1.0,2.0,0.0,22.0,6.0,0.0,1.0,0.0,0.0,,,,
1,Group stage,2026-06-13 00:00:00,Haiti,Scotland,0.8986091017723083,1.6037302017211914,0,0,-128.96035980586862,1.2,1.1,1.8,1.2,0.0,1.2,1.8,0.33,1.0,8.0,0.0,1.0,0.0,0.0,,,,
1,Group stage,2026-06-13 00:00:00,Qatar,Switzerland,0.5497463941574097,2.393497943878174,0,2,-360.84472108477416,0.9,1.9,2.5,0.8,0.0,0.9,2.5,0.33,1.0,12.0,0.0,1.0,0.0,0.0,,,,
1,Group stage,2026-06-14 00:00:00,Germany,Curaçao,2.8003809452056885,0.6807331442832947,5,0,361.1352259778141,2.3,1.1,1.6,1.3,0.0,2.3,1.6,0.33,20.0,0.0,0.0,1.0,0.0,0.0,,,,
1,Group stage,2026-06-14 00:00:00,Ivory Coast,Ecuador,0.7578378915786743,1.6096333265304565,1,0,-219.15155902699053,2.0,0.7,0.7,0.4,0.0,2.0,0.7,0.33,3.0,4.0,0.0,1.0,0.0,0.0,,,,
1,Group stage,2026-06-14 00:00:00,Netherlands,Japan,1.4094085693359375,1.0377333164215088,0,3,19.05367466640928,3.0,0.6,1.8,0.7,0.0,3.0,1.8,0.33,11.0,7.0,0.0,1.0,0.0,0.0,,,,
1,Group stage,2026-06-14 00:00:00,Sweden,Tunisia,1.4389334917068481,1.2469319105148315,2,0,22.565366858667858,1.6,1.8,1.4,1.0,0.0,1.6,1.4,0.33,13.0,6.0,0.0,1.0,0.0,0.0,,,,
1,Group stage,2026-06-15 00:00:00,Belgium,Egypt,1.4515180587768555,0.9129274487495422,2,2,99.79242592327387,3.5,1.0,1.3,0.8,1.0,1.0,2.0,0.0,14.0,3.0,0.0,1.0,0.0,0.0,,,,
1,Group stage,2026-06-15 00:00:00,Iran,New Zealand,1.6201878786087036,0.738328218460083,1,0,142.34033556219924,1.6,0.7,0.9,1.5,0.0,1.6,0.9,0.33,6.0,2.0,0.0,1.0,0.0,0.0,,,,
1,Group stage,2026-06-15 00:00:00,Saudi Arabia,Uruguay,0.7248218059539795,1.7654508352279663,0,1,-283.38107610897714,0.9,1.3,1.0,0.9,0.0,0.9,1.0,0.33,6.0,14.0,0.0,1.0,0.0,0.0,,,,
1,Group stage,2026-06-15 00:00:00,Spain,Cape Verde,3.966179609298706,0.5665221810340881,2,0,563.2850614519855,3.1,0.8,1.7,1.0,0.0,3.1,1.7,0.33,16.0,0.0,0.0,1.0,0.0,0.0,,,,
1,Group stage,2026-06-16 00:00:00,Argentina,Algeria,2.156207323074341,0.7074368596076965,2,2,323.48300707879844,2.5,0.4,2.3,0.5,0.0,2.5,2.3,0.33,18.0,4.0,0.0,1.0,0.0,0.0,,,,
1,Group stage,2026-06-16 00:00:00,Austria,Jordan,2.314819097518921,0.9839795827865601,2,0,80.9944962008201,2.8,0.5,2.0,1.5,0.0,2.8,2.0,0.33,7.0,0.0,0.0,1.0,0.0,0.0,,,,
1,Group stage,2026-06-16 00:00:00,France,Senegal,2.243558645248413,0.8569515347480774,2,1,209.2497238875883,2.7,1.1,2.5,0.6,0.0,2.7,2.5,0.33,16.0,3.0,0.0,1.0,0.0,0.0,,,,
1,Group stage,2026-06-16 00:00:00,Iraq,Norway,0.7500935196876526,1.7158862352371216,1,1,-223.33641759859006,1.1,0.7,3.1,0.6,0.0,1.1,3.1,0.33,1.0,3.0,0.0,1.0,0.0,0.0,,,,
1,Group stage,2026-06-17 00:00:00,England,Croatia,1.630310297012329,1.0758646726608276,2,0,94.46756707201507,2.2,0.5,2.9,0.8,0.0,2.2,2.9,0.33,16.0,6.0,0.0,1.0,0.0,0.0,,,,
1,Group stage,2026-06-17 00:00:00,Ghana,Panama,0.8218146562576294,1.872027039527893,3,4,-237.5714618522527,1.5,1.3,1.3,0.8,0.0,1.5,1.3,0.33,4.0,1.0,0.0,1.0,0.0,0.0,,,,
1,Group stage,2026-06-17 00:00:00,Portugal,DR Congo,2.063178300857544,0.639021098613739,0,1,275.4864091486654,2.6,1.0,1.2,0.3,0.0,2.6,1.2,0.33,8.0,1.0,0.0,1.0,0.0,0.0,,,,
1,Group stage,2026-06-17 00:00:00,Uzbekistan,Colombia,0.7373384833335876,1.79137122631073,0,2,-213.1223064060914,1.5,0.7,2.1,1.0,0.0,1.5,2.1,0.33,0.0,6.0,0.0,1.0,0.0,0.0,,,,
1,Group stage,2026-06-18 00:00:00,Canada,Qatar,2.2064242362976074,0.43120285868644714,5,1,332.5518449247347,1.1,0.5,0.9,1.8,1.0,2.0,0.0,1.0,3.0,2.0,1.0,0.0,0.0,0.0,,,,
1,Group stage,2026-06-18 00:00:00,Czech Republic,South Africa,1.7774336338043213,0.9244930148124695,1,1,180.5312979738792,1.9,1.3,1.7,1.4,0.0,1.9,1.7,0.33,2.0,4.0,0.0,1.0,0.0,0.0,,,,
1,Group stage,2026-06-18 00:00:00,Mexico,South Korea,1.6889193058013916,0.9532082676887512,0,0,144.58450531302924,1.3,1.1,1.4,1.5,1.0,2.0,2.0,0.0,18.0,12.0,1.0,0.0,0.0,0.0,,,,
1,Group stage,2026-06-18 00:00:00,Switzerland,Bosnia and Herzegovina,2.434573173522949,0.7123255729675293,3,0,314.4925730279506,2.3,0.6,2.1,1.3,0.0,2.3,2.1,0.33,13.0,2.0,0.0,1.0,0.0,0.0,,,,
1,Group stage,2026-06-19 00:00:00,Brazil,Haiti,2.4633126258850098,0.6217758655548096,1,1,384.27862161109033,2.1,0.9,1.1,1.0,0.0,2.1,1.1,0.33,23.0,2.0,0.0,1.0,0.0,0.0,,,,
1,Group stage,2026-06-19 00:00:00,Scotland,Morocco,0.9442877769470215,1.511948823928833,1,3,-133.16926788723208,1.7,0.9,1.6,0.6,0.0,1.7,1.6,0.33,9.0,7.0,0.0,1.0,0.0,0.0,,,,
1,Group stage,2026-06-19 00:00:00,Turkey,Paraguay,1.2660014629364014,1.2843841314315796,1,1,8.411748919090314,1.9,1.4,1.0,1.2,0.0,1.9,1.0,0.33,3.0,9.0,0.0,1.0,0.0,0.0,,,,
1,Group stage,2026-06-19 00:00:00,United States,Australia,1.3298312425613403,1.3154420852661133,1,2,-120.99084129438143,1.7,1.7,1.5,0.9,1.0,2.0,1.0,1.0,12.0,7.0,1.0,0.0,0.0,0.0,,,,
1,Group stage,2026-06-20 00:00:00,Ecuador,Curaçao,2.3366386890411377,0.6384405493736267,1,1,363.6367773473819,0.7,0.5,1.5,1.7,0.0,0.7,1.5,0.33,5.0,1.0,0.0,1.0,0.0,0.0,,,,
1,Group stage,2026-06-20 00:00:00,Germany,Ivory Coast,1.7737822532653809,0.8891798853874207,3,1,149.81554149781573,2.7,0.9,1.8,0.7,0.0,2.7,1.8,0.33,21.0,4.0,0.0,1.0,0.0,0.0,,,,
1,Group stage,2026-06-20 00:00:00,Netherlands,Sweden,2.0660011768341064,1.1381193399429321,0,1,142.0030099032324,2.8,0.9,1.6,1.8,0.0,2.8,1.6,0.33,12.0,14.0,0.0,1.0,0.0,0.0,,,,
1,Group stage,2026-06-20 00:00:00,Tunisia,Japan,0.6564843058586121,1.9763165712356567,2,3,-340.43008320517447,1.3,1.1,2.1,0.6,0.0,1.3,2.1,0.33,7.0,8.0,0.0,1.0,0.0,0.0,,,,
1,Group stage,2026-06-21 00:00:00,Belgium,Iran,1.3608405590057373,1.2894057035446167,1,0,-5.5642932894641035,3.6,1.1,1.5,0.7,0.0,3.6,1.5,0.33,15.0,7.0,0.0,1.0,0.0,0.0,,,,
1,Group stage,2026-06-21 00:00:00,New Zealand,Egypt,1.0176825523376465,1.3899180889129639,3,3,-90.46589175764802,0.8,1.6,1.5,0.7,1.0,0.0,1.0,0.0,3.0,4.0,0.0,1.0,0.0,0.0,,,,
1,Group stage,2026-06-21 00:00:00,Spain,Saudi Arabia,3.0225844383239746,0.4749733805656433,3,1,548.7686815894945,2.8,0.4,0.9,1.4,0.0,2.8,0.9,0.33,17.0,7.0,0.0,1.0,0.0,0.0,,,,
1,Group stage,2026-06-21 00:00:00,Uruguay,Cape Verde,2.193951368331909,0.6656901240348816,2,1,324.3035150543376,1.1,0.7,1.4,1.2,0.0,1.1,1.4,0.33,15.0,1.0,0.0,1.0,0.0,0.0,,,,
1,Group stage,2026-06-22 00:00:00,Argentina,Austria,2.096729040145874,0.813870370388031,1,1,253.05962752654955,2.3,0.5,2.8,0.4,0.0,2.3,2.8,0.33,19.0,8.0,0.0,1.0,0.0,0.0,,,,
1,Group stage,2026-06-22 00:00:00,France,Iraq,2.408681869506836,0.5691329836845398,4,0,388.7210746627834,2.5,0.7,1.1,0.8,0.0,2.5,1.1,0.33,17.0,2.0,0.0,1.0,0.0,0.0,,,,
1,Group stage,2026-06-22 00:00:00,Jordan,Algeria,0.9713767766952515,1.6722781658172607,0,0,-123.8274561341882,1.8,1.4,2.0,0.6,0.0,1.8,2.0,0.33,1.0,5.0,0.0,1.0,0.0,0.0,,,,
1,Group stage,2026-06-22 00:00:00,Norway,Senegal,1.4183169603347778,1.0187461376190186,1,1,37.53658478684929,2.9,0.7,1.8,0.8,0.0,2.9,1.8,0.33,4.0,4.0,0.0,1.0,0.0,0.0,,,,
1,Group stage,2026-06-23 00:00:00,Colombia,DR Congo,1.950786828994751,0.6753852367401123,1,2,252.07826289119248,2.3,1.0,1.2,0.3,0.0,2.3,1.2,0.33,7.0,2.0,0.0,1.0,0.0,0.0,,,,
1,Group stage,2026-06-23 00:00:00,England,Ghana,2.8170738220214844,0.7341846227645874,1,1,502.6523723812825,2.3,0.5,1.7,1.5,0.0,2.3,1.7,0.33,17.0,5.0,0.0,1.0,0.0,0.0,,,,
1,Group stage,2026-06-23 00:00:00,Panama,Croatia,1.1135226488113403,1.4788490533828735,0,3,-80.13707063027232,1.7,1.1,2.2,1.0,0.0,1.7,2.2,0.33,2.0,7.0,0.0,1.0,0.0,0.0,,,,
1,Group stage,2026-06-23 00:00:00,Portugal,Uzbekistan,1.887360692024231,0.8318827748298645,1,1,177.73965902922805,2.4,1.0,1.3,0.7,0.0,2.4,1.3,0.33,9.0,1.0,0.0,1.0,0.0,0.0,,,,
1,Group stage,2026-06-24 00:00:00,Bosnia and Herzegovina,Qatar,1.9061464071273804,1.1517761945724487,0,0,60.24334739380242,2.0,1.4,0.8,2.1,0.0,2.0,0.8,0.33,2.0,2.0,0.0,1.0,0.0,0.0,,,,
1,Group stage,2026-06-24 00:00:00,Canada,Switzerland,1.1847940683364868,1.1049399375915527,2,3,-54.4818306430127,1.5,0.5,2.2,0.6,0.0,1.5,2.2,0.33,3.0,13.0,1.0,0.0,0.0,0.0,,,,
1,Group stage,2026-06-24 00:00:00,Mexico,Czech Republic,1.6377503871917725,0.7423831224441528,0,0,124.27408769538897,1.3,0.7,1.9,0.9,0.0,1.3,1.9,0.33,18.0,2.0,1.0,0.0,0.0,0.0,,,,
1,Group stage,2026-06-24 00:00:00,Morocco,Haiti,1.7945189476013184,0.6712811589241028,2,1,245.29823505437435,1.7,0.7,1.1,0.9,0.0,1.7,1.1,0.33,7.0,2.0,0.0,1.0,0.0,0.0,,,,
1,Group stage,2026-06-24 00:00:00,Scotland,Brazil,0.7377561926841736,2.1224145889282227,2,2,-281.08944328041,1.4,1.2,2.1,1.0,0.0,1.4,2.1,0.33,9.0,23.0,0.0,1.0,0.0,0.0,,,,
1,Group stage,2026-06-24 00:00:00,South Africa,South Korea,1.046744704246521,1.829592227935791,2,2,-167.98983309032337,1.8,1.5,1.0,1.5,0.0,1.8,1.0,0.33,4.0,12.0,0.0,1.0,0.0,0.0,,,,
1,Group stage,2026-06-25 00:00:00,Curaçao,Ivory Coast,0.8604575395584106,1.9294718503952026,0,0,-187.87002140550294,1.5,1.6,1.9,0.9,0.0,1.5,1.9,0.33,1.0,4.0,0.0,1.0,0.0,0.0,,,,
1,Group stage,2026-06-25 00:00:00,Ecuador,Germany,0.988235592842102,1.5006781816482544,1,2,-74.30895094967536,0.8,0.6,3.0,0.8,0.0,0.8,3.0,0.33,5.0,21.0,0.0,1.0,0.0,0.0,,,,
1,Group stage,2026-06-25 00:00:00,Japan,Sweden,1.8163870573043823,0.9730842113494873,1,0,199.49051227205882,1.8,0.8,1.3,1.5,0.0,1.8,1.3,0.33,8.0,14.0,0.0,1.0,0.0,0.0,,,,
1,Group stage,2026-06-25 00:00:00,Paraguay,Australia,1.047516942024231,1.351735234260559,0,0,-56.36327776565463,1.1,1.2,1.5,0.9,0.0,1.1,1.5,0.33,9.0,7.0,0.0,1.0,0.0,0.0,,,,
1,Group stage,2026-06-25 00:00:00,Tunisia,Netherlands,0.8555808663368225,1.8158864974975586,0,0,-214.51988084407412,1.5,1.3,2.0,1.0,0.0,1.5,2.0,0.33,7.0,12.0,0.0,1.0,0.0,0.0,,,,
1,Group stage,2026-06-25 00:00:00,United States,Turkey,1.3647902011871338,1.4529178142547607,0,0,-127.96635293148415,1.7,1.7,2.0,1.4,1.0,1.0,2.0,0.0,12.0,3.0,1.0,0.0,0.0,0.0,,,,
1,Group stage,2026-06-26 00:00:00,Cape Verde,Saudi Arabia,1.2200653553009033,1.3353618383407593,2,1,-25.65161792513095,1.4,1.3,0.9,1.7,0.0,1.4,0.9,0.33,1.0,7.0,0.0,1.0,0.0,0.0,,,,
1,Group stage,2026-06-26 00:00:00,Egypt,Iran,1.0240989923477173,1.3689556121826172,2,0,-65.74111723920214,1.6,0.9,1.3,0.6,0.0,1.6,1.3,0.33,4.0,7.0,0.0,1.0,0.0,0.0,,,,
1,Group stage,2026-06-26 00:00:00,New Zealand,Belgium,0.898810088634491,2.197054147720337,0,2,-196.3243983046957,1.0,1.7,3.3,0.8,0.0,1.0,3.3,0.33,3.0,15.0,0.0,1.0,0.0,0.0,,,,
1,Group stage,2026-06-26 00:00:00,Norway,France,0.8899530172348022,2.1747448444366455,0,2,-213.46919869659473,2.9,0.8,2.7,0.7,0.0,2.9,2.7,0.33,4.0,17.0,0.0,1.0,0.0,0.0,,,,
1,Group stage,2026-06-26 00:00:00,Senegal,Iraq,1.730267882347107,0.7880184054374695,1,1,165.86688077309304,1.6,0.9,1.0,1.2,0.0,1.6,1.0,0.33,4.0,2.0,0.0,1.0,0.0,0.0,,,,
1,Group stage,2026-06-26 00:00:00,Uruguay,Spain,0.8710755109786987,1.8951854705810547,5,1,-241.38096205736656,1.1,0.8,2.9,0.3,0.0,1.1,2.9,0.33,15.0,17.0,0.0,1.0,0.0,0.0,,,,
1,Group stage,2026-06-27 00:00:00,Algeria,Austria,1.1039378643035889,1.3254656791687012,1,2,-55.48133365956505,1.8,0.6,2.5,0.5,0.0,1.8,2.5,0.33,5.0,8.0,0.0,1.0,0.0,0.0,,,,
1,Group stage,2026-06-27 00:00:00,Colombia,Portugal,1.4529463052749634,1.2199333906173706,1,0,41.72053595535499,2.3,1.1,2.3,0.9,0.0,2.3,2.3,0.33,7.0,9.0,0.0,1.0,0.0,0.0,,,,
1,Group stage,2026-06-27 00:00:00,Croatia,Ghana,2.147078514099121,0.7537215948104858,2,0,355.81956977377286,2.0,0.9,1.4,1.6,0.0,2.0,1.4,0.33,7.0,5.0,0.0,1.0,0.0,0.0,,,,
1,Group stage,2026-06-27 00:00:00,DR Congo,Uzbekistan,1.164373755455017,0.9273124933242798,1,0,36.33133947322972,1.3,0.4,1.4,0.8,0.0,1.3,1.4,0.33,2.0,1.0,0.0,1.0,0.0,0.0,,,,
1,Group stage,2026-06-27 00:00:00,Jordan,Argentina,0.5179891586303711,2.655259847640991,1,5,-374.52204206376337,1.6,1.1,2.3,0.6,0.0,1.6,2.3,0.33,1.0,19.0,0.0,1.0,0.0,0.0,,,,
1,Group stage,2026-06-27 00:00:00,Panama,England,0.7534871697425842,2.098020076751709,2,3,-254.46894102871602,1.6,1.3,2.3,0.3,0.0,1.6,2.3,0.33,2.0,17.0,0.0,1.0,0.0,0.0,,,,
1,Round of 32,2026-06-28 19:00:00,Mexico,Canada,1.2378487586975098,0.9193849563598633,2,1,53.692954777705836,1.2,0.6,1.4,0.8,2.0,1.0,0.0,0.5,18.0,3.0,0.0,1.0,0.0,0.0,73.0,Mexico,Canada,False
1,Round of 32,2026-06-29 17:00:00,Morocco,Sweden,1.5509673357009888,0.9791771769523621,1,1,146.4400397396796,1.8,0.7,1.1,1.4,0.0,1.8,1.1,0.33,7.0,14.0,0.0,1.0,0.0,0.0,74.0,Morocco,Sweden,True
1,Round of 32,2026-06-29 20:30:00,Germany,Haiti,2.4754300117492676,0.6261526346206665,6,0,325.6388908720237,3.2,0.7,1.2,1.1,0.0,3.2,1.2,0.33,21.0,2.0,0.0,1.0,0.0,0.0,75.0,Germany,Haiti,False
1,Round of 32,2026-06-30 01:00:00,Japan,Brazil,1.3922488689422607,1.399904489517212,0,2,22.950762779793422,1.9,0.8,2.0,1.2,1.0,3.0,2.0,1.0,8.0,23.0,0.0,1.0,0.0,0.0,76.0,Brazil,Japan,False
1,Round of 32,2026-06-30 17:00:00,Ivory Coast,Senegal,1.000757098197937,1.3775913715362549,1,2,-102.19088068871429,1.7,0.9,1.6,0.9,1.0,1.0,1.0,0.0,4.0,4.0,0.0,1.0,0.0,0.0,77.0,Senegal,Ivory Coast,False
1,Round of 32,2026-06-30 21:00:00,France,United States,2.4224469661712646,0.9002078771591187,2,0,387.8668399682681,2.7,0.7,1.7,1.5,0.0,2.7,1.7,0.33,17.0,12.0,0.0,1.0,0.0,0.0,78.0,France,United States,False
1,Round of 32,2026-07-01 01:00:00,Czech Republic,Cape Verde,1.7711730003356934,0.8672003746032715,2,1,155.7768450104818,1.7,0.9,1.4,1.4,0.0,1.7,1.4,0.33,2.0,1.0,0.0,1.0,0.0,0.0,79.0,Czech Republic,Cape Verde,False
1,Round of 32,2026-07-01 16:00:00,England,Norway,2.0152525901794434,0.9071832895278931,3,3,168.0631186683088,2.4,0.5,2.8,1.0,0.0,2.4,2.8,0.33,17.0,4.0,0.0,1.0,0.0,0.0,80.0,Norway,England,True
1,Round of 32,2026-07-01 20:00:00,Belgium,South Africa,2.248797655105591,0.8086820840835571,1,1,269.6739146917457,2.9,0.8,1.7,1.7,0.0,2.9,1.7,0.33,15.0,4.0,0.0,1.0,0.0,0.0,81.0,Belgium,South Africa,True
1,Round of 32,2026-07-02 00:00:00,Australia,Algeria,1.3563176393508911,0.9131277799606323,2,1,120.98970559185705,1.4,0.9,1.8,0.7,0.0,1.4,1.8,0.33,7.0,5.0,0.0,1.0,0.0,0.0,82.0,Australia,Algeria,False
1,Round of 32,2026-07-02 19:00:00,Colombia,Croatia,1.250838279724121,1.1503204107284546,1,1,46.58405404859286,2.1,1.1,2.1,0.9,1.0,1.0,2.0,0.0,7.0,7.0,0.0,1.0,0.0,0.0,83.0,Croatia,Colombia,True
1,Round of 32,2026-07-02 23:00:00,Uruguay,Argentina,1.0474663972854614,1.4158596992492676,1,1,-72.71299282854147,1.3,0.9,2.7,0.6,2.0,1.0,0.5,0.5,15.0,19.0,0.0,1.0,0.0,0.0,84.0,Argentina,Uruguay,True
1,Round of 32,2026-07-03 03:00:00,Switzerland,Iran,1.7925740480422974,0.8410837650299072,2,1,175.34502380916138,2.1,0.8,1.3,0.7,0.0,2.1,1.3,0.33,13.0,7.0,0.0,1.0,0.0,0.0,85.0,Switzerland,Iran,False
1,Round of 32,2026-07-03 18:00:00,Paraguay,Egypt,1.3069045543670654,1.0606215000152588,0,0,56.78522895123069,1.1,1.2,1.7,0.9,0.0,1.1,1.7,0.33,9.0,4.0,0.0,1.0,0.0,0.0,86.0,Egypt,Paraguay,True
1,Round of 32,2026-07-03 22:00:00,Austria,Spain,1.0442345142364502,2.0047049522399902,0,2,-190.71395790945894,2.6,0.6,2.7,0.8,0.0,2.6,2.7,0.33,8.0,17.0,0.0,1.0,0.0,0.0,87.0,Spain,Austria,False
1,Round of 32,2026-07-04 01:30:00,DR Congo,Panama,1.5841925144195557,1.027944564819336,0,0,75.06828476689907,1.3,0.4,1.7,1.6,0.0,1.3,1.7,0.33,2.0,2.0,0.0,1.0,0.0,0.0,88.0,Panama,DR Congo,True
1,Round of 16,2026-07-04 17:00:00,Mexico,Germany,1.0398235321044922,1.7937699556350708,1,1,-108.43079088166633,1.4,0.7,3.5,0.6,1.0,2.0,2.0,0.0,18.0,21.0,0.0,1.0,0.0,0.0,89.0,Germany,Mexico,True
1,Round of 16,2026-07-04 21:00:00,Morocco,Senegal,1.5841766595840454,0.9552459120750427,4,0,79.34232762641227,1.6,0.8,1.5,1.0,1.0,3.0,0.0,1.0,7.0,4.0,0.0,1.0,0.0,0.0,90.0,Morocco,Senegal,False
1,Round of 16,2026-07-05 20:00:00,Brazil,France,1.0762710571289062,1.816271185874939,0,4,-97.29201973519753,2.2,1.1,2.7,0.6,1.0,1.0,2.0,0.0,23.0,17.0,0.0,1.0,0.0,0.0,91.0,France,Brazil,False
1,Round of 16,2026-07-06 00:00:00,Czech Republic,Norway,1.0845954418182373,1.4810889959335327,1,1,-117.60817615939482,1.8,0.9,2.0,1.2,1.0,2.0,1.0,1.0,2.0,4.0,0.0,1.0,0.0,0.0,92.0,Norway,Czech Republic,True
1,Round of 16,2026-07-06 19:00:00,Croatia,Argentina,0.953410804271698,1.8416376113891602,1,1,-139.5033495246812,1.8,1.0,2.5,0.7,1.0,0.0,3.0,0.0,7.0,19.0,0.0,1.0,0.0,0.0,93.0,Argentina,Croatia,True
1,Round of 16,2026-07-07 00:00:00,Belgium,Australia,1.2871816158294678,1.2214059829711914,1,0,-23.27512094960275,2.4,0.9,1.3,0.9,0.0,2.4,1.3,0.33,15.0,7.0,0.0,1.0,0.0,0.0,94.0,Belgium,Australia,False
1,Round of 16,2026-07-07 16:00:00,Egypt,Panama,1.577991008758545,1.100915789604187,0,3,40.39897451868137,1.7,0.9,1.6,1.5,0.0,1.7,1.6,0.33,4.0,2.0,0.0,1.0,0.0,0.0,95.0,Panama,Egypt,False
1,Round of 16,2026-07-07 20:00:00,Switzerland,Spain,1.034572720527649,1.6838629245758057,1,2,-151.434299990279,2.0,0.9,2.3,0.8,3.0,1.6666666666666667,2.6666666666666665,0.3333333333333333,13.0,17.0,0.0,1.0,0.0,0.0,96.0,Spain,Switzerland,False
1,Quarter-final,2026-07-09 20:00:00,Germany,Morocco,1.5494048595428467,1.0415955781936646,3,1,33.04346700453971,3.2,0.7,1.9,0.8,0.0,3.2,1.9,0.33,21.0,7.0,0.0,1.0,0.0,0.0,97.0,Germany,Morocco,False
1,Quarter-final,2026-07-10 19:00:00,Argentina,Belgium,2.150756359100342,1.0932834148406982,1,0,200.83896880520842,2.6,0.7,2.5,0.9,0.0,2.6,2.5,0.33,19.0,15.0,0.0,1.0,0.0,0.0,98.0,Argentina,Belgium,False
1,Quarter-final,2026-07-11 21:00:00,France,Norway,1.9360451698303223,0.8282674551010132,1,0,240.14034251262706,2.8,0.6,1.6,1.3,1.0,2.0,0.0,1.0,17.0,4.0,0.0,1.0,0.0,0.0,99.0,France,Norway,False
1,Quarter-final,2026-07-12 01:00:00,Panama,Spain,0.787875771522522,2.18756365776062,1,2,-266.37285367323125,1.6,1.3,2.3,0.9,0.0,1.6,2.3,0.33,2.0,17.0,0.0,1.0,0.0,0.0,100.0,Spain,Panama,False
1,Semi-final,2026-07-14 19:00:00,Germany,Argentina,1.2213847637176514,1.7807648181915283,1,0,-86.24198128466173,3.4,0.8,2.6,0.7,0.0,3.4,2.6,0.33,21.0,19.0,0.0,1.0,0.0,0.0,101.0,Germany,Argentina,False
1,Semi-final,2026-07-15 19:00:00,France,Spain,1.5380003452301025,1.4509344100952148,1,0,52.82070377260129,2.7,0.4,2.1,1.0,2.0,2.5,3.5,0.0,17.0,17.0,0.0,1.0,0.0,0.0,102.0,France,Spain,False
1,Third-place playoff,2026-07-18 21:00:00,Argentina,Spain,1.321542501449585,1.5019038915634155,2,2,5.503252758506051,2.0,0.8,1.7,1.1,0.0,2.0,1.7,0.33,19.0,17.0,0.0,1.0,0.0,0.0,103.0,Spain,Argentina,True
1,Final,2026-07-19 19:00:00,Germany,France,1.101991891860962,1.4308758974075317,1,1,-109.91232475821857,3.3,0.8,2.4,0.4,3.0,1.3333333333333333,1.0,0.6666666666666666,21.0,17.0,0.0,1.0,0.0,0.0,104.0,France,Germany,True
2,Group stage,2026-06-11 00:00:00,Mexico,South Africa,2.1329286098480225,0.6023440957069397,6,1,297.64561459530705,1.1,1.0,1.5,1.1,0.0,1.1,1.5,0.33,17.0,3.0,1.0,0.0,0.0,0.0,,,,
2,Group stage,2026-06-11 00:00:00,South Korea,Czech Republic,1.656619668006897,0.9059049487113953,0,0,98.40437375226111,1.5,1.2,1.8,1.2,0.0,1.5,1.8,0.33,11.0,1.0,0.0,1.0,0.0,0.0,,,,
2,Group stage,2026-06-12 00:00:00,Canada,Bosnia and Herzegovina,2.178720712661743,0.6230993866920471,1,0,252.19701310772894,1.1,0.4,2.1,1.1,0.0,1.1,2.1,0.33,2.0,1.0,1.0,0.0,0.0,0.0,,,,
2,Group stage,2026-06-12 00:00:00,United States,Paraguay,1.3273921012878418,1.1478886604309082,1,0,-90.4406608260008,1.7,1.6,1.0,1.0,1.0,2.0,1.0,1.0,11.0,8.0,1.0,0.0,0.0,0.0,,,,
2,Group stage,2026-06-13 00:00:00,Australia,Turkey,1.306311845779419,1.4813357591629028,1,3,-47.69773714089274,1.5,0.9,2.1,1.4,0.0,1.5,2.1,0.33,6.0,2.0,0.0,1.0,0.0,0.0,,,,
2,Group stage,2026-06-13 00:00:00,Brazil,Morocco,1.3794176578521729,1.0310763120651245,1,1,71.7854817950124,1.8,0.8,1.8,0.5,1.0,1.0,2.0,0.0,22.0,6.0,0.0,1.0,0.0,0.0,,,,
2,Group stage,2026-06-13 00:00:00,Haiti,Scotland,0.8986091017723083,1.6037302017211914,2,2,-128.96035980586862,1.2,1.1,1.8,1.2,0.0,1.2,1.8,0.33,1.0,8.0,0.0,1.0,0.0,0.0,,,,
2,Group stage,2026-06-13 00:00:00,Qatar,Switzerland,0.5497463941574097,2.393497943878174,1,2,-360.84472108477416,0.9,1.9,2.5,0.8,0.0,0.9,2.5,0.33,1.0,12.0,0.0,1.0,0.0,0.0,,,,
2,Group stage,2026-06-14 00:00:00,Germany,Curaçao,2.8003809452056885,0.6807331442832947,6,0,361.1352259778141,2.3,1.1,1.6,1.3,0.0,2.3,1.6,0.33,20.0,0.0,0.0,1.0,0.0,0.0,,,,
2,Group stage,2026-06-14 00:00:00,Ivory Coast,Ecuador,0.7578378915786743,1.6096333265304565,0,0,-219.15155902699053,2.0,0.7,0.7,0.4,0.0,2.0,0.7,0.33,3.0,4.0,0.0,1.0,0.0,0.0,,,,
2,Group stage,2026-06-14 00:00:00,Netherlands,Japan,1.4094085693359375,1.0377333164215088,2,0,19.05367466640928,3.0,0.6,1.8,0.7,0.0,3.0,1.8,0.33,11.0,7.0,0.0,1.0,0.0,0.0,,,,
2,Group stage,2026-06-14 00:00:00,Sweden,Tunisia,1.4389334917068481,1.2469319105148315,0,1,22.565366858667858,1.6,1.8,1.4,1.0,0.0,1.6,1.4,0.33,13.0,6.0,0.0,1.0,0.0,0.0,,,,
2,Group stage,2026-06-15 00:00:00,Belgium,Egypt,1.4515180587768555,0.9129274487495422,0,0,99.79242592327387,3.5,1.0,1.3,0.8,1.0,1.0,2.0,0.0,14.0,3.0,0.0,1.0,0.0,0.0,,,,
2,Group stage,2026-06-15 00:00:00,Iran,New Zealand,1.6201878786087036,0.738328218460083,2,0,142.34033556219924,1.6,0.7,0.9,1.5,0.0,1.6,0.9,0.33,6.0,2.0,0.0,1.0,0.0,0.0,,,,
2,Group stage,2026-06-15 00:00:00,Saudi Arabia,Uruguay,0.7248218059539795,1.7654508352279663,0,5,-283.38107610897714,0.9,1.3,1.0,0.9,0.0,0.9,1.0,0.33,6.0,14.0,0.0,1.0,0.0,0.0,,,,
2,Group stage,2026-06-15 00:00:00,Spain,Cape Verde,3.966179609298706,0.5665221810340881,6,0,563.2850614519855,3.1,0.8,1.7,1.0,0.0,3.1,1.7,0.33,16.0,0.0,0.0,1.0,0.0,0.0,,,,
2,Group stage,2026-06-16 00:00:00,Argentina,Algeria,2.156207323074341,0.7074368596076965,4,1,323.48300707879844,2.5,0.4,2.3,0.5,0.0,2.5,2.3,0.33,18.0,4.0,0.0,1.0,0.0,0.0,,,,
2,Group stage,2026-06-16 00:00:00,Austria,Jordan,2.314819097518921,0.9839795827865601,3,0,80.9944962008201,2.8,0.5,2.0,1.5,0.0,2.8,2.0,0.33,7.0,0.0,0.0,1.0,0.0,0.0,,,,
2,Group stage,2026-06-16 00:00:00,France,Senegal,2.243558645248413,0.8569515347480774,1,1,209.2497238875883,2.7,1.1,2.5,0.6,0.0,2.7,2.5,0.33,16.0,3.0,0.0,1.0,0.0,0.0,,,,
2,Group stage,2026-06-16 00:00:00,Iraq,Norway,0.7500935196876526,1.7158862352371216,0,1,-223.33641759859006,1.1,0.7,3.1,0.6,0.0,1.1,3.1,0.33,1.0,3.0,0.0,1.0,0.0,0.0,,,,
2,Group stage,2026-06-17 00:00:00,England,Croatia,1.630310297012329,1.0758646726608276,1,3,94.46756707201507,2.2,0.5,2.9,0.8,0.0,2.2,2.9,0.33,16.0,6.0,0.0,1.0,0.0,0.0,,,,
2,Group stage,2026-06-17 00:00:00,Ghana,Panama,0.8218146562576294,1.872027039527893,4,1,-237.5714618522527,1.5,1.3,1.3,0.8,0.0,1.5,1.3,0.33,4.0,1.0,0.0,1.0,0.0,0.0,,,,
2,Group stage,2026-06-17 00:00:00,Portugal,DR Congo,2.063178300857544,0.639021098613739,3,2,275.4864091486654,2.6,1.0,1.2,0.3,0.0,2.6,1.2,0.33,8.0,1.0,0.0,1.0,0.0,0.0,,,,
2,Group stage,2026-06-17 00:00:00,Uzbekistan,Colombia,0.7373384833335876,1.79137122631073,2,0,-213.1223064060914,1.5,0.7,2.1,1.0,0.0,1.5,2.1,0.33,0.0,6.0,0.0,1.0,0.0,0.0,,,,
2,Group stage,2026-06-18 00:00:00,Canada,Qatar,2.229724884033203,0.4308043420314789,0,1,329.2118321064054,1.0,0.4,1.0,1.8,1.0,2.0,0.0,1.0,3.0,2.0,1.0,0.0,0.0,0.0,,,,
2,Group stage,2026-06-18 00:00:00,Czech Republic,South Africa,1.6525542736053467,1.0052995681762695,3,1,136.91503586057092,1.6,1.2,1.5,1.6,0.0,1.6,1.5,0.33,2.0,4.0,0.0,1.0,0.0,0.0,,,,
2,Group stage,2026-06-18 00:00:00,Mexico,South Korea,1.622493028640747,0.8742263317108154,4,0,100.96824319972097,1.5,0.9,1.3,1.2,1.0,2.0,2.0,0.0,18.0,12.0,1.0,0.0,0.0,0.0,,,,
2,Group stage,2026-06-18 00:00:00,Switzerland,Bosnia and Herzegovina,2.391585350036621,0.7153053879737854,0,0,311.15256020962124,2.3,0.7,2.0,1.2,0.0,2.3,2.0,0.33,13.0,2.0,0.0,1.0,0.0,0.0,,,,
2,Group stage,2026-06-19 00:00:00,Brazil,Haiti,2.3727262020111084,0.6962081789970398,6,0,342.33448841443465,1.9,0.9,1.3,1.2,0.0,1.9,1.3,0.33,23.0,2.0,0.0,1.0,0.0,0.0,,,,
2,Group stage,2026-06-19 00:00:00,Scotland,Morocco,0.8882871866226196,1.6638104915618896,2,2,-175.11340108388777,1.9,1.1,1.6,0.4,0.0,1.9,1.6,0.33,9.0,7.0,0.0,1.0,0.0,0.0,,,,
2,Group stage,2026-06-19 00:00:00,Turkey,Paraguay,1.5786546468734741,0.9513007402420044,3,1,111.36531248268443,2.2,1.4,0.8,1.1,0.0,2.2,0.8,0.33,3.0,9.0,0.0,1.0,0.0,0.0,,,,
2,Group stage,2026-06-19 00:00:00,United States,Australia,1.5026439428329468,1.0604259967803955,2,1,-18.03727773078731,1.6,1.5,1.5,1.2,1.0,2.0,1.0,1.0,12.0,7.0,1.0,0.0,0.0,0.0,,,,
2,Group stage,2026-06-20 00:00:00,Ecuador,Curaçao,2.5072832107543945,0.6092014908790588,2,0,394.4705404605811,0.7,0.4,1.5,1.8,0.0,0.7,1.5,0.33,5.0,1.0,0.0,1.0,0.0,0.0,,,,
2,Group stage,2026-06-20 00:00:00,Germany,Ivory Coast,1.9550273418426514,0.8474416732788086,4,0,180.64930461101494,2.8,0.9,1.7,0.7,0.0,2.8,1.7,0.33,21.0,4.0,0.0,1.0,0.0,0.0,,,,
2,Group stage,2026-06-20 00:00:00,Netherlands,Sweden,2.4535577297210693,0.9236614108085632,5,1,313.9410470375726,3.0,0.6,1.4,1.9,0.0,3.0,1.4,0.33,12.0,14.0,0.0,1.0,0.0,0.0,,,,
2,Group stage,2026-06-20 00:00:00,Tunisia,Japan,0.9026086926460266,1.6721794605255127,0,0,-168.49204607083425,1.4,0.9,1.8,0.8,0.0,1.4,1.8,0.33,7.0,8.0,0.0,1.0,0.0,0.0,,,,
2,Group stage,2026-06-21 00:00:00,Belgium,Iran,1.3089052438735962,1.2498372793197632,0,0,-14.741171972790426,3.4,0.9,1.6,0.7,0.0,3.4,1.6,0.33,15.0,7.0,0.0,1.0,0.0,0.0,,,,
2,Group stage,2026-06-21 00:00:00,New Zealand,Egypt,1.0016988515853882,1.4347931146621704,1,1,-99.64277044097435,0.8,1.7,1.3,0.5,1.0,0.0,1.0,0.0,3.0,4.0,0.0,1.0,0.0,0.0,,,,
2,Group stage,2026-06-21 00:00:00,Spain,Saudi Arabia,3.3324155807495117,0.446502685546875,5,0,559.9979074630849,3.2,0.4,0.9,1.8,0.0,3.2,0.9,0.33,17.0,7.0,0.0,1.0,0.0,0.0,,,,
2,Group stage,2026-06-21 00:00:00,Uruguay,Cape Verde,2.350745439529419,0.6759136915206909,5,0,335.532740927928,1.5,0.7,1.4,1.6,0.0,1.5,1.4,0.33,15.0,1.0,0.0,1.0,0.0,0.0,,,,
2,Group stage,2026-06-22 00:00:00,Argentina,Austria,2.191462993621826,0.7876230478286743,1,1,283.32757279246994,2.5,0.4,2.9,0.4,0.0,2.5,2.9,0.33,19.0,8.0,0.0,1.0,0.0,0.0,,,,
2,Group stage,2026-06-22 00:00:00,France,Iraq,2.3854968547821045,0.5002785325050354,4,2,388.7210746627834,2.4,0.7,1.0,0.8,0.0,2.4,1.0,0.33,17.0,2.0,0.0,1.0,0.0,0.0,,,,
2,Group stage,2026-06-22 00:00:00,Jordan,Algeria,1.0252126455307007,1.6782195568084717,2,1,-93.55951086826781,1.8,1.5,1.9,0.8,0.0,1.8,1.9,0.33,1.0,5.0,0.0,1.0,0.0,0.0,,,,
2,Group stage,2026-06-22 00:00:00,Norway,Senegal,1.4025331735610962,1.0031976699829102,3,0,37.53658478684929,2.9,0.6,1.8,0.7,0.0,2.9,1.8,0.33,4.0,4.0,0.0,1.0,0.0,0.0,,,,
2,Group stage,2026-06-23 00:00:00,Colombia,DR Congo,1.9171174764633179,0.7628138065338135,1,0,222.07826289119248,2.1,1.2,1.3,0.6,0.0,2.1,1.3,0.33,7.0,2.0,0.0,1.0,0.0,0.0,,,,
2,Group stage,2026-06-23 00:00:00,England,Ghana,2.222670793533325,0.750980794429779,1,0,316.7879361547002,2.2,0.8,1.8,1.2,0.0,2.2,1.8,0.33,17.0,5.0,0.0,1.0,0.0,0.0,,,,
2,Group stage,2026-06-23 00:00:00,Panama,Croatia,0.8135685920715332,1.868581771850586,1,0,-266.0015068568546,1.4,1.2,2.5,0.9,0.0,1.4,2.5,0.33,2.0,7.0,0.0,1.0,0.0,0.0,,,,
2,Group stage,2026-06-23 00:00:00,Portugal,Uzbekistan,1.8574730157852173,0.8446226119995117,0,0,147.73965902922805,2.7,1.1,1.5,0.5,0.0,2.7,1.5,0.33,9.0,1.0,0.0,1.0,0.0,0.0,,,,
2,Group stage,2026-06-24 00:00:00,Bosnia and Herzegovina,Qatar,1.4895778894424438,1.1282734870910645,0,1,29.15231174142491,1.9,1.0,0.9,1.6,0.0,1.9,0.9,0.33,2.0,2.0,0.0,1.0,0.0,0.0,,,,
2,Group stage,2026-06-24 00:00:00,Canada,Switzerland,1.0938827991485596,0.9980025291442871,0,1,-78.89284065873153,0.9,0.4,1.9,0.7,0.0,0.9,1.9,0.33,3.0,13.0,1.0,0.0,0.0,0.0,,,,
2,Group stage,2026-06-24 00:00:00,Mexico,Czech Republic,1.907666563987732,0.7083675265312195,0,0,181.6022412620821,1.9,0.5,1.8,0.8,0.0,1.9,1.8,0.33,18.0,2.0,1.0,0.0,0.0,0.0,,,,
2,Group stage,2026-06-24 00:00:00,Morocco,Haiti,2.141263484954834,0.6753971576690674,1,0,284.4102422150156,1.6,0.6,1.2,1.6,0.0,1.6,1.2,0.33,7.0,2.0,0.0,1.0,0.0,0.0,,,,
2,Group stage,2026-06-24 00:00:00,Scotland,Brazil,0.9136537313461304,2.247842788696289,1,3,-236.31318404773992,1.7,1.3,2.4,0.9,0.0,1.7,2.4,0.33,9.0,23.0,0.0,1.0,0.0,0.0,,,,
2,Group stage,2026-06-24 00:00:00,South Africa,South Korea,0.9467369914054871,2.0842626094818115,0,1,-219.98269863225346,1.6,1.9,0.9,1.6,0.0,1.6,0.9,0.33,4.0,12.0,0.0,1.0,0.0,0.0,,,,
2,Group stage,2026-06-25 00:00:00,Curaçao,Ivory Coast,0.8694542050361633,1.9916437864303589,1,2,-187.87401784903773,1.4,1.8,1.7,1.0,0.0,1.4,1.7,0.33,1.0,4.0,0.0,1.0,0.0,0.0,,,,
2,Group stage,2026-06-25 00:00:00,Ecuador,Germany,1.0870516300201416,1.4326653480529785,1,0,-15.972480732538997,0.9,0.4,3.2,0.7,0.0,0.9,3.2,0.33,5.0,21.0,0.0,1.0,0.0,0.0,,,,
2,Group stage,2026-06-25 00:00:00,Japan,Sweden,2.0963878631591797,1.0450488328933716,0,0,212.17195359513562,1.2,0.8,1.1,2.1,0.0,1.2,1.1,0.33,8.0,14.0,0.0,1.0,0.0,0.0,,,,
2,Group stage,2026-06-25 00:00:00,Paraguay,Australia,1.2297825813293457,1.2449254989624023,1,0,6.054587940920783,0.9,1.3,1.4,1.3,0.0,0.9,1.4,0.33,9.0,7.0,0.0,1.0,0.0,0.0,,,,
2,Group stage,2026-06-25 00:00:00,Tunisia,Netherlands,0.7109683752059937,1.8277171850204468,0,0,-274.9688270502911,1.4,0.8,2.7,0.7,0.0,1.4,2.7,0.33,7.0,12.0,0.0,1.0,0.0,0.0,,,,
2,Group stage,2026-06-25 00:00:00,United States,Turkey,1.419194221496582,1.4084882736206055,1,3,-151.45561435209697,1.7,1.4,2.5,1.4,1.0,1.0,2.0,0.0,12.0,3.0,1.0,0.0,0.0,0.0,,,,
2,Group stage,2026-06-26 00:00:00,Cape Verde,Saudi Arabia,1.4298474788665771,1.5136950016021729,2,2,-23.470166721831447,1.3,2.0,0.8,2.3,0.0,1.3,0.8,0.33,1.0,7.0,0.0,1.0,0.0,0.0,,,,
2,Group stage,2026-06-26 00:00:00,Egypt,Iran,0.9447407126426697,1.3411977291107178,2,3,-104.86221203008677,1.2,0.5,1.4,0.5,0.0,1.2,1.4,0.33,4.0,7.0,0.0,1.0,0.0,0.0,,,,
2,Group stage,2026-06-26 00:00:00,New Zealand,Belgium,0.9290980696678162,1.8175715208053589,2,1,-175.55706088046372,0.8,1.6,3.0,0.6,0.0,0.8,3.0,0.33,3.0,15.0,0.0,1.0,0.0,0.0,,,,
2,Group stage,2026-06-26 00:00:00,Norway,France,1.191632866859436,1.7248706817626953,0,0,-101.2212259922253,3.1,0.6,2.6,0.9,0.0,3.1,2.6,0.33,4.0,17.0,0.0,1.0,0.0,0.0,,,,
2,Group stage,2026-06-26 00:00:00,Senegal,Iraq,1.770017147064209,0.8098355531692505,1,0,173.6189080687236,1.5,1.0,1.1,1.2,0.0,1.5,1.1,0.33,4.0,2.0,0.0,1.0,0.0,0.0,,,,
2,Group stage,2026-06-26 00:00:00,Uruguay,Spain,0.9166550040245056,2.4110963344573975,2,3,-226.7434005644675,1.8,0.7,3.5,0.2,0.0,1.8,3.5,0.33,15.0,17.0,0.0,1.0,0.0,0.0,,,,
2,Group stage,2026-06-27 00:00:00,Algeria,Austria,1.0520431995391846,1.5785586833953857,0,1,-126.45818762187923,1.8,1.0,2.6,0.5,0.0,1.8,2.6,0.33,5.0,8.0,0.0,1.0,0.0,0.0,,,,
2,Group stage,2026-06-27 00:00:00,Colombia,Portugal,1.2418750524520874,1.5208379030227661,2,0,-48.69545680795636,2.1,1.1,2.5,0.9,0.0,2.1,2.5,0.33,7.0,9.0,0.0,1.0,0.0,0.0,,,,
2,Group stage,2026-06-27 00:00:00,Croatia,Ghana,2.063753128051758,0.7539963126182556,2,2,295.214752961861,2.0,0.9,1.4,1.3,0.0,2.0,1.4,0.33,7.0,5.0,0.0,1.0,0.0,0.0,,,,
2,Group stage,2026-06-27 00:00:00,DR Congo,Uzbekistan,0.8116809129714966,1.4685304164886475,1,0,-173.25266776345893,1.2,0.7,1.5,0.5,0.0,1.2,1.5,0.33,2.0,1.0,0.0,1.0,0.0,0.0,,,,
2,Group stage,2026-06-27 00:00:00,Jordan,Argentina,0.5331267714500427,2.7100493907928467,1,2,-387.2114472881781,1.8,1.3,2.5,0.5,0.0,1.8,2.5,0.33,1.0,19.0,0.0,1.0,0.0,0.0,,,,
2,Group stage,2026-06-27 00:00:00,Panama,England,0.795915424823761,1.9955328702926636,1,2,-205.59299666996867,1.4,1.1,2.2,0.5,0.0,1.4,2.2,0.33,2.0,17.0,0.0,1.0,0.0,0.0,,,,
2,Round of 32,2026-06-28 19:00:00,Czech Republic,Qatar,1.704591155052185,0.7376784086227417,1,1,175.97105790627438,1.6,0.8,0.8,1.4,0.0,1.6,0.8,0.33,2.0,2.0,0.0,1.0,0.0,0.0,73.0,Czech Republic,Qatar,True
2,Round of 32,2026-06-29 17:00:00,Brazil,Tunisia,2.008862018585205,0.748991847038269,0,1,268.2071806080105,2.4,1.0,1.2,0.6,2.0,3.0,1.0,0.5,23.0,7.0,0.0,1.0,0.0,0.0,74.0,Tunisia,Brazil,False
2,Round of 32,2026-06-29 20:30:00,Ecuador,South Korea,1.5993170738220215,0.9186667799949646,1,1,185.99858677389238,1.0,0.4,0.8,1.6,0.0,1.0,0.8,0.33,5.0,12.0,0.0,1.0,0.0,0.0,75.0,Ecuador,South Korea,True
2,Round of 32,2026-06-30 01:00:00,Netherlands,Morocco,1.5555572509765625,0.9626516699790955,2,1,64.93077507246312,2.6,0.6,1.6,0.5,0.0,2.6,1.6,0.33,12.0,7.0,0.0,1.0,0.0,0.0,76.0,Netherlands,Morocco,False
2,Round of 32,2026-06-30 17:00:00,Germany,France,1.1101645231246948,1.4245940446853638,2,4,-129.21965933705246,3.2,0.6,2.4,0.9,3.0,1.3333333333333333,1.0,0.6666666666666666,21.0,17.0,0.0,1.0,0.0,0.0,77.0,France,Germany,False
2,Round of 32,2026-06-30 21:00:00,Norway,Paraguay,1.764958143234253,0.8671901226043701,3,0,156.3043292360237,3.0,0.6,1.0,1.3,0.0,3.0,1.0,0.33,4.0,9.0,0.0,1.0,0.0,0.0,78.0,Norway,Paraguay,False
2,Round of 32,2026-07-01 01:00:00,Mexico,Ivory Coast,1.6963762044906616,0.8288058042526245,1,1,175.1331453577111,1.8,0.4,1.7,1.1,0.0,1.8,1.7,0.33,18.0,4.0,0.0,1.0,0.0,0.0,79.0,Ivory Coast,Mexico,True
2,Round of 32,2026-07-01 16:00:00,England,Portugal,1.5242698192596436,1.1659256219863892,2,2,52.82862534878427,2.2,0.6,2.0,1.1,0.0,2.2,2.0,0.33,17.0,9.0,0.0,1.0,0.0,0.0,80.0,Portugal,England,True
2,Round of 32,2026-07-01 20:00:00,Iran,Senegal,1.1542024612426758,0.9747655391693115,2,0,19.5509744557844,1.7,0.6,1.5,0.9,1.0,1.0,1.0,0.0,7.0,4.0,0.0,1.0,0.0,0.0,81.0,Iran,Senegal,False
2,Round of 32,2026-07-02 00:00:00,Turkey,Canada,1.872627854347229,0.6740678548812866,1,0,251.92465093057217,2.5,1.3,0.6,0.5,0.0,2.5,0.6,0.33,3.0,3.0,0.0,1.0,0.0,0.0,82.0,Turkey,Canada,False
2,Round of 32,2026-07-02 19:00:00,Uzbekistan,Ghana,1.3729228973388672,0.8733145594596863,1,1,157.75222302427164,1.2,0.6,1.5,1.4,0.0,1.2,1.5,0.33,1.0,5.0,0.0,1.0,0.0,0.0,83.0,Uzbekistan,Ghana,True
2,Round of 32,2026-07-02 23:00:00,Spain,Austria,2.2372591495513916,0.7352997660636902,3,0,294.31864181636524,3.5,0.4,2.6,0.5,0.0,3.5,2.6,0.33,17.0,8.0,0.0,1.0,0.0,0.0,84.0,Spain,Austria,False
2,Round of 32,2026-07-03 03:00:00,Switzerland,Jordan,1.8742669820785522,0.7943817377090454,2,0,172.17409870452911,1.6,0.7,1.7,1.4,0.0,1.6,1.7,0.33,13.0,1.0,0.0,1.0,0.0,0.0,85.0,Switzerland,Jordan,False
2,Round of 32,2026-07-03 18:00:00,United States,New Zealand,1.55366849899292,1.0873104333877563,3,0,66.86510893772493,1.8,1.5,1.0,1.6,1.0,1.0,1.0,0.0,12.0,3.0,0.0,1.0,0.0,0.0,86.0,United States,New Zealand,False
2,Round of 32,2026-07-03 22:00:00,Argentina,Uruguay,1.637707233428955,1.0886969566345215,1,6,187.28234563531805,2.6,0.5,1.7,1.0,2.0,0.5,1.0,0.5,19.0,15.0,0.0,1.0,0.0,0.0,87.0,Uruguay,Argentina,False
2,Round of 32,2026-07-04 01:30:00,Colombia,Croatia,1.4334343671798706,1.1194108724594116,0,0,74.05472854153618,2.0,1.1,2.1,1.1,1.0,1.0,2.0,0.0,7.0,7.0,0.0,1.0,0.0,0.0,88.0,Croatia,Colombia,True
2,Round of 16,2026-07-04 17:00:00,Czech Republic,Ecuador,0.7710241675376892,1.5857391357421875,0,3,-205.2335543878953,1.6,0.8,1.0,0.5,0.0,1.6,1.0,0.33,2.0,5.0,0.0,1.0,0.0,0.0,89.0,Ecuador,Czech Republic,False
2,Round of 16,2026-07-04 21:00:00,Tunisia,France,0.783280611038208,1.8157192468643188,0,0,-287.07833552165243,1.0,0.6,2.6,1.0,1.0,1.0,0.0,1.0,7.0,17.0,0.0,1.0,0.0,0.0,90.0,France,Tunisia,True
2,Round of 16,2026-07-05 20:00:00,Netherlands,Norway,1.267629623413086,1.191501498222351,2,1,6.211804438366698,2.5,0.5,2.2,0.5,1.0,2.0,1.0,1.0,12.0,4.0,0.0,1.0,0.0,0.0,91.0,Netherlands,Norway,False
2,Round of 16,2026-07-06 00:00:00,Ivory Coast,Portugal,0.9640225768089294,1.7450140714645386,2,1,-182.68217830444064,1.7,1.2,1.9,1.1,0.0,1.7,1.9,0.33,4.0,9.0,0.0,1.0,0.0,0.0,92.0,Ivory Coast,Portugal,False
2,Round of 16,2026-07-06 19:00:00,Uzbekistan,Spain,0.5099496841430664,2.659546375274658,1,2,-369.43794995579583,1.1,0.7,3.2,0.4,0.0,1.1,3.2,0.33,1.0,17.0,0.0,1.0,0.0,0.0,93.0,Spain,Uzbekistan,False
2,Round of 16,2026-07-07 00:00:00,Iran,Turkey,1.1020578145980835,1.3090229034423828,1,0,-99.03941483277163,1.6,0.6,2.6,0.7,0.0,1.6,2.6,0.33,7.0,3.0,0.0,1.0,0.0,0.0,94.0,Iran,Turkey,False
2,Round of 16,2026-07-07 16:00:00,United States,Croatia,1.0885788202285767,1.7153185606002808,3,1,-129.99072369798705,1.9,1.5,1.7,1.1,0.0,1.9,1.7,0.33,12.0,7.0,0.0,1.0,0.0,0.0,95.0,United States,Croatia,False
2,Round of 16,2026-07-07 20:00:00,Switzerland,Uruguay,1.1012611389160156,1.6097872257232666,0,0,-104.58994868452828,1.5,0.7,2.3,1.1,0.0,1.5,2.3,0.33,13.0,15.0,0.0,1.0,0.0,0.0,96.0,Uruguay,Switzerland,True
2,Quarter-final,2026-07-09 20:00:00,Ecuador,France,1.0204049348831177,1.4199941158294678,2,2,-81.1062892946261,1.2,0.4,2.3,1.0,0.0,1.2,2.3,0.33,5.0,17.0,0.0,1.0,0.0,0.0,97.0,France,Ecuador,True
2,Quarter-final,2026-07-10 19:00:00,Spain,Iran,1.9445905685424805,0.709696352481842,0,0,254.3665896859768,3.2,0.5,1.6,0.4,0.0,3.2,1.6,0.33,17.0,7.0,0.0,1.0,0.0,0.0,98.0,Iran,Spain,True
2,Quarter-final,2026-07-11 21:00:00,Netherlands,Ivory Coast,1.9924806356430054,0.7917231321334839,2,1,215.4476531307564,2.3,0.6,1.8,1.2,0.0,2.3,1.8,0.33,12.0,4.0,0.0,1.0,0.0,0.0,99.0,Netherlands,Ivory Coast,False
2,Quarter-final,2026-07-12 01:00:00,United States,Uruguay,1.1644991636276245,1.7205688953399658,0,0,-165.40478618806787,2.1,1.5,2.2,1.1,2.0,2.5,1.0,0.5,12.0,15.0,0.0,1.0,0.0,0.0,100.0,United States,Uruguay,True
2,Semi-final,2026-07-14 19:00:00,France,Iran,1.625306248664856,0.9080505967140198,2,1,120.495488199379,2.3,1.0,1.4,0.4,0.0,2.3,1.4,0.33,17.0,7.0,0.0,1.0,0.0,0.0,101.0,France,Iran,False
2,Semi-final,2026-07-15 19:00:00,Netherlands,United States,1.6415785551071167,1.105972170829773,1,3,134.7452747903519,2.1,0.7,1.9,1.4,1.0,3.0,1.0,1.0,12.0,12.0,0.0,1.0,0.0,0.0,102.0,United States,Netherlands,False
2,Third-place playoff,2026-07-18 21:00:00,Iran,Netherlands,1.0872949361801147,1.1714626550674438,0,2,-12.376053947265746,1.5,0.6,2.1,0.9,0.0,1.5,2.1,0.33,7.0,12.0,0.0,1.0,0.0,0.0,103.0,Netherlands,Iran,False
2,Final,2026-07-19 19:00:00,France,United States,1.7894901037216187,1.0879853963851929,3,1,159.59812488332454,2.1,1.1,2.0,1.4,0.0,2.1,2.0,0.33,17.0,12.0,0.0,1.0,0.0,0.0,104.0,France,United States,False
3,Group stage,2026-06-11 00:00:00,Mexico,South Africa,2.1329286098480225,0.6023440957069397,3,1,297.64561459530705,1.1,1.0,1.5,1.1,0.0,1.1,1.5,0.33,17.0,3.0,1.0,0.0,0.0,0.0,,,,
3,Group stage,2026-06-11 00:00:00,South Korea,Czech Republic,1.656619668006897,0.9059049487113953,0,1,98.40437375226111,1.5,1.2,1.8,1.2,0.0,1.5,1.8,0.33,11.0,1.0,0.0,1.0,0.0,0.0,,,,
3,Group stage,2026-06-12 00:00:00,Canada,Bosnia and Herzegovina,2.178720712661743,0.6230993866920471,1,0,252.19701310772894,1.1,0.4,2.1,1.1,0.0,1.1,2.1,0.33,2.0,1.0,1.0,0.0,0.0,0.0,,,,
3,Group stage,2026-06-12 00:00:00,United States,Paraguay,1.3273921012878418,1.1478886604309082,2,1,-90.4406608260008,1.7,1.6,1.0,1.0,1.0,2.0,1.0,1.0,11.0,8.0,1.0,0.0,0.0,0.0,,,,
3,Group stage,2026-06-13 00:00:00,Australia,Turkey,1.306311845779419,1.4813357591629028,2,1,-47.69773714089274,1.5,0.9,2.1,1.4,0.0,1.5,2.1,0.33,6.0,2.0,0.0,1.0,0.0,0.0,,,,
3,Group stage,2026-06-13 00:00:00,Brazil,Morocco,1.3794176578521729,1.0310763120651245,2,2,71.7854817950124,1.8,0.8,1.8,0.5,1.0,1.0,2.0,0.0,22.0,6.0,0.0,1.0,0.0,0.0,,,,
3,Group stage,2026-06-13 00:00:00,Haiti,Scotland,0.8986091017723083,1.6037302017211914,2,2,-128.96035980586862,1.2,1.1,1.8,1.2,0.0,1.2,1.8,0.33,1.0,8.0,0.0,1.0,0.0,0.0,,,,
3,Group stage,2026-06-13 00:00:00,Qatar,Switzerland,0.5497463941574097,2.393497943878174,1,4,-360.84472108477416,0.9,1.9,2.5,0.8,0.0,0.9,2.5,0.33,1.0,12.0,0.0,1.0,0.0,0.0,,,,
3,Group stage,2026-06-14 00:00:00,Germany,Curaçao,2.8003809452056885,0.6807331442832947,3,0,361.1352259778141,2.3,1.1,1.6,1.3,0.0,2.3,1.6,0.33,20.0,0.0,0.0,1.0,0.0,0.0,,,,
3,Group stage,2026-06-14 00:00:00,Ivory Coast,Ecuador,0.7578378915786743,1.6096333265304565,0,3,-219.15155902699053,2.0,0.7,0.7,0.4,0.0,2.0,0.7,0.33,3.0,4.0,0.0,1.0,0.0,0.0,,,,
3,Group stage,2026-06-14 00:00:00,Netherlands,Japan,1.4094085693359375,1.0377333164215088,1,2,19.05367466640928,3.0,0.6,1.8,0.7,0.0,3.0,1.8,0.33,11.0,7.0,0.0,1.0,0.0,0.0,,,,
3,Group stage,2026-06-14 00:00:00,Sweden,Tunisia,1.4389334917068481,1.2469319105148315,1,0,22.565366858667858,1.6,1.8,1.4,1.0,0.0,1.6,1.4,0.33,13.0,6.0,0.0,1.0,0.0,0.0,,,,
3,Group stage,2026-06-15 00:00:00,Belgium,Egypt,1.4515180587768555,0.9129274487495422,0,0,99.79242592327387,3.5,1.0,1.3,0.8,1.0,1.0,2.0,0.0,14.0,3.0,0.0,1.0,0.0,0.0,,,,
3,Group stage,2026-06-15 00:00:00,Iran,New Zealand,1.6201878786087036,0.738328218460083,2,1,142.34033556219924,1.6,0.7,0.9,1.5,0.0,1.6,0.9,0.33,6.0,2.0,0.0,1.0,0.0,0.0,,,,
3,Group stage,2026-06-15 00:00:00,Saudi Arabia,Uruguay,0.7248218059539795,1.7654508352279663,2,3,-283.38107610897714,0.9,1.3,1.0,0.9,0.0,0.9,1.0,0.33,6.0,14.0,0.0,1.0,0.0,0.0,,,,
3,Group stage,2026-06-15 00:00:00,Spain,Cape Verde,3.966179609298706,0.5665221810340881,1,0,563.2850614519855,3.1,0.8,1.7,1.0,0.0,3.1,1.7,0.33,16.0,0.0,0.0,1.0,0.0,0.0,,,,
3,Group stage,2026-06-16 00:00:00,Argentina,Algeria,2.156207323074341,0.7074368596076965,5,1,323.48300707879844,2.5,0.4,2.3,0.5,0.0,2.5,2.3,0.33,18.0,4.0,0.0,1.0,0.0,0.0,,,,
3,Group stage,2026-06-16 00:00:00,Austria,Jordan,2.314819097518921,0.9839795827865601,2,6,80.9944962008201,2.8,0.5,2.0,1.5,0.0,2.8,2.0,0.33,7.0,0.0,0.0,1.0,0.0,0.0,,,,
3,Group stage,2026-06-16 00:00:00,France,Senegal,2.243558645248413,0.8569515347480774,2,1,209.2497238875883,2.7,1.1,2.5,0.6,0.0,2.7,2.5,0.33,16.0,3.0,0.0,1.0,0.0,0.0,,,,
3,Group stage,2026-06-16 00:00:00,Iraq,Norway,0.7500935196876526,1.7158862352371216,0,2,-223.33641759859006,1.1,0.7,3.1,0.6,0.0,1.1,3.1,0.33,1.0,3.0,0.0,1.0,0.0,0.0,,,,
3,Group stage,2026-06-17 00:00:00,England,Croatia,1.630310297012329,1.0758646726608276,2,0,94.46756707201507,2.2,0.5,2.9,0.8,0.0,2.2,2.9,0.33,16.0,6.0,0.0,1.0,0.0,0.0,,,,
3,Group stage,2026-06-17 00:00:00,Ghana,Panama,0.8218146562576294,1.872027039527893,0,2,-237.5714618522527,1.5,1.3,1.3,0.8,0.0,1.5,1.3,0.33,4.0,1.0,0.0,1.0,0.0,0.0,,,,
3,Group stage,2026-06-17 00:00:00,Portugal,DR Congo,2.063178300857544,0.639021098613739,1,0,275.4864091486654,2.6,1.0,1.2,0.3,0.0,2.6,1.2,0.33,8.0,1.0,0.0,1.0,0.0,0.0,,,,
3,Group stage,2026-06-17 00:00:00,Uzbekistan,Colombia,0.7373384833335876,1.79137122631073,1,0,-213.1223064060914,1.5,0.7,2.1,1.0,0.0,1.5,2.1,0.33,0.0,6.0,0.0,1.0,0.0,0.0,,,,
3,Group stage,2026-06-18 00:00:00,Canada,Qatar,2.399719715118408,0.43197429180145264,4,0,334.2218513338994,1.0,0.4,1.0,2.0,1.0,2.0,0.0,1.0,3.0,2.0,1.0,0.0,0.0,0.0,,,,
3,Group stage,2026-06-18 00:00:00,Czech Republic,South Africa,1.6493496894836426,0.9162935614585876,2,1,164.1539740003202,1.7,1.2,1.5,1.3,0.0,1.7,1.5,0.33,2.0,4.0,0.0,1.0,0.0,0.0,,,,
3,Group stage,2026-06-18 00:00:00,Mexico,South Korea,1.6653356552124023,0.950116753578186,1,1,128.20718133947025,1.2,0.9,1.3,1.3,1.0,2.0,2.0,0.0,18.0,12.0,1.0,0.0,0.0,0.0,,,,
3,Group stage,2026-06-18 00:00:00,Switzerland,Bosnia and Herzegovina,2.401465892791748,0.7085369825363159,6,2,316.16257943711526,2.5,0.7,2.0,1.2,0.0,2.5,2.0,0.33,13.0,2.0,0.0,1.0,0.0,0.0,,,,
3,Group stage,2026-06-19 00:00:00,Brazil,Haiti,2.3774404525756836,0.7221805453300476,2,1,342.33448841443465,2.0,1.0,1.3,1.2,0.0,2.0,1.3,0.33,23.0,2.0,0.0,1.0,0.0,0.0,,,,
3,Group stage,2026-06-19 00:00:00,Scotland,Morocco,0.8921706080436707,1.6893069744110107,3,3,-175.11340108388777,1.9,1.1,1.7,0.5,0.0,1.9,1.7,0.33,9.0,7.0,0.0,1.0,0.0,0.0,,,,
3,Group stage,2026-06-19 00:00:00,Turkey,Paraguay,1.3792881965637207,1.1681857109069824,1,1,38.411748919090314,2.0,1.5,0.9,1.2,0.0,2.0,0.9,0.33,3.0,9.0,0.0,1.0,0.0,0.0,,,,
3,Group stage,2026-06-19 00:00:00,United States,Australia,1.348265290260315,1.1738361120224,0,1,-90.99084129438143,1.7,1.6,1.6,1.0,1.0,2.0,1.0,1.0,12.0,7.0,1.0,0.0,0.0,0.0,,,,
3,Group stage,2026-06-20 00:00:00,Ecuador,Curaçao,2.6830432415008545,0.5952373147010803,0,0,431.9011689527406,1.0,0.4,1.5,1.5,0.0,1.0,1.5,0.33,5.0,1.0,0.0,1.0,0.0,0.0,,,,
3,Group stage,2026-06-20 00:00:00,Germany,Ivory Coast,2.1000988483428955,0.8041180372238159,2,2,218.07993310317443,2.5,0.9,1.7,1.0,0.0,2.5,1.7,0.33,21.0,4.0,0.0,1.0,0.0,0.0,,,,
3,Group stage,2026-06-20 00:00:00,Netherlands,Sweden,2.2778677940368652,1.0776644945144653,3,1,179.76283661348316,2.9,0.8,1.5,1.8,0.0,2.9,1.5,0.33,12.0,14.0,0.0,1.0,0.0,0.0,,,,
3,Group stage,2026-06-20 00:00:00,Tunisia,Japan,0.6855072379112244,1.8884687423706055,0,2,-302.6702564949237,1.3,1.0,2.0,0.7,0.0,1.3,2.0,0.33,7.0,8.0,0.0,1.0,0.0,0.0,,,,
3,Group stage,2026-06-21 00:00:00,Belgium,Iran,1.3057750463485718,1.2585464715957642,2,1,-5.5642932894641035,3.4,0.9,1.6,0.8,0.0,3.4,1.6,0.33,15.0,7.0,0.0,1.0,0.0,0.0,,,,
3,Group stage,2026-06-21 00:00:00,New Zealand,Egypt,0.9973556399345398,1.3824152946472168,0,1,-90.46589175764802,0.9,1.7,1.3,0.5,1.0,0.0,1.0,0.0,3.0,4.0,0.0,1.0,0.0,0.0,,,,
3,Group stage,2026-06-21 00:00:00,Spain,Saudi Arabia,2.9868061542510986,0.5635157227516174,1,0,547.6407937792978,2.7,0.4,1.1,1.6,0.0,2.7,1.1,0.33,17.0,7.0,0.0,1.0,0.0,0.0,,,,
3,Group stage,2026-06-21 00:00:00,Uruguay,Cape Verde,2.250551700592041,0.673941433429718,3,1,323.17562724414097,1.3,0.9,1.4,1.1,0.0,1.3,1.4,0.33,15.0,1.0,0.0,1.0,0.0,0.0,,,,
3,Group stage,2026-06-22 00:00:00,Argentina,Austria,2.5468575954437256,0.7506912350654602,4,0,393.94469961554955,2.6,0.4,2.8,1.0,0.0,2.6,2.8,0.33,19.0,8.0,0.0,1.0,0.0,0.0,,,,
3,Group stage,2026-06-22 00:00:00,France,Iraq,2.612405776977539,0.47479090094566345,4,1,425.21888795390214,2.5,0.7,1.0,0.9,0.0,2.5,1.0,0.33,17.0,2.0,0.0,1.0,0.0,0.0,,,,
3,Group stage,2026-06-22 00:00:00,Jordan,Algeria,1.2812278270721436,1.2872482538223267,0,0,17.05761595481181,2.4,1.4,1.9,0.9,0.0,2.4,1.9,0.33,1.0,5.0,0.0,1.0,0.0,0.0,,,,
3,Group stage,2026-06-22 00:00:00,Norway,Senegal,1.6046487092971802,0.979275643825531,2,1,74.03439807796804,3.0,0.6,1.8,0.8,0.0,3.0,1.8,0.33,4.0,4.0,0.0,1.0,0.0,0.0,,,,
3,Group stage,2026-06-23 00:00:00,Colombia,DR Congo,1.8745135068893433,0.7215000987052917,3,1,245.2761641797906,2.1,1.1,1.1,0.4,0.0,2.1,1.1,0.33,7.0,2.0,0.0,1.0,0.0,0.0,,,,
3,Group stage,2026-06-23 00:00:00,England,Ghana,2.7920682430267334,0.7158810496330261,2,0,508.74274823022756,2.3,0.5,1.4,1.3,0.0,2.3,1.4,0.33,17.0,5.0,0.0,1.0,0.0,0.0,,,,
3,Group stage,2026-06-23 00:00:00,Panama,Croatia,1.0846474170684814,1.393350601196289,0,2,-74.04669478132723,1.5,0.8,2.2,1.0,0.0,1.5,2.2,0.33,2.0,7.0,0.0,1.0,0.0,0.0,,,,
3,Group stage,2026-06-23 00:00:00,Portugal,Uzbekistan,1.9149106740951538,0.8302513957023621,4,0,170.93756031782618,2.5,0.9,1.4,0.5,0.0,2.5,1.4,0.33,9.0,1.0,0.0,1.0,0.0,0.0,,,,
3,Group stage,2026-06-24 00:00:00,Bosnia and Herzegovina,Qatar,2.117992401123047,1.2070598602294922,1,1,60.91296833010597,2.1,1.6,0.8,2.2,0.0,2.1,0.8,0.33,2.0,2.0,0.0,1.0,0.0,0.0,,,,
3,Group stage,2026-06-24 00:00:00,Canada,Switzerland,1.2218327522277832,1.042733073234558,0,0,-57.152222525038496,1.3,0.3,2.7,0.9,0.0,1.3,2.7,0.33,3.0,13.0,1.0,0.0,0.0,0.0,,,,
3,Group stage,2026-06-24 00:00:00,Mexico,Czech Republic,1.6260555982589722,0.715201199054718,1,0,115.97631398085218,1.3,0.6,1.8,0.8,0.0,1.3,1.8,0.33,18.0,2.0,1.0,0.0,0.0,0.0,,,,
3,Group stage,2026-06-24 00:00:00,Morocco,Haiti,1.9987831115722656,0.7003327012062073,2,0,276.153600356183,1.8,0.8,1.3,1.2,0.0,1.8,1.3,0.33,7.0,2.0,0.0,1.0,0.0,0.0,,,,
3,Group stage,2026-06-24 00:00:00,Scotland,Brazil,0.8776344656944275,2.261727809906006,0,2,-228.05654218890731,1.8,1.4,2.1,1.1,0.0,1.8,2.1,0.33,9.0,23.0,0.0,1.0,0.0,0.0,,,,
3,Group stage,2026-06-24 00:00:00,South Africa,South Korea,0.8874760270118713,1.9241633415222168,2,0,-220.08650219298192,1.6,1.5,1.0,1.4,0.0,1.6,1.0,0.33,4.0,12.0,0.0,1.0,0.0,0.0,,,,
3,Group stage,2026-06-25 00:00:00,Curaçao,Ivory Coast,0.9447045922279358,1.7533525228500366,0,1,-157.7041124267662,1.4,1.3,1.9,1.1,0.0,1.4,1.9,0.33,1.0,4.0,0.0,1.0,0.0,0.0,,,,
3,Group stage,2026-06-25 00:00:00,Ecuador,Germany,1.2177577018737793,1.2816321849822998,3,1,38.724028187898966,1.0,0.4,2.7,0.9,0.0,1.0,2.7,0.33,5.0,21.0,0.0,1.0,0.0,0.0,,,,
3,Group stage,2026-06-25 00:00:00,Japan,Sweden,1.9390994310379028,0.8892697095870972,1,3,261.00204405517184,1.6,0.7,1.2,1.8,0.0,1.6,1.2,0.33,8.0,14.0,0.0,1.0,0.0,0.0,,,,
3,Group stage,2026-06-25 00:00:00,Paraguay,Australia,0.9881855845451355,1.3487517833709717,2,2,-86.3742072968555,1.0,1.2,1.5,0.9,0.0,1.0,1.5,0.33,9.0,7.0,0.0,1.0,0.0,0.0,,,,
3,Group stage,2026-06-25 00:00:00,Tunisia,Netherlands,0.7325369119644165,1.9367800951004028,1,1,-295.4424966621484,1.3,1.1,2.4,0.9,0.0,1.3,2.4,0.33,7.0,12.0,0.0,1.0,0.0,0.0,,,,
3,Group stage,2026-06-25 00:00:00,United States,Turkey,1.431883692741394,1.3186391592025757,0,2,-97.97728246268503,1.6,1.5,2.1,1.5,1.0,1.0,2.0,0.0,12.0,3.0,1.0,0.0,0.0,0.0,,,,
3,Group stage,2026-06-26 00:00:00,Cape Verde,Saudi Arabia,1.2239434719085693,1.3383920192718506,1,3,-29.81580388523048,1.4,1.3,1.0,1.7,0.0,1.4,1.0,0.33,1.0,7.0,0.0,1.0,0.0,0.0,,,,
3,Group stage,2026-06-26 00:00:00,Egypt,Iran,1.0206117630004883,1.1662129163742065,0,1,-35.74111723920214,1.2,0.4,1.5,0.8,0.0,1.2,1.5,0.33,4.0,7.0,0.0,1.0,0.0,0.0,,,,
3,Group stage,2026-06-26 00:00:00,New Zealand,Belgium,0.816727876663208,2.151664972305298,1,2,-226.3243983046957,0.8,1.6,3.2,0.7,0.0,0.8,3.2,0.33,3.0,15.0,0.0,1.0,0.0,0.0,,,,
3,Group stage,2026-06-26 00:00:00,Norway,France,1.1673402786254883,1.8239227533340454,1,1,-147.5514931961361,3.1,0.7,2.7,0.8,0.0,3.1,2.7,0.33,4.0,17.0,0.0,1.0,0.0,0.0,,,,
3,Group stage,2026-06-26 00:00:00,Senegal,Iraq,1.771307349205017,0.7722688913345337,1,1,172.9448018548719,1.6,1.0,1.0,1.3,0.0,1.6,1.0,0.33,4.0,2.0,0.0,1.0,0.0,0.0,,,,
3,Group stage,2026-06-26 00:00:00,Uruguay,Spain,0.8640373945236206,1.9699758291244507,0,4,-234.96100047687378,1.4,1.0,2.6,0.2,0.0,1.4,2.6,0.33,15.0,17.0,0.0,1.0,0.0,0.0,,,,
3,Group stage,2026-06-27 00:00:00,Algeria,Austria,1.4637916088104248,1.248647689819336,3,0,52.236707968164865,1.7,0.9,2.4,1.4,0.0,1.7,2.4,0.33,5.0,8.0,0.0,1.0,0.0,0.0,,,,
3,Group stage,2026-06-27 00:00:00,Colombia,Portugal,1.2102452516555786,1.5056334733963013,0,2,-63.58429001983609,2.3,1.1,2.7,0.7,0.0,2.3,2.7,0.33,7.0,9.0,0.0,1.0,0.0,0.0,,,,
3,Group stage,2026-06-27 00:00:00,Croatia,Ghana,2.263624906539917,0.5682070255279541,4,1,388.2808445566052,1.9,0.9,1.0,1.5,0.0,1.9,1.0,0.33,7.0,5.0,0.0,1.0,0.0,0.0,,,,
3,Group stage,2026-06-27 00:00:00,DR Congo,Uzbekistan,0.9648945927619934,1.318421483039856,1,1,-111.96803197438294,1.1,0.7,1.4,0.9,0.0,1.1,1.4,0.33,2.0,1.0,0.0,1.0,0.0,0.0,,,,
3,Group stage,2026-06-27 00:00:00,Jordan,Argentina,0.5719888806343079,3.1161367893218994,0,6,-348.705780851825,2.2,1.1,2.9,0.4,0.0,2.2,2.9,0.33,1.0,19.0,0.0,1.0,0.0,0.0,,,,
3,Group stage,2026-06-27 00:00:00,Panama,England,0.6230493783950806,2.028938055038452,1,1,-274.7494641136582,1.4,0.9,2.4,0.2,0.0,1.4,2.4,0.33,2.0,17.0,0.0,1.0,0.0,0.0,,,,
3,Round of 32,2026-06-28 19:00:00,Czech Republic,Canada,0.9679007530212402,1.157295823097229,0,1,-85.12703277630226,1.6,0.9,1.0,0.3,0.0,1.6,1.0,0.33,2.0,3.0,0.0,1.0,0.0,0.0,73.0,Canada,Czech Republic,False
3,Round of 32,2026-06-29 17:00:00,Brazil,Japan,1.5445195436477661,0.977115273475647,2,0,111.47055500810347,2.0,1.1,1.7,1.0,1.0,2.0,3.0,0.0,23.0,8.0,0.0,1.0,0.0,0.0,74.0,Brazil,Japan,False
3,Round of 32,2026-06-29 20:30:00,Ecuador,Netherlands,1.2738399505615234,1.0502541065216064,1,1,71.82643492558623,1.3,0.5,2.4,0.9,2.0,1.0,1.0,0.0,5.0,12.0,0.0,1.0,0.0,0.0,75.0,Netherlands,Ecuador,True
3,Round of 32,2026-06-30 01:00:00,Sweden,Morocco,1.0400385856628418,1.7265347242355347,1,0,-140.5512074001242,1.3,1.7,1.9,0.7,0.0,1.3,1.9,0.33,14.0,7.0,0.0,1.0,0.0,0.0,76.0,Sweden,Morocco,False
3,Round of 32,2026-06-30 17:00:00,Germany,Norway,1.3882217407226562,1.487833023071289,0,1,-89.07924383931254,2.8,1.0,3.1,0.8,0.0,2.8,3.1,0.33,21.0,4.0,0.0,1.0,0.0,0.0,77.0,Norway,Germany,False
3,Round of 32,2026-06-30 21:00:00,France,Saudi Arabia,2.7166504859924316,0.7928604483604431,4,2,430.82548333938666,2.6,0.9,1.3,1.6,0.0,2.6,1.3,0.33,17.0,7.0,0.0,1.0,0.0,0.0,78.0,France,Saudi Arabia,False
3,Round of 32,2026-07-01 01:00:00,Mexico,Ivory Coast,1.4850233793258667,0.8727195262908936,1,0,153.50211788502838,1.3,0.5,1.8,1.1,0.0,1.3,1.8,0.33,18.0,4.0,0.0,1.0,0.0,0.0,79.0,Mexico,Ivory Coast,False
3,Round of 32,2026-07-01 16:00:00,England,Colombia,1.7003306150436401,0.9435631036758423,3,1,111.74790049259968,2.3,0.3,2.0,1.3,0.0,2.3,2.0,0.33,17.0,7.0,0.0,1.0,0.0,0.0,80.0,England,Colombia,False
3,Round of 32,2026-07-01 20:00:00,Belgium,South Africa,2.1919431686401367,0.8128918409347534,1,2,237.65244213981532,2.8,0.8,1.5,1.5,0.0,2.8,1.5,0.33,15.0,4.0,0.0,1.0,0.0,0.0,81.0,South Africa,Belgium,False
3,Round of 32,2026-07-02 00:00:00,Australia,Jordan,1.8169119358062744,1.0336285829544067,0,1,122.15693016353475,1.6,1.1,2.0,1.6,0.0,1.6,2.0,0.33,7.0,1.0,0.0,1.0,0.0,0.0,82.0,Jordan,Australia,False
3,Round of 32,2026-07-02 19:00:00,Uzbekistan,Croatia,0.9363003969192505,1.692138910293579,2,1,-153.1293872623021,1.2,1.0,2.2,1.0,0.0,1.2,2.2,0.33,1.0,7.0,0.0,1.0,0.0,0.0,83.0,Uzbekistan,Croatia,False
3,Round of 32,2026-07-02 23:00:00,Spain,Algeria,2.1946630477905273,0.7067118287086487,0,1,362.94185395976797,2.7,0.2,1.9,0.8,0.0,2.7,1.9,0.33,17.0,5.0,0.0,1.0,0.0,0.0,84.0,Algeria,Spain,False
3,Round of 32,2026-07-03 03:00:00,Switzerland,Egypt,1.8107000589370728,0.849011242389679,1,1,156.96356226169382,2.3,0.9,1.1,0.5,0.0,2.3,1.1,0.33,13.0,4.0,0.0,1.0,0.0,0.0,85.0,Egypt,Switzerland,True
3,Round of 32,2026-07-03 18:00:00,Turkey,Iran,1.3580331802368164,1.166337251663208,5,2,62.35374404900995,2.0,1.3,1.6,0.7,0.0,2.0,1.6,0.33,3.0,7.0,0.0,1.0,0.0,0.0,86.0,Turkey,Iran,False
3,Round of 32,2026-07-03 22:00:00,Argentina,Uruguay,1.773348331451416,0.9428529143333435,4,0,251.50163657993403,3.4,0.3,1.1,1.4,2.0,0.5,1.0,0.5,19.0,15.0,0.0,1.0,0.0,0.0,87.0,Argentina,Uruguay,False
3,Round of 32,2026-07-04 01:30:00,Portugal,Panama,2.1339643001556396,0.7078232169151306,2,0,260.7649159641319,2.4,0.7,1.4,1.0,0.0,2.4,1.4,0.33,9.0,2.0,0.0,1.0,0.0,0.0,88.0,Portugal,Panama,False
3,Round of 16,2026-07-04 17:00:00,Canada,Netherlands,0.9645748138427734,1.3569676876068115,1,2,-91.88189842941483,1.0,0.3,2.2,0.8,1.0,0.0,4.0,0.0,3.0,12.0,0.0,1.0,0.0,0.0,89.0,Netherlands,Canada,False
3,Round of 16,2026-07-04 21:00:00,Brazil,Norway,1.6602394580841064,1.1652588844299316,0,0,59.03909406611774,2.2,1.0,2.1,0.7,0.0,2.2,2.1,0.33,23.0,4.0,0.0,1.0,0.0,0.0,90.0,Norway,Brazil,True
3,Round of 16,2026-07-05 20:00:00,Sweden,France,1.0068230628967285,2.0964722633361816,0,3,-263.7087120041949,1.4,1.5,2.8,1.0,0.0,1.4,2.8,0.33,14.0,17.0,0.0,1.0,0.0,0.0,91.0,France,Sweden,False
3,Round of 16,2026-07-06 00:00:00,Mexico,England,0.8781017065048218,1.7426049709320068,0,0,-149.10162178875748,1.4,0.5,2.1,0.4,0.0,1.4,2.1,0.33,18.0,17.0,0.0,1.0,0.0,0.0,92.0,Mexico,England,True
3,Round of 16,2026-07-06 19:00:00,Uzbekistan,Algeria,0.9417502284049988,1.4311026334762573,0,3,-55.41271268149626,1.2,1.1,1.7,0.8,0.0,1.2,1.7,0.33,1.0,5.0,0.0,1.0,0.0,0.0,93.0,Algeria,Uzbekistan,False
3,Round of 16,2026-07-07 00:00:00,South Africa,Jordan,1.249922513961792,1.6891164779663086,0,4,-130.86483022852804,1.4,1.5,1.8,1.5,0.0,1.4,1.8,0.33,4.0,1.0,0.0,1.0,0.0,0.0,94.0,Jordan,South Africa,False
3,Round of 16,2026-07-07 16:00:00,Turkey,Portugal,1.0267399549484253,1.587725281715393,0,1,-132.6328393082381,2.5,0.9,2.3,0.5,1.0,0.0,3.0,0.0,3.0,9.0,0.0,1.0,0.0,0.0,95.0,Portugal,Turkey,False
3,Round of 16,2026-07-07 20:00:00,Egypt,Argentina,0.5569398403167725,2.6767454147338867,1,3,-389.4067192895534,1.2,0.6,3.5,0.3,0.0,1.2,3.5,0.33,4.0,19.0,0.0,1.0,0.0,0.0,96.0,Argentina,Egypt,False
3,Quarter-final,2026-07-09 20:00:00,Netherlands,Norway,1.1420196294784546,1.2723056077957153,2,0,-41.33193884234265,2.0,0.9,1.6,0.7,1.0,2.0,1.0,1.0,12.0,4.0,0.0,1.0,0.0,0.0,97.0,Netherlands,Norway,False
3,Quarter-final,2026-07-10 19:00:00,Algeria,Jordan,1.5657813549041748,1.0366301536560059,1,1,67.09565954215509,1.9,0.8,1.9,1.5,1.0,0.0,0.0,0.0,5.0,1.0,0.0,1.0,0.0,0.0,98.0,Algeria,Jordan,True
3,Quarter-final,2026-07-11 21:00:00,France,Mexico,1.7011044025421143,1.1735128164291382,2,2,152.66136060389476,2.8,1.0,1.3,0.3,0.0,2.8,1.3,0.33,17.0,18.0,0.0,1.0,0.0,0.0,99.0,France,Mexico,True
3,Quarter-final,2026-07-12 01:00:00,Portugal,Argentina,1.0703312158584595,1.8744596242904663,1,1,-93.92618351780266,2.3,0.5,3.8,0.3,0.0,2.3,3.8,0.33,9.0,19.0,0.0,1.0,0.0,0.0,100.0,Argentina,Portugal,True
3,Semi-final,2026-07-14 19:00:00,Netherlands,Algeria,1.4803634881973267,1.047165036201477,0,3,80.3944698098071,1.8,0.9,1.7,0.8,0.0,1.8,1.7,0.33,12.0,5.0,0.0,1.0,0.0,0.0,101.0,Algeria,Netherlands,False
3,Semi-final,2026-07-15 19:00:00,France,Argentina,1.146383285522461,1.8446862697601318,0,4,-82.7224535480716,2.8,1.0,3.8,0.4,1.0,3.0,3.0,0.0,17.0,19.0,0.0,1.0,0.0,0.0,102.0,Argentina,France,False
3,Third-place playoff,2026-07-18 21:00:00,Netherlands,France,1.0657627582550049,1.5606995820999146,2,3,-121.74627852359322,1.7,1.1,2.4,1.4,3.0,0.3333333333333333,2.0,0.0,12.0,17.0,0.0,1.0,0.0,0.0,103.0,France,Netherlands,False
3,Final,2026-07-19 19:00:00,Algeria,Argentina,0.7464134693145752,2.6202285289764404,0,4,-242.20070198853864,1.9,0.8,3.6,0.4,1.0,1.0,5.0,0.0,5.0,19.0,0.0,1.0,0.0,0.0,104.0,Argentina,Algeria,False
4,Group stage,2026-06-11 00:00:00,Mexico,South Africa,2.1329286098480225,0.6023440957069397,1,0,297.64561459530705,1.1,1.0,1.5,1.1,0.0,1.1,1.5,0.33,17.0,3.0,1.0,0.0,0.0,0.0,,,,
4,Group stage,2026-06-11 00:00:00,South Korea,Czech Republic,1.656619668006897,0.9059049487113953,3,0,98.40437375226111,1.5,1.2,1.8,1.2,0.0,1.5,1.8,0.33,11.0,1.0,0.0,1.0,0.0,0.0,,,,
4,Group stage,2026-06-12 00:00:00,Canada,Bosnia and Herzegovina,2.178720712661743,0.6230993866920471,2,0,252.19701310772894,1.1,0.4,2.1,1.1,0.0,1.1,2.1,0.33,2.0,1.0,1.0,0.0,0.0,0.0,,,,
4,Group stage,2026-06-12 00:00:00,United States,Paraguay,1.3273921012878418,1.1478886604309082,3,0,-90.4406608260008,1.7,1.6,1.0,1.0,1.0,2.0,1.0,1.0,11.0,8.0,1.0,0.0,0.0,0.0,,,,
4,Group stage,2026-06-13 00:00:00,Australia,Turkey,1.306311845779419,1.4813357591629028,1,0,-47.69773714089274,1.5,0.9,2.1,1.4,0.0,1.5,2.1,0.33,6.0,2.0,0.0,1.0,0.0,0.0,,,,
4,Group stage,2026-06-13 00:00:00,Brazil,Morocco,1.3794176578521729,1.0310763120651245,1,0,71.7854817950124,1.8,0.8,1.8,0.5,1.0,1.0,2.0,0.0,22.0,6.0,0.0,1.0,0.0,0.0,,,,
4,Group stage,2026-06-13 00:00:00,Haiti,Scotland,0.8986091017723083,1.6037302017211914,1,0,-128.96035980586862,1.2,1.1,1.8,1.2,0.0,1.2,1.8,0.33,1.0,8.0,0.0,1.0,0.0,0.0,,,,
4,Group stage,2026-06-13 00:00:00,Qatar,Switzerland,0.5497463941574097,2.393497943878174,0,5,-360.84472108477416,0.9,1.9,2.5,0.8,0.0,0.9,2.5,0.33,1.0,12.0,0.0,1.0,0.0,0.0,,,,
4,Group stage,2026-06-14 00:00:00,Germany,Curaçao,2.8003809452056885,0.6807331442832947,2,0,361.1352259778141,2.3,1.1,1.6,1.3,0.0,2.3,1.6,0.33,20.0,0.0,0.0,1.0,0.0,0.0,,,,
4,Group stage,2026-06-14 00:00:00,Ivory Coast,Ecuador,0.7578378915786743,1.6096333265304565,0,2,-219.15155902699053,2.0,0.7,0.7,0.4,0.0,2.0,0.7,0.33,3.0,4.0,0.0,1.0,0.0,0.0,,,,
4,Group stage,2026-06-14 00:00:00,Netherlands,Japan,1.4094085693359375,1.0377333164215088,0,1,19.05367466640928,3.0,0.6,1.8,0.7,0.0,3.0,1.8,0.33,11.0,7.0,0.0,1.0,0.0,0.0,,,,
4,Group stage,2026-06-14 00:00:00,Sweden,Tunisia,1.4389334917068481,1.2469319105148315,1,3,22.565366858667858,1.6,1.8,1.4,1.0,0.0,1.6,1.4,0.33,13.0,6.0,0.0,1.0,0.0,0.0,,,,
4,Group stage,2026-06-15 00:00:00,Belgium,Egypt,1.4515180587768555,0.9129274487495422,6,0,99.79242592327387,3.5,1.0,1.3,0.8,1.0,1.0,2.0,0.0,14.0,3.0,0.0,1.0,0.0,0.0,,,,
4,Group stage,2026-06-15 00:00:00,Iran,New Zealand,1.6201878786087036,0.738328218460083,0,0,142.34033556219924,1.6,0.7,0.9,1.5,0.0,1.6,0.9,0.33,6.0,2.0,0.0,1.0,0.0,0.0,,,,
4,Group stage,2026-06-15 00:00:00,Saudi Arabia,Uruguay,0.7248218059539795,1.7654508352279663,1,3,-283.38107610897714,0.9,1.3,1.0,0.9,0.0,0.9,1.0,0.33,6.0,14.0,0.0,1.0,0.0,0.0,,,,
4,Group stage,2026-06-15 00:00:00,Spain,Cape Verde,3.966179609298706,0.5665221810340881,7,0,563.2850614519855,3.1,0.8,1.7,1.0,0.0,3.1,1.7,0.33,16.0,0.0,0.0,1.0,0.0,0.0,,,,
4,Group stage,2026-06-16 00:00:00,Argentina,Algeria,2.156207323074341,0.7074368596076965,3,0,323.48300707879844,2.5,0.4,2.3,0.5,0.0,2.5,2.3,0.33,18.0,4.0,0.0,1.0,0.0,0.0,,,,
4,Group stage,2026-06-16 00:00:00,Austria,Jordan,2.314819097518921,0.9839795827865601,1,0,80.9944962008201,2.8,0.5,2.0,1.5,0.0,2.8,2.0,0.33,7.0,0.0,0.0,1.0,0.0,0.0,,,,
4,Group stage,2026-06-16 00:00:00,France,Senegal,2.243558645248413,0.8569515347480774,4,0,209.2497238875883,2.7,1.1,2.5,0.6,0.0,2.7,2.5,0.33,16.0,3.0,0.0,1.0,0.0,0.0,,,,
4,Group stage,2026-06-16 00:00:00,Iraq,Norway,0.7500935196876526,1.7158862352371216,1,1,-223.33641759859006,1.1,0.7,3.1,0.6,0.0,1.1,3.1,0.33,1.0,3.0,0.0,1.0,0.0,0.0,,,,
4,Group stage,2026-06-17 00:00:00,England,Croatia,1.630310297012329,1.0758646726608276,2,0,94.46756707201507,2.2,0.5,2.9,0.8,0.0,2.2,2.9,0.33,16.0,6.0,0.0,1.0,0.0,0.0,,,,
4,Group stage,2026-06-17 00:00:00,Ghana,Panama,0.8218146562576294,1.872027039527893,1,2,-237.5714618522527,1.5,1.3,1.3,0.8,0.0,1.5,1.3,0.33,4.0,1.0,0.0,1.0,0.0,0.0,,,,
4,Group stage,2026-06-17 00:00:00,Portugal,DR Congo,2.063178300857544,0.639021098613739,4,0,275.4864091486654,2.6,1.0,1.2,0.3,0.0,2.6,1.2,0.33,8.0,1.0,0.0,1.0,0.0,0.0,,,,
4,Group stage,2026-06-17 00:00:00,Uzbekistan,Colombia,0.7373384833335876,1.79137122631073,2,1,-213.1223064060914,1.5,0.7,2.1,1.0,0.0,1.5,2.1,0.33,0.0,6.0,0.0,1.0,0.0,0.0,,,,
4,Group stage,2026-06-18 00:00:00,Canada,Qatar,2.4029321670532227,0.4293593168258667,1,0,339.3825094556155,1.1,0.4,0.9,2.1,1.0,2.0,0.0,1.0,3.0,2.0,1.0,0.0,0.0,0.0,,,,
4,Group stage,2026-06-18 00:00:00,Czech Republic,South Africa,1.459141731262207,1.153947114944458,2,0,85.10049089078416,1.6,1.5,1.4,1.1,0.0,1.6,1.4,0.33,2.0,4.0,0.0,1.0,0.0,0.0,,,,
4,Group stage,2026-06-18 00:00:00,Mexico,South Korea,1.48220694065094,0.9348011016845703,1,2,49.15369822993421,1.0,0.8,1.6,1.2,1.0,2.0,2.0,0.0,18.0,12.0,1.0,0.0,0.0,0.0,,,,
4,Group stage,2026-06-18 00:00:00,Switzerland,Bosnia and Herzegovina,2.476360321044922,0.7039036154747009,4,2,321.32323755883135,2.6,0.6,2.0,1.3,0.0,2.6,2.0,0.33,13.0,2.0,0.0,1.0,0.0,0.0,,,,
4,Group stage,2026-06-19 00:00:00,Brazil,Haiti,2.3211448192596436,0.621857762336731,1,0,342.33448841443465,1.9,0.8,1.2,1.0,0.0,1.9,1.2,0.33,23.0,2.0,0.0,1.0,0.0,0.0,,,,
4,Group stage,2026-06-19 00:00:00,Scotland,Morocco,0.8880086541175842,1.6627169847488403,1,3,-175.11340108388777,1.7,1.0,1.5,0.4,0.0,1.7,1.5,0.33,9.0,7.0,0.0,1.0,0.0,0.0,,,,
4,Group stage,2026-06-19 00:00:00,Turkey,Paraguay,1.4384163618087769,1.1099919080734253,1,0,60.29284031488032,1.9,1.4,0.8,1.3,0.0,1.9,0.8,0.33,3.0,9.0,0.0,1.0,0.0,0.0,,,,
4,Group stage,2026-06-19 00:00:00,United States,Australia,1.411426067352295,1.1669107675552368,2,2,-69.10974989859142,1.8,1.5,1.5,0.9,1.0,2.0,1.0,1.0,12.0,7.0,1.0,0.0,0.0,0.0,,,,
4,Group stage,2026-06-20 00:00:00,Ecuador,Curaçao,2.557244062423706,0.5818058848381042,3,3,426.9230034490897,0.9,0.4,1.5,1.4,0.0,0.9,1.5,0.33,5.0,1.0,0.0,1.0,0.0,0.0,,,,
4,Group stage,2026-06-20 00:00:00,Germany,Ivory Coast,2.033649444580078,0.8016475439071655,0,1,213.10176759952355,2.4,0.9,1.7,0.9,0.0,2.4,1.7,0.33,21.0,4.0,0.0,1.0,0.0,0.0,,,,
4,Group stage,2026-06-20 00:00:00,Netherlands,Sweden,2.531179904937744,1.0042346715927124,2,3,255.7356942670981,2.8,0.7,1.5,2.1,0.0,2.8,1.5,0.33,12.0,14.0,0.0,1.0,0.0,0.0,,,,
4,Group stage,2026-06-20 00:00:00,Tunisia,Japan,0.8156001567840576,1.8029381036758423,2,3,-226.69739884130877,1.6,1.0,1.9,0.6,0.0,1.6,1.9,0.33,7.0,8.0,0.0,1.0,0.0,0.0,,,,
4,Group stage,2026-06-21 00:00:00,Belgium,Iran,1.614282250404358,1.0318551063537598,1,1,78.74990383091517,4.0,0.9,1.4,0.7,0.0,4.0,1.4,0.33,15.0,7.0,0.0,1.0,0.0,0.0,,,,
4,Group stage,2026-06-21 00:00:00,New Zealand,Egypt,1.1347687244415283,1.2063713073730469,1,1,-6.15169463726852,0.8,1.5,1.3,1.1,1.0,0.0,1.0,0.0,3.0,4.0,0.0,1.0,0.0,0.0,,,,
4,Group stage,2026-06-21 00:00:00,Spain,Saudi Arabia,3.223797559738159,0.45225387811660767,4,3,555.3701963602116,3.3,0.4,1.0,1.6,0.0,3.3,1.0,0.33,17.0,7.0,0.0,1.0,0.0,0.0,,,,
4,Group stage,2026-06-21 00:00:00,Uruguay,Cape Verde,2.3314359188079834,0.6778736114501953,4,0,330.9050298250547,1.3,0.8,1.4,1.7,0.0,1.3,1.4,0.33,15.0,1.0,0.0,1.0,0.0,0.0,,,,
4,Group stage,2026-06-22 00:00:00,Argentina,Austria,2.30255126953125,0.7497564554214478,3,2,300.6753492836358,2.4,0.3,2.7,0.4,0.0,2.4,2.7,0.33,19.0,8.0,0.0,1.0,0.0,0.0,,,,
4,Group stage,2026-06-22 00:00:00,France,Iraq,2.6000757217407227,0.5442072153091431,5,0,400.83119051233666,2.7,0.6,1.1,0.8,0.0,2.7,1.1,0.33,17.0,2.0,0.0,1.0,0.0,0.0,,,,
4,Group stage,2026-06-22 00:00:00,Jordan,Algeria,0.9878695607185364,1.5482611656188965,2,0,-76.21173437710195,1.8,1.3,1.8,0.7,0.0,1.8,1.8,0.33,1.0,5.0,0.0,1.0,0.0,0.0,,,,
4,Group stage,2026-06-22 00:00:00,Norway,Senegal,1.5506768226623535,1.010066270828247,2,2,49.64670063640256,2.9,0.7,1.7,1.0,0.0,2.9,1.7,0.33,4.0,4.0,0.0,1.0,0.0,0.0,,,,
4,Group stage,2026-06-23 00:00:00,Colombia,DR Congo,1.937485933303833,0.7374138236045837,3,1,254.1996828473384,2.2,1.2,1.1,0.7,0.0,2.2,1.1,0.33,7.0,2.0,0.0,1.0,0.0,0.0,,,,
4,Group stage,2026-06-23 00:00:00,England,Ghana,2.824329137802124,0.7129439115524292,3,0,502.6523723812825,2.3,0.5,1.5,1.3,0.0,2.3,1.5,0.33,17.0,5.0,0.0,1.0,0.0,0.0,,,,
4,Group stage,2026-06-23 00:00:00,Panama,Croatia,1.0843682289123535,1.4631637334823608,3,2,-80.13707063027232,1.5,0.9,2.2,1.0,0.0,1.5,2.2,0.33,2.0,7.0,0.0,1.0,0.0,0.0,,,,
4,Group stage,2026-06-23 00:00:00,Portugal,Uzbekistan,1.9690529108047485,0.8231366276741028,1,2,179.86107898537398,2.8,0.9,1.5,0.6,0.0,2.8,1.5,0.33,9.0,1.0,0.0,1.0,0.0,0.0,,,,
4,Group stage,2026-06-24 00:00:00,Bosnia and Herzegovina,Qatar,2.0903217792510986,1.1915003061294556,1,3,58.439513711060044,2.1,1.5,0.7,2.0,0.0,2.1,0.7,0.33,2.0,2.0,0.0,1.0,0.0,0.0,,,,
4,Group stage,2026-06-24 00:00:00,Canada,Switzerland,1.2122420072555542,1.037683129310608,0,0,-55.98438653731091,1.1,0.3,2.6,0.8,0.0,1.1,2.6,0.33,3.0,13.0,1.0,0.0,0.0,0.0,,,,
4,Group stage,2026-06-24 00:00:00,Mexico,Czech Republic,1.7598695755004883,0.695231556892395,0,0,147.25430376941154,1.1,0.6,1.7,1.0,0.0,1.1,1.7,0.33,18.0,2.0,1.0,0.0,0.0,0.0,,,,
4,Group stage,2026-06-24 00:00:00,Morocco,Haiti,1.781141996383667,0.6644019484519958,0,1,254.17454501394968,1.6,0.5,1.1,0.9,0.0,1.6,1.1,0.33,7.0,2.0,0.0,1.0,0.0,0.0,,,,
4,Group stage,2026-06-24 00:00:00,Scotland,Brazil,0.7112551927566528,2.268585205078125,0,6,-326.077486846674,1.4,1.3,1.9,0.8,0.0,1.4,1.9,0.33,9.0,23.0,0.0,1.0,0.0,0.0,,,,
4,Group stage,2026-06-24 00:00:00,South Africa,South Korea,0.7545012831687927,2.0534446239471436,1,2,-335.87123118249065,1.4,1.3,1.4,1.3,0.0,1.4,1.4,0.33,4.0,12.0,0.0,1.0,0.0,0.0,,,,
4,Group stage,2026-06-25 00:00:00,Curaçao,Ivory Coast,0.8771675825119019,1.8857622146606445,1,1,-189.1715515110934,1.7,1.5,1.8,0.8,0.0,1.7,1.8,0.33,1.0,4.0,0.0,1.0,0.0,0.0,,,,
4,Group stage,2026-06-25 00:00:00,Ecuador,Germany,1.3209677934646606,1.2991999387741089,2,1,66.90524117051814,1.2,0.7,2.4,0.8,0.0,1.2,2.4,0.33,5.0,21.0,0.0,1.0,0.0,0.0,,,,
4,Group stage,2026-06-25 00:00:00,Japan,Sweden,2.188117742538452,0.9763824939727783,2,2,263.96602956897823,1.6,0.8,1.4,2.0,0.0,1.6,1.4,0.33,8.0,14.0,0.0,1.0,0.0,0.0,,,,
4,Group stage,2026-06-25 00:00:00,Paraguay,Australia,1.0237962007522583,1.4683032035827637,1,2,-108.28665783674819,0.8,1.3,1.5,1.0,0.0,0.8,1.5,0.33,9.0,7.0,0.0,1.0,0.0,0.0,,,,
4,Group stage,2026-06-25 00:00:00,Tunisia,Netherlands,1.1061081886291504,1.6643658876419067,1,3,-146.46076686872493,1.8,1.2,2.2,1.0,0.0,1.8,2.2,0.33,7.0,12.0,0.0,1.0,0.0,0.0,,,,
4,Group stage,2026-06-25 00:00:00,United States,Turkey,1.3941278457641602,1.3059371709823608,1,0,-76.1275502109977,1.9,1.5,2.0,1.3,1.0,1.0,2.0,0.0,12.0,3.0,1.0,0.0,0.0,0.0,,,,
4,Group stage,2026-06-26 00:00:00,Cape Verde,Saudi Arabia,1.397653341293335,1.5872666835784912,0,2,-30.28471170497869,1.3,2.0,1.2,2.0,0.0,1.3,1.2,0.33,1.0,7.0,0.0,1.0,0.0,0.0,,,,
4,Group stage,2026-06-26 00:00:00,Egypt,Iran,0.9502364993095398,1.4519689083099365,2,2,-120.1129909963397,1.2,1.1,1.3,0.6,0.0,1.2,1.3,0.33,4.0,7.0,0.0,1.0,0.0,0.0,,,,
4,Group stage,2026-06-26 00:00:00,New Zealand,Belgium,0.952508807182312,2.084367513656616,2,2,-190.58091878831692,0.8,1.4,3.7,0.7,0.0,0.8,3.7,0.33,3.0,15.0,0.0,1.0,0.0,0.0,,,,
4,Group stage,2026-06-26 00:00:00,Norway,France,0.9683893918991089,2.3238515853881836,1,4,-226.623151279485,3.0,0.9,3.0,0.6,0.0,3.0,3.0,0.33,4.0,17.0,0.0,1.0,0.0,0.0,,,,
4,Group stage,2026-06-26 00:00:00,Senegal,Iraq,1.659075140953064,0.8097119331359863,0,0,154.80060165687678,1.6,1.2,1.0,1.3,0.0,1.6,1.0,0.33,4.0,2.0,0.0,1.0,0.0,0.0,,,,
4,Group stage,2026-06-26 00:00:00,Uruguay,Spain,0.9461392164230347,2.378305196762085,0,0,-230.3121655972634,1.5,0.8,3.5,0.5,0.0,1.5,3.5,0.33,15.0,17.0,0.0,1.0,0.0,0.0,,,,
4,Group stage,2026-06-27 00:00:00,Algeria,Austria,1.0552434921264648,1.510573148727417,1,1,-96.73022997049657,1.6,0.9,2.5,0.7,0.0,1.6,2.5,0.33,5.0,8.0,0.0,1.0,0.0,0.0,,,,
4,Group stage,2026-06-27 00:00:00,Colombia,Portugal,1.373525857925415,1.359053373336792,1,1,1.6636916169247797,2.4,1.2,2.7,0.9,0.0,2.4,2.7,0.33,7.0,9.0,0.0,1.0,0.0,0.0,,,,
4,Group stage,2026-06-27 00:00:00,Croatia,Ghana,2.1063168048858643,0.6598498821258545,3,1,310.7805607701796,1.9,1.2,1.1,1.6,0.0,1.9,1.1,0.33,7.0,5.0,0.0,1.0,0.0,0.0,,,,
4,Group stage,2026-06-27 00:00:00,DR Congo,Uzbekistan,0.79475998878479,1.58169686794281,2,2,-195.0630509462394,1.1,1.0,1.7,0.7,0.0,1.1,1.7,0.33,2.0,1.0,0.0,1.0,0.0,0.0,,,,
4,Group stage,2026-06-27 00:00:00,Jordan,Argentina,0.5288217663764954,2.716522455215454,0,1,-382.243851957229,1.8,1.0,2.6,0.5,0.0,1.8,2.6,0.33,1.0,19.0,0.0,1.0,0.0,0.0,,,,
4,Group stage,2026-06-27 00:00:00,Panama,England,0.8015506267547607,1.9844650030136108,3,3,-209.42993202512275,1.7,1.0,2.5,0.2,0.0,1.7,2.5,0.33,2.0,17.0,0.0,1.0,0.0,0.0,,,,
4,Round of 32,2026-06-28 19:00:00,Mexico,Canada,1.0437744855880737,0.8586975932121277,1,1,-0.9693834144925404,1.0,0.5,0.8,0.3,2.0,1.0,0.0,0.5,18.0,3.0,0.0,1.0,0.0,0.0,73.0,Canada,Mexico,True
4,Round of 32,2026-06-29 17:00:00,Brazil,Sweden,2.6850733757019043,0.8872668743133545,3,0,311.0471911682748,2.2,0.8,1.4,2.0,0.0,2.2,1.4,0.33,23.0,14.0,0.0,1.0,0.0,0.0,74.0,Brazil,Sweden,False
4,Round of 32,2026-06-29 20:30:00,Ecuador,Morocco,1.3150378465652466,0.8721668720245361,2,2,100.9234212098504,1.4,0.8,1.5,0.5,1.0,1.0,1.0,0.0,5.0,7.0,0.0,1.0,0.0,0.0,75.0,Ecuador,Morocco,True
4,Round of 32,2026-06-30 01:00:00,Japan,Haiti,1.8485251665115356,0.7477755546569824,1,0,239.67781561064544,1.8,1.0,1.2,0.9,0.0,1.8,1.2,0.33,8.0,2.0,0.0,1.0,0.0,0.0,76.0,Japan,Haiti,False
4,Round of 32,2026-06-30 17:00:00,Ivory Coast,Norway,1.249811053276062,1.6292983293533325,0,0,-116.75500741232804,1.7,0.9,3.0,1.3,0.0,1.7,3.0,0.33,4.0,4.0,0.0,1.0,0.0,0.0,77.0,Norway,Ivory Coast,True
4,Round of 32,2026-06-30 21:00:00,France,Netherlands,1.9533157348632812,0.9853519797325134,0,1,239.29713275182257,3.2,0.7,2.4,1.0,3.0,2.0,0.3333333333333333,0.6666666666666666,17.0,12.0,0.0,1.0,0.0,0.0,78.0,Netherlands,France,False
4,Round of 32,2026-07-01 01:00:00,South Korea,Saudi Arabia,1.9148728847503662,0.8137533068656921,2,0,250.84061901391715,1.4,1.4,1.4,1.8,2.0,1.0,0.5,0.5,12.0,7.0,0.0,1.0,0.0,0.0,79.0,South Korea,Saudi Arabia,False
4,Round of 32,2026-07-01 16:00:00,England,Colombia,1.7731118202209473,1.0915840864181519,2,0,80.28967792289677,2.6,0.5,2.2,1.3,0.0,2.6,2.2,0.33,17.0,7.0,0.0,1.0,0.0,0.0,80.0,England,Colombia,False
4,Round of 32,2026-07-01 20:00:00,Belgium,Czech Republic,2.099658250808716,0.8695763945579529,2,0,140.01571522853737,3.3,0.9,1.5,1.0,0.0,3.3,1.5,0.33,15.0,2.0,0.0,1.0,0.0,0.0,81.0,Belgium,Czech Republic,False
4,Round of 32,2026-07-02 00:00:00,United States,Jordan,1.7315183877944946,1.0819690227508545,4,0,81.81514996727606,2.0,1.3,1.6,1.0,0.0,2.0,1.6,0.33,12.0,1.0,0.0,1.0,0.0,0.0,82.0,United States,Jordan,False
4,Round of 32,2026-07-02 19:00:00,Portugal,Panama,1.9250143766403198,1.0545592308044434,2,0,95.42204971266892,2.3,1.0,1.9,1.3,0.0,2.3,1.9,0.33,9.0,2.0,0.0,1.0,0.0,0.0,83.0,Portugal,Panama,False
4,Round of 32,2026-07-02 23:00:00,Spain,Austria,2.317380428314209,0.7441613078117371,2,0,336.3938693867383,3.2,0.5,2.5,0.8,0.0,3.2,2.5,0.33,17.0,8.0,0.0,1.0,0.0,0.0,84.0,Spain,Austria,False
4,Round of 32,2026-07-03 03:00:00,Switzerland,New Zealand,2.036952018737793,0.6926401257514954,5,0,195.66595007193428,2.2,0.8,1.0,1.5,0.0,2.2,1.0,0.33,13.0,3.0,0.0,1.0,0.0,0.0,85.0,Switzerland,New Zealand,False
4,Round of 32,2026-07-03 18:00:00,Australia,Iran,1.393393635749817,1.022423267364502,1,0,94.22017440201307,1.6,1.1,1.5,0.7,0.0,1.6,1.5,0.33,7.0,7.0,0.0,1.0,0.0,0.0,86.0,Australia,Iran,False
4,Round of 32,2026-07-03 22:00:00,Argentina,Uruguay,1.5825191736221313,1.0205450057983398,1,1,191.96046051395092,2.6,0.4,1.2,0.8,2.0,0.5,1.0,0.5,19.0,15.0,0.0,1.0,0.0,0.0,87.0,Uruguay,Argentina,True
4,Round of 32,2026-07-04 01:30:00,Uzbekistan,Germany,1.0188817977905273,1.6509844064712524,1,1,-6.491533599224567,1.6,0.9,2.5,0.8,0.0,1.6,2.5,0.33,1.0,21.0,0.0,1.0,0.0,0.0,88.0,Germany,Uzbekistan,True
4,Round of 16,2026-07-04 17:00:00,Canada,Ecuador,0.9640704393386841,1.3064918518066406,1,5,-123.80991853002138,0.8,0.4,1.5,1.0,1.0,0.0,0.0,0.0,3.0,5.0,0.0,1.0,0.0,0.0,89.0,Ecuador,Canada,False
4,Round of 16,2026-07-04 21:00:00,Brazil,Norway,1.9316918849945068,0.8948994278907776,3,1,171.94004758208712,2.5,0.7,1.9,1.2,0.0,2.5,1.9,0.33,23.0,4.0,0.0,1.0,0.0,0.0,90.0,Brazil,Norway,False
4,Round of 16,2026-07-05 20:00:00,Japan,Netherlands,1.2275243997573853,1.1930019855499268,1,2,23.676698899499343,1.9,0.8,2.2,0.8,1.0,1.0,0.0,1.0,8.0,12.0,0.0,1.0,0.0,0.0,91.0,Netherlands,Japan,False
4,Round of 16,2026-07-06 00:00:00,South Korea,England,0.9863647222518921,1.8510560989379883,1,3,-156.11103806262463,1.4,1.2,2.3,0.5,0.0,1.4,2.3,0.33,12.0,17.0,0.0,1.0,0.0,0.0,92.0,England,South Korea,False
4,Round of 16,2026-07-06 19:00:00,Portugal,Spain,0.9084762930870056,1.7169280052185059,0,3,-172.30132302707102,2.2,0.8,2.8,0.5,2.0,1.0,1.5,0.0,9.0,17.0,0.0,1.0,0.0,0.0,93.0,Spain,Portugal,False
4,Round of 16,2026-07-07 00:00:00,Belgium,United States,1.6159520149230957,1.3337547779083252,3,2,18.12567542386182,2.9,0.9,2.2,1.3,1.0,5.0,2.0,1.0,15.0,12.0,0.0,1.0,0.0,0.0,94.0,Belgium,United States,False
4,Round of 16,2026-07-07 16:00:00,Australia,Germany,1.2127074003219604,1.3989901542663574,2,0,38.249045689630066,1.4,1.0,2.3,0.8,0.0,1.4,2.3,0.33,7.0,21.0,0.0,1.0,0.0,0.0,95.0,Australia,Germany,False
4,Round of 16,2026-07-07 20:00:00,Switzerland,Uruguay,1.20249605178833,1.5107150077819824,1,0,-67.4931652902867,2.4,0.8,1.3,0.9,0.0,2.4,1.3,0.33,13.0,15.0,0.0,1.0,0.0,0.0,96.0,Switzerland,Uruguay,False
4,Quarter-final,2026-07-09 20:00:00,Ecuador,Brazil,1.0981731414794922,1.5439950227737427,2,2,-48.42534112663475,1.9,1.0,2.3,0.8,2.0,0.0,0.5,0.0,5.0,23.0,0.0,1.0,0.0,0.0,97.0,Brazil,Ecuador,True
4,Quarter-final,2026-07-10 19:00:00,Spain,Belgium,2.2562155723571777,0.940844714641571,3,2,265.87482851175537,2.9,0.5,3.2,1.1,0.0,2.9,3.2,0.33,17.0,15.0,0.0,1.0,0.0,0.0,98.0,Spain,Belgium,False
4,Quarter-final,2026-07-11 21:00:00,Netherlands,England,0.9919700622558594,1.712921380996704,0,1,-124.77634487266937,2.0,0.9,2.3,0.6,1.0,1.0,2.0,0.0,12.0,17.0,0.0,1.0,0.0,0.0,99.0,England,Netherlands,False
4,Quarter-final,2026-07-12 01:00:00,Australia,Switzerland,1.1429400444030762,1.3310632705688477,0,0,-4.215032036968751,1.5,1.0,2.3,0.8,0.0,1.5,2.3,0.33,7.0,13.0,0.0,1.0,0.0,0.0,100.0,Switzerland,Australia,True
4,Semi-final,2026-07-14 19:00:00,Brazil,Spain,1.2019771337509155,1.8273189067840576,1,1,-96.25860232946025,2.3,0.7,2.8,0.7,1.0,3.0,3.0,0.0,23.0,17.0,0.0,1.0,0.0,0.0,101.0,Spain,Brazil,True
4,Semi-final,2026-07-15 19:00:00,England,Switzerland,1.3922064304351807,1.069535493850708,1,0,120.7785424249505,1.9,0.6,2.3,0.8,1.0,1.0,1.0,0.0,17.0,13.0,0.0,1.0,0.0,0.0,102.0,England,Switzerland,False
4,Third-place playoff,2026-07-18 21:00:00,Brazil,Switzerland,1.4330716133117676,1.121945858001709,0,0,104.769572026574,2.2,0.8,1.9,0.8,1.0,1.0,0.0,1.0,23.0,13.0,0.0,1.0,0.0,0.0,103.0,Brazil,Switzerland,True
4,Final,2026-07-19 19:00:00,Spain,England,1.4316755533218384,1.355671763420105,2,2,84.09527108118141,2.5,0.8,1.8,0.6,1.0,2.0,1.0,1.0,17.0,17.0,0.0,1.0,0.0,0.0,104.0,England,Spain,True
5,Group stage,2026-06-11 00:00:00,Mexico,South Africa,2.1329286098480225,0.6023440957069397,2,2,297.64561459530705,1.1,1.0,1.5,1.1,0.0,1.1,1.5,0.33,17.0,3.0,1.0,0.0,0.0,0.0,,,,
5,Group stage,2026-06-11 00:00:00,South Korea,Czech Republic,1.656619668006897,0.9059049487113953,2,4,98.40437375226111,1.5,1.2,1.8,1.2,0.0,1.5,1.8,0.33,11.0,1.0,0.0,1.0,0.0,0.0,,,,
5,Group stage,2026-06-12 00:00:00,Canada,Bosnia and Herzegovina,2.178720712661743,0.6230993866920471,2,0,252.19701310772894,1.1,0.4,2.1,1.1,0.0,1.1,2.1,0.33,2.0,1.0,1.0,0.0,0.0,0.0,,,,
5,Group stage,2026-06-12 00:00:00,United States,Paraguay,1.3273921012878418,1.1478886604309082,1,2,-90.4406608260008,1.7,1.6,1.0,1.0,1.0,2.0,1.0,1.0,11.0,8.0,1.0,0.0,0.0,0.0,,,,
5,Group stage,2026-06-13 00:00:00,Australia,Turkey,1.306311845779419,1.4813357591629028,2,0,-47.69773714089274,1.5,0.9,2.1,1.4,0.0,1.5,2.1,0.33,6.0,2.0,0.0,1.0,0.0,0.0,,,,
5,Group stage,2026-06-13 00:00:00,Brazil,Morocco,1.3794176578521729,1.0310763120651245,0,1,71.7854817950124,1.8,0.8,1.8,0.5,1.0,1.0,2.0,0.0,22.0,6.0,0.0,1.0,0.0,0.0,,,,
5,Group stage,2026-06-13 00:00:00,Haiti,Scotland,0.8986091017723083,1.6037302017211914,1,2,-128.96035980586862,1.2,1.1,1.8,1.2,0.0,1.2,1.8,0.33,1.0,8.0,0.0,1.0,0.0,0.0,,,,
5,Group stage,2026-06-13 00:00:00,Qatar,Switzerland,0.5497463941574097,2.393497943878174,1,3,-360.84472108477416,0.9,1.9,2.5,0.8,0.0,0.9,2.5,0.33,1.0,12.0,0.0,1.0,0.0,0.0,,,,
5,Group stage,2026-06-14 00:00:00,Germany,Curaçao,2.8003809452056885,0.6807331442832947,4,0,361.1352259778141,2.3,1.1,1.6,1.3,0.0,2.3,1.6,0.33,20.0,0.0,0.0,1.0,0.0,0.0,,,,
5,Group stage,2026-06-14 00:00:00,Ivory Coast,Ecuador,0.7578378915786743,1.6096333265304565,0,1,-219.15155902699053,2.0,0.7,0.7,0.4,0.0,2.0,0.7,0.33,3.0,4.0,0.0,1.0,0.0,0.0,,,,
5,Group stage,2026-06-14 00:00:00,Netherlands,Japan,1.4094085693359375,1.0377333164215088,1,1,19.05367466640928,3.0,0.6,1.8,0.7,0.0,3.0,1.8,0.33,11.0,7.0,0.0,1.0,0.0,0.0,,,,
5,Group stage,2026-06-14 00:00:00,Sweden,Tunisia,1.4389334917068481,1.2469319105148315,1,2,22.565366858667858,1.6,1.8,1.4,1.0,0.0,1.6,1.4,0.33,13.0,6.0,0.0,1.0,0.0,0.0,,,,
5,Group stage,2026-06-15 00:00:00,Belgium,Egypt,1.4515180587768555,0.9129274487495422,2,1,99.79242592327387,3.5,1.0,1.3,0.8,1.0,1.0,2.0,0.0,14.0,3.0,0.0,1.0,0.0,0.0,,,,
5,Group stage,2026-06-15 00:00:00,Iran,New Zealand,1.6201878786087036,0.738328218460083,0,1,142.34033556219924,1.6,0.7,0.9,1.5,0.0,1.6,0.9,0.33,6.0,2.0,0.0,1.0,0.0,0.0,,,,
5,Group stage,2026-06-15 00:00:00,Saudi Arabia,Uruguay,0.7248218059539795,1.7654508352279663,0,1,-283.38107610897714,0.9,1.3,1.0,0.9,0.0,0.9,1.0,0.33,6.0,14.0,0.0,1.0,0.0,0.0,,,,
5,Group stage,2026-06-15 00:00:00,Spain,Cape Verde,3.966179609298706,0.5665221810340881,7,0,563.2850614519855,3.1,0.8,1.7,1.0,0.0,3.1,1.7,0.33,16.0,0.0,0.0,1.0,0.0,0.0,,,,
5,Group stage,2026-06-16 00:00:00,Argentina,Algeria,2.156207323074341,0.7074368596076965,1,1,323.48300707879844,2.5,0.4,2.3,0.5,0.0,2.5,2.3,0.33,18.0,4.0,0.0,1.0,0.0,0.0,,,,
5,Group stage,2026-06-16 00:00:00,Austria,Jordan,2.314819097518921,0.9839795827865601,2,0,80.9944962008201,2.8,0.5,2.0,1.5,0.0,2.8,2.0,0.33,7.0,0.0,0.0,1.0,0.0,0.0,,,,
5,Group stage,2026-06-16 00:00:00,France,Senegal,2.243558645248413,0.8569515347480774,1,0,209.2497238875883,2.7,1.1,2.5,0.6,0.0,2.7,2.5,0.33,16.0,3.0,0.0,1.0,0.0,0.0,,,,
5,Group stage,2026-06-16 00:00:00,Iraq,Norway,0.7500935196876526,1.7158862352371216,0,1,-223.33641759859006,1.1,0.7,3.1,0.6,0.0,1.1,3.1,0.33,1.0,3.0,0.0,1.0,0.0,0.0,,,,
5,Group stage,2026-06-17 00:00:00,England,Croatia,1.630310297012329,1.0758646726608276,1,0,94.46756707201507,2.2,0.5,2.9,0.8,0.0,2.2,2.9,0.33,16.0,6.0,0.0,1.0,0.0,0.0,,,,
5,Group stage,2026-06-17 00:00:00,Ghana,Panama,0.8218146562576294,1.872027039527893,0,0,-237.5714618522527,1.5,1.3,1.3,0.8,0.0,1.5,1.3,0.33,4.0,1.0,0.0,1.0,0.0,0.0,,,,
5,Group stage,2026-06-17 00:00:00,Portugal,DR Congo,2.063178300857544,0.639021098613739,4,1,275.4864091486654,2.6,1.0,1.2,0.3,0.0,2.6,1.2,0.33,8.0,1.0,0.0,1.0,0.0,0.0,,,,
5,Group stage,2026-06-17 00:00:00,Uzbekistan,Colombia,0.7373384833335876,1.79137122631073,3,3,-213.1223064060914,1.5,0.7,2.1,1.0,0.0,1.5,2.1,0.33,0.0,6.0,0.0,1.0,0.0,0.0,,,,
5,Group stage,2026-06-18 00:00:00,Canada,Qatar,2.2501015663146973,0.43313613533973694,1,2,336.04249663728615,1.1,0.4,1.0,1.9,1.0,2.0,0.0,1.0,3.0,2.0,1.0,0.0,0.0,0.0,,,,
5,Group stage,2026-06-18 00:00:00,Czech Republic,South Africa,1.6127821207046509,0.9669168591499329,1,2,150.5312979738792,2.0,1.4,1.6,1.2,0.0,2.0,1.6,0.33,2.0,4.0,0.0,1.0,0.0,0.0,,,,
5,Group stage,2026-06-18 00:00:00,Mexico,South Korea,1.646407961845398,0.96562659740448,1,0,114.58450531302924,1.1,1.0,1.5,1.6,1.0,2.0,2.0,0.0,18.0,12.0,1.0,0.0,0.0,0.0,,,,
5,Group stage,2026-06-18 00:00:00,Switzerland,Bosnia and Herzegovina,2.4009275436401367,0.7141404747962952,1,0,317.983224740502,2.4,0.7,2.0,1.3,0.0,2.4,2.0,0.33,13.0,2.0,0.0,1.0,0.0,0.0,,,,
5,Group stage,2026-06-19 00:00:00,Brazil,Haiti,2.356898307800293,0.651295006275177,2,1,342.33448841443465,1.8,0.9,1.2,1.2,0.0,1.8,1.2,0.33,23.0,2.0,0.0,1.0,0.0,0.0,,,,
5,Group stage,2026-06-19 00:00:00,Scotland,Morocco,0.8684078454971313,1.5648630857467651,1,1,-175.11340108388777,1.9,1.0,1.6,0.3,0.0,1.9,1.6,0.33,9.0,7.0,0.0,1.0,0.0,0.0,,,,
5,Group stage,2026-06-19 00:00:00,Turkey,Paraguay,1.1870965957641602,1.4501031637191772,1,1,-38.63468751731557,1.9,1.5,1.0,1.1,0.0,1.9,1.0,0.33,3.0,9.0,0.0,1.0,0.0,0.0,,,,
5,Group stage,2026-06-19 00:00:00,United States,Australia,1.225404143333435,1.4141663312911987,1,2,-168.0372777307873,1.6,1.7,1.6,0.9,1.0,2.0,1.0,1.0,12.0,7.0,1.0,0.0,0.0,0.0,,,,
5,Group stage,2026-06-20 00:00:00,Ecuador,Curaçao,2.575241804122925,0.5820966362953186,5,0,422.8030142341827,0.8,0.4,1.5,1.6,0.0,0.8,1.5,0.33,5.0,1.0,0.0,1.0,0.0,0.0,,,,
5,Group stage,2026-06-20 00:00:00,Germany,Ivory Coast,2.079193115234375,0.8120783567428589,3,0,208.98177838461652,2.6,0.9,1.7,0.8,0.0,2.6,1.7,0.33,21.0,4.0,0.0,1.0,0.0,0.0,,,,
5,Group stage,2026-06-20 00:00:00,Netherlands,Sweden,2.5470454692840576,0.9653366804122925,2,2,269.76283661348316,2.9,0.7,1.5,2.0,0.0,2.9,1.5,0.33,12.0,14.0,0.0,1.0,0.0,0.0,,,,
5,Group stage,2026-06-20 00:00:00,Tunisia,Japan,0.8196573853492737,1.7133256196975708,1,1,-212.6702564949237,1.5,1.0,1.9,0.7,0.0,1.5,1.9,0.33,7.0,8.0,0.0,1.0,0.0,0.0,,,,
5,Group stage,2026-06-21 00:00:00,Belgium,Iran,1.6493746042251587,1.0719226598739624,2,0,84.4357067105359,3.6,1.0,1.4,0.8,0.0,3.6,1.4,0.33,15.0,7.0,0.0,1.0,0.0,0.0,,,,
5,Group stage,2026-06-21 00:00:00,New Zealand,Egypt,1.109062671661377,1.1997177600860596,2,0,-0.4658917576480235,0.9,1.5,1.4,0.7,1.0,0.0,1.0,0.0,3.0,4.0,0.0,1.0,0.0,0.0,,,,
5,Group stage,2026-06-21 00:00:00,Spain,Saudi Arabia,3.182708263397217,0.445957750082016,3,0,550.4605133047892,3.3,0.4,0.9,1.4,0.0,3.3,0.9,0.33,17.0,7.0,0.0,1.0,0.0,0.0,,,,
5,Group stage,2026-06-21 00:00:00,Uruguay,Cape Verde,2.2829015254974365,0.6792447566986084,1,0,325.9953467696323,1.1,0.7,1.4,1.7,0.0,1.1,1.4,0.33,15.0,1.0,0.0,1.0,0.0,0.0,,,,
5,Group stage,2026-06-22 00:00:00,Argentina,Austria,2.0515975952148438,0.7807531356811523,3,0,253.05962752654955,2.2,0.4,2.8,0.4,0.0,2.2,2.8,0.33,19.0,8.0,0.0,1.0,0.0,0.0,,,,
5,Group stage,2026-06-22 00:00:00,France,Iraq,2.5921742916107178,0.473579466342926,2,0,418.7210746627834,2.4,0.6,1.0,0.8,0.0,2.4,1.0,0.33,17.0,2.0,0.0,1.0,0.0,0.0,,,,
5,Group stage,2026-06-22 00:00:00,Jordan,Algeria,0.959736704826355,1.647598385810852,1,0,-123.8274561341882,1.8,1.4,1.9,0.5,0.0,1.8,1.9,0.33,1.0,5.0,0.0,1.0,0.0,0.0,,,,
5,Group stage,2026-06-22 00:00:00,Norway,Senegal,1.5615144968032837,0.9574625492095947,2,0,67.53658478684929,2.9,0.6,1.7,0.7,0.0,2.9,1.7,0.33,4.0,4.0,0.0,1.0,0.0,0.0,,,,
5,Group stage,2026-06-23 00:00:00,Colombia,DR Congo,2.098018169403076,0.7444911599159241,3,0,282.9248944662602,2.4,1.3,1.2,0.7,0.0,2.4,1.2,0.33,7.0,2.0,0.0,1.0,0.0,0.0,,,,
5,Group stage,2026-06-23 00:00:00,England,Ghana,2.6005523204803467,0.7099780440330505,2,0,461.63324414278895,2.2,0.5,1.4,1.1,0.0,2.2,1.4,0.33,17.0,5.0,0.0,1.0,0.0,0.0,,,,
5,Group stage,2026-06-23 00:00:00,Panama,Croatia,0.9696625471115112,1.5088562965393066,0,1,-121.15619886876584,1.3,0.8,2.2,0.9,0.0,1.3,2.2,0.33,2.0,7.0,0.0,1.0,0.0,0.0,,,,
5,Group stage,2026-06-23 00:00:00,Portugal,Uzbekistan,2.1265180110931396,0.8089537024497986,1,1,208.58629060429575,2.8,1.0,1.6,0.8,0.0,2.8,1.6,0.33,9.0,1.0,0.0,1.0,0.0,0.0,,,,
5,Group stage,2026-06-24 00:00:00,Bosnia and Herzegovina,Qatar,1.4680507183074951,1.2645004987716675,1,2,-0.8800994616385651,1.9,1.2,1.0,1.8,0.0,1.9,1.0,0.33,2.0,2.0,0.0,1.0,0.0,0.0,,,,
5,Group stage,2026-06-24 00:00:00,Canada,Switzerland,1.0906412601470947,1.1839767694473267,4,1,-108.62397407335084,1.1,0.5,2.1,0.7,0.0,1.1,2.1,0.33,3.0,13.0,1.0,0.0,0.0,0.0,,,,
5,Group stage,2026-06-24 00:00:00,Mexico,Czech Republic,1.7697412967681885,0.750663161277771,2,1,153.91578212252875,1.2,0.6,2.0,1.1,0.0,1.2,2.0,0.33,18.0,2.0,1.0,0.0,0.0,0.0,,,,
5,Group stage,2026-06-24 00:00:00,Morocco,Haiti,2.0742623805999756,0.5930598974227905,5,2,336.153600356183,1.5,0.4,1.2,1.2,0.0,1.5,1.2,0.33,7.0,2.0,0.0,1.0,0.0,0.0,,,,
5,Group stage,2026-06-24 00:00:00,Scotland,Brazil,0.9408592581748962,1.9621646404266357,0,1,-168.05654218890731,1.6,1.1,1.9,1.0,0.0,1.6,1.9,0.33,9.0,23.0,0.0,1.0,0.0,0.0,,,,
5,Group stage,2026-06-24 00:00:00,South Africa,South Korea,1.2351253032684326,1.5520066022872925,2,0,-78.34813866318359,1.8,1.3,1.1,1.7,0.0,1.8,1.1,0.33,4.0,12.0,0.0,1.0,0.0,0.0,,,,
5,Group stage,2026-06-25 00:00:00,Curaçao,Ivory Coast,0.8864296078681946,2.0079290866851807,0,2,-162.59267285576743,1.4,1.9,1.7,1.0,0.0,1.4,1.7,0.33,1.0,4.0,0.0,1.0,0.0,0.0,,,,
5,Group stage,2026-06-25 00:00:00,Ecuador,Germany,1.1779223680496216,1.2945441007614136,2,2,22.081226726987552,1.3,0.4,2.9,0.7,0.0,1.3,2.9,0.33,5.0,21.0,0.0,1.0,0.0,0.0,,,,
5,Group stage,2026-06-25 00:00:00,Japan,Sweden,1.9424006938934326,1.0002113580703735,2,0,218.1081556127549,1.4,0.8,1.3,1.9,0.0,1.4,1.3,0.33,8.0,14.0,0.0,1.0,0.0,0.0,,,,
5,Group stage,2026-06-25 00:00:00,Paraguay,Australia,1.0583990812301636,1.2981808185577393,1,0,-43.46764957237042,1.1,1.1,1.6,0.9,0.0,1.1,1.6,0.33,9.0,7.0,0.0,1.0,0.0,0.0,,,,
5,Group stage,2026-06-25 00:00:00,Tunisia,Netherlands,0.9666123986244202,1.75398850440979,3,2,-192.54860821973148,1.6,1.0,2.3,0.9,0.0,1.6,2.3,0.33,7.0,12.0,0.0,1.0,0.0,0.0,,,,
5,Group stage,2026-06-25 00:00:00,United States,Turkey,1.3663090467453003,1.4238981008529663,1,3,-140.97785186538817,1.6,1.7,2.0,1.5,1.0,1.0,2.0,0.0,12.0,3.0,1.0,0.0,0.0,0.0,,,,
5,Group stage,2026-06-26 00:00:00,Cape Verde,Saudi Arabia,1.2035681009292603,1.3906283378601074,1,1,-26.704614486386618,1.3,1.7,0.8,1.7,0.0,1.3,0.8,0.33,1.0,7.0,0.0,1.0,0.0,0.0,,,,
5,Group stage,2026-06-26 00:00:00,Egypt,Iran,1.0151782035827637,1.303307294845581,0,3,-69.3681147484333,1.2,0.8,1.2,0.8,0.0,1.2,1.2,0.33,4.0,7.0,0.0,1.0,0.0,0.0,,,,
5,Group stage,2026-06-26 00:00:00,New Zealand,Belgium,1.0112075805664062,1.7834523916244507,0,1,-132.69740079546455,1.0,1.3,3.4,0.7,0.0,1.0,3.4,0.33,3.0,15.0,0.0,1.0,0.0,0.0,,,,
5,Group stage,2026-06-26 00:00:00,Norway,France,1.0730503797531128,1.865344762802124,0,2,-140.4470361623628,3.0,0.6,2.4,0.6,0.0,3.0,2.4,0.33,4.0,17.0,0.0,1.0,0.0,0.0,,,,
5,Group stage,2026-06-26 00:00:00,Senegal,Iraq,1.5471100807189941,0.7734991908073425,2,0,152.8447182388611,1.4,0.9,0.9,1.0,0.0,1.4,0.9,0.33,4.0,2.0,0.0,1.0,0.0,0.0,,,,
5,Group stage,2026-06-26 00:00:00,Uruguay,Spain,0.8471864461898804,2.2111830711364746,1,3,-243.7116289267003,1.0,0.7,3.4,0.2,0.0,1.0,3.4,0.33,15.0,17.0,0.0,1.0,0.0,0.0,,,,
5,Group stage,2026-06-27 00:00:00,Algeria,Austria,1.115643858909607,1.3226178884506226,1,0,-46.97776326430585,1.7,0.6,2.4,0.7,0.0,1.7,2.4,0.33,5.0,8.0,0.0,1.0,0.0,0.0,,,,
5,Group stage,2026-06-27 00:00:00,Colombia,Portugal,1.4378535747528076,1.3619093894958496,0,1,5.085236626169717,2.6,1.2,2.7,0.9,0.0,2.6,2.7,0.33,7.0,9.0,0.0,1.0,0.0,0.0,,,,
5,Group stage,2026-06-27 00:00:00,Croatia,Ghana,2.071604013442993,0.5509716868400574,1,2,348.93031953624427,1.8,0.8,1.0,1.3,0.0,1.8,1.0,0.33,7.0,5.0,0.0,1.0,0.0,0.0,,,,
5,Group stage,2026-06-27 00:00:00,DR Congo,Uzbekistan,0.9231482148170471,1.4622644186019897,0,0,-135.9350191933279,1.1,1.0,1.7,0.9,0.0,1.1,1.7,0.33,2.0,1.0,0.0,1.0,0.0,0.0,,,,
5,Group stage,2026-06-27 00:00:00,Jordan,Argentina,0.5278832316398621,2.631974220275879,1,4,-383.02561245902257,1.7,1.1,2.4,0.4,0.0,1.7,2.4,0.33,1.0,19.0,0.0,1.0,0.0,0.0,,,,
5,Group stage,2026-06-27 00:00:00,Panama,England,0.6007703542709351,1.956642985343933,1,1,-285.5414343142004,1.2,0.8,2.3,0.2,0.0,1.2,2.3,0.33,2.0,17.0,0.0,1.0,0.0,0.0,,,,
5,Round of 32,2026-06-28 19:00:00,Mexico,Switzerland,1.3154529333114624,1.1675630807876587,0,1,55.6517421622782,1.3,0.6,1.8,1.1,1.0,2.0,4.0,0.0,18.0,13.0,0.0,1.0,0.0,0.0,73.0,Switzerland,Mexico,False
5,Round of 32,2026-06-29 17:00:00,Morocco,Japan,1.2066826820373535,1.0376969575881958,2,2,20.988335754687796,1.9,0.5,1.6,0.8,0.0,1.9,1.6,0.33,7.0,8.0,0.0,1.0,0.0,0.0,74.0,Morocco,Japan,True
5,Round of 32,2026-06-29 20:30:00,Germany,Scotland,2.035639524459839,0.863980770111084,0,0,177.79491958113613,3.1,0.7,1.6,1.2,1.0,5.0,1.0,1.0,21.0,9.0,0.0,1.0,0.0,0.0,75.0,Scotland,Germany,True
5,Round of 32,2026-06-30 01:00:00,Tunisia,Brazil,0.8743218779563904,1.9038540124893188,1,1,-199.90191787909976,1.7,1.0,1.7,1.0,2.0,1.0,3.0,0.0,7.0,23.0,0.0,1.0,0.0,0.0,76.0,Brazil,Tunisia,True
5,Round of 32,2026-06-30 17:00:00,Ecuador,Norway,1.2886286973953247,1.0553616285324097,1,0,46.48396116302956,1.5,0.6,2.9,0.8,0.0,1.5,2.9,0.33,5.0,4.0,0.0,1.0,0.0,0.0,77.0,Ecuador,Norway,False
5,Round of 32,2026-06-30 21:00:00,France,Turkey,2.100433111190796,0.8197664618492126,3,0,239.5231936335881,2.4,0.6,2.0,1.4,0.0,2.4,2.0,0.33,17.0,3.0,0.0,1.0,0.0,0.0,78.0,France,Turkey,False
5,Round of 32,2026-07-01 01:00:00,South Africa,Senegal,1.0119673013687134,1.567870855331421,1,4,-123.65763523306191,1.7,1.3,1.5,0.8,0.0,1.7,1.5,0.33,4.0,4.0,0.0,1.0,0.0,0.0,79.0,Senegal,South Africa,False
5,Round of 32,2026-07-01 16:00:00,England,Uzbekistan,2.0796735286712646,0.7189558744430542,2,3,227.70526759730842,2.2,0.3,1.4,0.9,0.0,2.2,1.4,0.33,17.0,1.0,0.0,1.0,0.0,0.0,80.0,Uzbekistan,England,False
5,Round of 32,2026-07-01 20:00:00,Belgium,Czech Republic,2.322084426879883,0.7967641353607178,2,0,201.3603283294085,2.9,0.7,1.9,1.3,0.0,2.9,1.9,0.33,15.0,2.0,0.0,1.0,0.0,0.0,81.0,Belgium,Czech Republic,False
5,Round of 32,2026-07-02 00:00:00,Paraguay,Qatar,2.1563940048217773,0.5738022327423096,1,1,321.52968249689957,1.2,1.1,1.0,1.7,0.0,1.2,1.0,0.33,9.0,2.0,0.0,1.0,0.0,0.0,82.0,Paraguay,Qatar,True
5,Round of 32,2026-07-02 19:00:00,Colombia,Ghana,2.2335968017578125,0.686346709728241,1,2,334.7075796723068,2.3,1.3,1.1,1.3,0.0,2.3,1.1,0.33,7.0,5.0,0.0,1.0,0.0,0.0,83.0,Ghana,Colombia,False
5,Round of 32,2026-07-02 23:00:00,Spain,Algeria,2.1823339462280273,0.6716393232345581,6,2,377.4957351317287,3.4,0.3,1.7,0.5,0.0,3.4,1.7,0.33,17.0,5.0,0.0,1.0,0.0,0.0,84.0,Spain,Algeria,False
5,Round of 32,2026-07-03 03:00:00,Canada,Iran,1.1651853322982788,0.996609628200531,1,2,48.36860784021769,1.2,0.6,1.5,0.7,0.0,1.2,1.5,0.33,3.0,7.0,0.0,1.0,0.0,0.0,85.0,Iran,Canada,False
5,Round of 32,2026-07-03 18:00:00,Australia,New Zealand,1.4970141649246216,0.7725898623466492,0,1,137.89503399194246,1.5,1.0,1.0,1.3,5.0,1.8,0.2,1.0,7.0,3.0,0.0,1.0,0.0,0.0,86.0,New Zealand,Australia,False
5,Round of 32,2026-07-03 22:00:00,Argentina,Uruguay,1.7823419570922852,0.924101710319519,1,1,217.8563711663462,2.7,0.4,0.8,1.0,2.0,0.5,1.0,0.5,19.0,15.0,0.0,1.0,0.0,0.0,87.0,Uruguay,Argentina,True
5,Round of 32,2026-07-04 01:30:00,Portugal,Croatia,1.4692106246948242,0.9580284357070923,4,1,147.37385328105574,2.3,0.9,1.8,1.0,3.0,1.3333333333333333,1.3333333333333333,0.3333333333333333,9.0,7.0,0.0,1.0,0.0,0.0,88.0,Portugal,Croatia,False
5,Round of 16,2026-07-04 17:00:00,Switzerland,Scotland,1.3154422044754028,1.0582479238510132,0,0,51.047851877295216,1.6,1.1,1.4,1.2,1.0,1.0,1.0,0.0,13.0,9.0,0.0,1.0,0.0,0.0,89.0,Scotland,Switzerland,True
5,Round of 16,2026-07-04 21:00:00,Morocco,Ecuador,1.0784807205200195,1.0647845268249512,2,1,-16.91693475673378,1.8,0.7,1.5,0.6,1.0,1.0,1.0,0.0,7.0,5.0,0.0,1.0,0.0,0.0,90.0,Morocco,Ecuador,False
5,Round of 16,2026-07-05 20:00:00,Brazil,France,0.9630786180496216,1.75241219997406,2,2,-151.11028933404464,1.8,1.0,2.5,0.5,1.0,1.0,2.0,0.0,23.0,17.0,0.0,1.0,0.0,0.0,91.0,France,Brazil,True
5,Round of 16,2026-07-06 00:00:00,Senegal,Uzbekistan,1.4077762365341187,1.0646562576293945,2,0,32.8590029099953,1.6,0.9,1.5,1.1,0.0,1.6,1.5,0.33,4.0,1.0,0.0,1.0,0.0,0.0,92.0,Senegal,Uzbekistan,False
5,Round of 16,2026-07-06 19:00:00,Ghana,Spain,0.634384036064148,3.2905566692352295,0,3,-523.3974900992068,1.2,1.4,3.4,0.5,0.0,1.2,3.4,0.33,5.0,17.0,0.0,1.0,0.0,0.0,93.0,Spain,Ghana,False
5,Round of 16,2026-07-07 00:00:00,Belgium,Paraguay,1.4577252864837646,1.0904247760772705,1,1,22.28737503939874,2.5,0.7,1.2,1.2,0.0,2.5,1.2,0.33,15.0,9.0,0.0,1.0,0.0,0.0,94.0,Belgium,Paraguay,True
5,Round of 16,2026-07-07 16:00:00,New Zealand,Portugal,0.8082438111305237,1.7739648818969727,2,3,-255.9210954727621,1.0,1.0,2.4,0.8,0.0,1.0,2.4,0.33,3.0,9.0,0.0,1.0,0.0,0.0,95.0,Portugal,New Zealand,False
5,Round of 16,2026-07-07 20:00:00,Iran,Uruguay,0.9615648984909058,1.506018877029419,3,0,-131.89450420410344,1.4,0.8,0.9,1.1,1.0,1.0,0.0,1.0,7.0,15.0,0.0,1.0,0.0,0.0,96.0,Iran,Uruguay,False
5,Quarter-final,2026-07-09 20:00:00,Scotland,Morocco,0.9403997659683228,1.5089104175567627,2,3,-158.1053930860228,1.1,1.1,1.9,0.8,1.0,1.0,1.0,0.0,9.0,7.0,0.0,1.0,0.0,0.0,97.0,Morocco,Scotland,False
5,Quarter-final,2026-07-10 19:00:00,Spain,Belgium,2.031160593032837,0.9314684867858887,0,3,235.54518351064576,3.5,0.5,2.6,0.8,0.0,3.5,2.6,0.33,17.0,15.0,0.0,1.0,0.0,0.0,98.0,Belgium,Spain,False
5,Quarter-final,2026-07-11 21:00:00,France,Senegal,1.7926716804504395,0.8000195622444153,2,0,245.57733299870665,2.4,0.7,1.5,0.8,1.0,1.0,0.0,1.0,17.0,4.0,0.0,1.0,0.0,0.0,99.0,France,Senegal,False
5,Quarter-final,2026-07-12 01:00:00,Portugal,Iran,1.6533479690551758,0.8873524069786072,2,0,161.81565524599728,2.6,1.0,1.6,0.6,0.0,2.6,1.6,0.33,9.0,7.0,0.0,1.0,0.0,0.0,100.0,Portugal,Iran,False
5,Semi-final,2026-07-14 19:00:00,Morocco,Belgium,1.1750408411026,1.4612421989440918,1,0,-20.151004405218373,2.0,1.0,2.5,0.6,1.0,2.0,0.0,1.0,7.0,15.0,0.0,1.0,0.0,0.0,101.0,Morocco,Belgium,False
5,Semi-final,2026-07-15 19:00:00,France,Portugal,1.3810168504714966,1.0752900838851929,1,2,98.0003929146103,2.4,0.5,2.6,0.8,1.0,0.0,0.0,0.0,17.0,9.0,0.0,1.0,0.0,0.0,102.0,Portugal,France,False
5,Third-place playoff,2026-07-18 21:00:00,Belgium,France,0.947722315788269,1.4788185358047485,4,2,-121.46544852883267,2.4,0.6,2.1,0.7,3.0,0.3333333333333333,1.6666666666666667,0.0,15.0,17.0,0.0,1.0,0.0,0.0,103.0,Belgium,France,False
5,Final,2026-07-19 19:00:00,Morocco,Portugal,1.12263822555542,1.4620519876480103,3,0,-56.62906962750549,2.1,1.0,2.8,0.7,1.0,1.0,0.0,1.0,7.0,9.0,0.0,1.0,0.0,0.0,104.0,Morocco,Portugal,False
6,Group stage,2026-06-11 00:00:00,Mexico,South Africa,2.1329286098480225,0.6023440957069397,2,0,297.64561459530705,1.1,1.0,1.5,1.1,0.0,1.1,1.5,0.33,17.0,3.0,1.0,0.0,0.0,0.0,,,,
6,Group stage,2026-06-11 00:00:00,South Korea,Czech Republic,1.656619668006897,0.9059049487113953,1,0,98.40437375226111,1.5,1.2,1.8,1.2,0.0,1.5,1.8,0.33,11.0,1.0,0.0,1.0,0.0,0.0,,,,
6,Group stage,2026-06-12 00:00:00,Canada,Bosnia and Herzegovina,2.178720712661743,0.6230993866920471,2,0,252.19701310772894,1.1,0.4,2.1,1.1,0.0,1.1,2.1,0.33,2.0,1.0,1.0,0.0,0.0,0.0,,,,
6,Group stage,2026-06-12 00:00:00,United States,Paraguay,1.3273921012878418,1.1478886604309082,2,1,-90.4406608260008,1.7,1.6,1.0,1.0,1.0,2.0,1.0,1.0,11.0,8.0,1.0,0.0,0.0,0.0,,,,
6,Group stage,2026-06-13 00:00:00,Australia,Turkey,1.306311845779419,1.4813357591629028,1,1,-47.69773714089274,1.5,0.9,2.1,1.4,0.0,1.5,2.1,0.33,6.0,2.0,0.0,1.0,0.0,0.0,,,,
6,Group stage,2026-06-13 00:00:00,Brazil,Morocco,1.3794176578521729,1.0310763120651245,0,2,71.7854817950124,1.8,0.8,1.8,0.5,1.0,1.0,2.0,0.0,22.0,6.0,0.0,1.0,0.0,0.0,,,,
6,Group stage,2026-06-13 00:00:00,Haiti,Scotland,0.8986091017723083,1.6037302017211914,1,1,-128.96035980586862,1.2,1.1,1.8,1.2,0.0,1.2,1.8,0.33,1.0,8.0,0.0,1.0,0.0,0.0,,,,
6,Group stage,2026-06-13 00:00:00,Qatar,Switzerland,0.5497463941574097,2.393497943878174,0,2,-360.84472108477416,0.9,1.9,2.5,0.8,0.0,0.9,2.5,0.33,1.0,12.0,0.0,1.0,0.0,0.0,,,,
6,Group stage,2026-06-14 00:00:00,Germany,Curaçao,2.8003809452056885,0.6807331442832947,7,1,361.1352259778141,2.3,1.1,1.6,1.3,0.0,2.3,1.6,0.33,20.0,0.0,0.0,1.0,0.0,0.0,,,,
6,Group stage,2026-06-14 00:00:00,Ivory Coast,Ecuador,0.7578378915786743,1.6096333265304565,1,0,-219.15155902699053,2.0,0.7,0.7,0.4,0.0,2.0,0.7,0.33,3.0,4.0,0.0,1.0,0.0,0.0,,,,
6,Group stage,2026-06-14 00:00:00,Netherlands,Japan,1.4094085693359375,1.0377333164215088,0,1,19.05367466640928,3.0,0.6,1.8,0.7,0.0,3.0,1.8,0.33,11.0,7.0,0.0,1.0,0.0,0.0,,,,
6,Group stage,2026-06-14 00:00:00,Sweden,Tunisia,1.4389334917068481,1.2469319105148315,0,1,22.565366858667858,1.6,1.8,1.4,1.0,0.0,1.6,1.4,0.33,13.0,6.0,0.0,1.0,0.0,0.0,,,,
6,Group stage,2026-06-15 00:00:00,Belgium,Egypt,1.4515180587768555,0.9129274487495422,3,0,99.79242592327387,3.5,1.0,1.3,0.8,1.0,1.0,2.0,0.0,14.0,3.0,0.0,1.0,0.0,0.0,,,,
6,Group stage,2026-06-15 00:00:00,Iran,New Zealand,1.6201878786087036,0.738328218460083,1,0,142.34033556219924,1.6,0.7,0.9,1.5,0.0,1.6,0.9,0.33,6.0,2.0,0.0,1.0,0.0,0.0,,,,
6,Group stage,2026-06-15 00:00:00,Saudi Arabia,Uruguay,0.7248218059539795,1.7654508352279663,2,3,-283.38107610897714,0.9,1.3,1.0,0.9,0.0,0.9,1.0,0.33,6.0,14.0,0.0,1.0,0.0,0.0,,,,
6,Group stage,2026-06-15 00:00:00,Spain,Cape Verde,3.966179609298706,0.5665221810340881,3,0,563.2850614519855,3.1,0.8,1.7,1.0,0.0,3.1,1.7,0.33,16.0,0.0,0.0,1.0,0.0,0.0,,,,
6,Group stage,2026-06-16 00:00:00,Argentina,Algeria,2.156207323074341,0.7074368596076965,4,1,323.48300707879844,2.5,0.4,2.3,0.5,0.0,2.5,2.3,0.33,18.0,4.0,0.0,1.0,0.0,0.0,,,,
6,Group stage,2026-06-16 00:00:00,Austria,Jordan,2.314819097518921,0.9839795827865601,7,1,80.9944962008201,2.8,0.5,2.0,1.5,0.0,2.8,2.0,0.33,7.0,0.0,0.0,1.0,0.0,0.0,,,,
6,Group stage,2026-06-16 00:00:00,France,Senegal,2.243558645248413,0.8569515347480774,1,0,209.2497238875883,2.7,1.1,2.5,0.6,0.0,2.7,2.5,0.33,16.0,3.0,0.0,1.0,0.0,0.0,,,,
6,Group stage,2026-06-16 00:00:00,Iraq,Norway,0.7500935196876526,1.7158862352371216,0,3,-223.33641759859006,1.1,0.7,3.1,0.6,0.0,1.1,3.1,0.33,1.0,3.0,0.0,1.0,0.0,0.0,,,,
6,Group stage,2026-06-17 00:00:00,England,Croatia,1.630310297012329,1.0758646726608276,2,1,94.46756707201507,2.2,0.5,2.9,0.8,0.0,2.2,2.9,0.33,16.0,6.0,0.0,1.0,0.0,0.0,,,,
6,Group stage,2026-06-17 00:00:00,Ghana,Panama,0.8218146562576294,1.872027039527893,2,4,-237.5714618522527,1.5,1.3,1.3,0.8,0.0,1.5,1.3,0.33,4.0,1.0,0.0,1.0,0.0,0.0,,,,
6,Group stage,2026-06-17 00:00:00,Portugal,DR Congo,2.063178300857544,0.639021098613739,6,1,275.4864091486654,2.6,1.0,1.2,0.3,0.0,2.6,1.2,0.33,8.0,1.0,0.0,1.0,0.0,0.0,,,,
6,Group stage,2026-06-17 00:00:00,Uzbekistan,Colombia,0.7373384833335876,1.79137122631073,1,2,-213.1223064060914,1.5,0.7,2.1,1.0,0.0,1.5,2.1,0.33,0.0,6.0,0.0,1.0,0.0,0.0,,,,
6,Group stage,2026-06-18 00:00:00,Canada,Qatar,2.1844961643218994,0.42849573493003845,1,0,336.04249663728615,1.1,0.4,0.9,1.8,1.0,2.0,0.0,1.0,3.0,2.0,1.0,0.0,0.0,0.0,,,,
6,Group stage,2026-06-18 00:00:00,Czech Republic,South Africa,1.4597796201705933,0.9643605351448059,2,1,104.1539740003202,1.6,1.3,1.4,1.2,0.0,1.6,1.4,0.33,2.0,4.0,0.0,1.0,0.0,0.0,,,,
6,Group stage,2026-06-18 00:00:00,Mexico,South Korea,1.5436010360717773,0.9393976926803589,2,1,68.20718133947025,1.1,0.8,1.4,1.2,1.0,2.0,2.0,0.0,18.0,12.0,1.0,0.0,0.0,0.0,,,,
6,Group stage,2026-06-18 00:00:00,Switzerland,Bosnia and Herzegovina,2.405846118927002,0.7109799981117249,4,2,317.983224740502,2.3,0.6,2.0,1.3,0.0,2.3,2.0,0.33,13.0,2.0,0.0,1.0,0.0,0.0,,,,
6,Group stage,2026-06-19 00:00:00,Brazil,Haiti,2.3239643573760986,0.6450365781784058,3,1,294.27862161109033,1.8,1.0,1.2,1.1,0.0,1.8,1.2,0.33,23.0,2.0,0.0,1.0,0.0,0.0,,,,
6,Group stage,2026-06-19 00:00:00,Scotland,Morocco,0.7893003821372986,1.7164363861083984,2,3,-223.16926788723208,1.8,1.0,1.7,0.3,0.0,1.8,1.7,0.33,9.0,7.0,0.0,1.0,0.0,0.0,,,,
6,Group stage,2026-06-19 00:00:00,Turkey,Paraguay,1.4678188562393188,1.091665267944336,1,2,68.41174891909031,2.0,1.4,0.9,1.2,0.0,2.0,0.9,0.33,3.0,9.0,0.0,1.0,0.0,0.0,,,,
6,Group stage,2026-06-19 00:00:00,United States,Australia,1.4500094652175903,1.1652683019638062,1,2,-60.990841294381426,1.7,1.6,1.5,1.0,1.0,2.0,1.0,1.0,12.0,7.0,1.0,0.0,0.0,0.0,,,,
6,Group stage,2026-06-20 00:00:00,Ecuador,Curaçao,2.4813544750213623,0.6469459533691406,2,2,364.4705404605811,0.7,0.5,1.6,1.9,0.0,0.7,1.6,0.33,5.0,1.0,0.0,1.0,0.0,0.0,,,,
6,Group stage,2026-06-20 00:00:00,Germany,Ivory Coast,1.8040616512298584,0.8861059546470642,1,1,150.64930461101494,2.9,1.0,1.8,0.7,0.0,2.9,1.8,0.33,21.0,4.0,0.0,1.0,0.0,0.0,,,,
6,Group stage,2026-06-20 00:00:00,Netherlands,Sweden,2.2995035648345947,1.0154165029525757,2,1,239.76283661348316,2.8,0.7,1.4,1.9,0.0,2.8,1.4,0.33,12.0,14.0,0.0,1.0,0.0,0.0,,,,
6,Group stage,2026-06-20 00:00:00,Tunisia,Japan,0.8106552958488464,1.813096046447754,1,1,-242.6702564949237,1.4,0.9,1.9,0.6,0.0,1.4,1.9,0.33,7.0,8.0,0.0,1.0,0.0,0.0,,,,
6,Group stage,2026-06-21 00:00:00,Belgium,Iran,1.5192952156066895,1.115263819694519,2,2,40.64517145745549,3.7,0.9,1.5,0.7,0.0,3.7,1.5,0.33,15.0,7.0,0.0,1.0,0.0,0.0,,,,
6,Group stage,2026-06-21 00:00:00,New Zealand,Egypt,1.0755550861358643,1.302990198135376,0,1,-44.2564270107282,0.8,1.6,1.3,0.8,1.0,0.0,1.0,0.0,3.0,4.0,0.0,1.0,0.0,0.0,,,,
6,Group stage,2026-06-21 00:00:00,Spain,Saudi Arabia,3.0068373680114746,0.5380033850669861,2,0,549.3326254945928,2.9,0.4,1.1,1.6,0.0,2.9,1.1,0.33,17.0,7.0,0.0,1.0,0.0,0.0,,,,
6,Group stage,2026-06-21 00:00:00,Uruguay,Cape Verde,2.253361463546753,0.6790304780006409,2,1,324.8674589594359,1.3,0.9,1.4,1.3,0.0,1.3,1.4,0.33,15.0,1.0,0.0,1.0,0.0,0.0,,,,
6,Group stage,2026-06-22 00:00:00,Argentina,Austria,2.115696907043457,0.7920010089874268,3,0,274.653684546887,2.5,0.4,3.3,0.5,0.0,2.5,3.3,0.33,19.0,8.0,0.0,1.0,0.0,0.0,,,,
6,Group stage,2026-06-22 00:00:00,France,Iraq,2.666651964187622,0.47084319591522217,1,0,428.4677945994615,2.4,0.6,1.0,1.0,0.0,2.4,1.0,0.33,17.0,2.0,0.0,1.0,0.0,0.0,,,,
6,Group stage,2026-06-22 00:00:00,Jordan,Algeria,1.0664162635803223,1.8676172494888306,2,5,-102.23339911385074,1.9,1.9,1.9,0.8,0.0,1.9,1.9,0.33,1.0,5.0,0.0,1.0,0.0,0.0,,,,
6,Group stage,2026-06-22 00:00:00,Norway,Senegal,1.5904072523117065,0.9624053835868835,2,0,77.28330472352741,3.1,0.6,1.7,0.7,0.0,3.1,1.7,0.33,4.0,4.0,0.0,1.0,0.0,0.0,,,,
6,Group stage,2026-06-23 00:00:00,Colombia,DR Congo,2.120750665664673,0.6772891283035278,0,1,315.47447122841663,2.3,1.1,1.2,0.9,0.0,2.3,1.2,0.33,7.0,2.0,0.0,1.0,0.0,0.0,,,,
6,Group stage,2026-06-23 00:00:00,England,Ghana,2.814026355743408,0.7320671081542969,6,1,497.72361999173404,2.3,0.6,1.6,1.5,0.0,2.3,1.6,0.33,17.0,5.0,0.0,1.0,0.0,0.0,,,,
6,Group stage,2026-06-23 00:00:00,Panama,Croatia,1.1128451824188232,1.4760850667953491,2,0,-85.06582301982075,1.7,1.0,2.3,1.0,0.0,1.7,2.3,0.33,2.0,7.0,0.0,1.0,0.0,0.0,,,,
6,Group stage,2026-06-23 00:00:00,Portugal,Uzbekistan,2.1471405029296875,0.7742224335670471,1,1,241.1358673664522,3.0,1.0,1.4,0.7,0.0,3.0,1.4,0.33,9.0,1.0,0.0,1.0,0.0,0.0,,,,
6,Group stage,2026-06-24 00:00:00,Bosnia and Herzegovina,Qatar,1.7935714721679688,1.1941182613372803,1,3,54.974390979005875,2.1,1.5,0.7,1.7,0.0,2.1,0.7,0.33,2.0,2.0,0.0,1.0,0.0,0.0,,,,
6,Group stage,2026-06-24 00:00:00,Canada,Switzerland,1.2012898921966553,1.0127352476119995,1,3,-52.7694836327064,1.1,0.3,2.3,0.8,0.0,1.1,2.3,0.33,3.0,13.0,1.0,0.0,0.0,0.0,,,,
6,Group stage,2026-06-24 00:00:00,Mexico,Czech Republic,1.8939037322998047,0.6497771739959717,2,2,205.30475637546783,1.3,0.5,1.7,0.9,0.0,1.3,1.7,0.33,18.0,2.0,1.0,0.0,0.0,0.0,,,,
6,Group stage,2026-06-24 00:00:00,Morocco,Haiti,2.181419610977173,0.5860008001327515,0,1,357.8062668383734,1.8,0.5,1.2,1.2,0.0,1.8,1.2,0.33,7.0,2.0,0.0,1.0,0.0,0.0,,,,
6,Group stage,2026-06-24 00:00:00,Scotland,Brazil,0.8492929935455322,2.0497829914093018,0,2,-213.59747506440908,1.6,1.3,2.0,1.1,0.0,1.6,2.0,0.33,9.0,23.0,0.0,1.0,0.0,0.0,,,,
6,Group stage,2026-06-24 00:00:00,South Africa,South Korea,0.8784992098808289,1.9362661838531494,0,0,-250.75805979836628,1.5,1.4,1.1,1.4,0.0,1.5,1.1,0.33,4.0,12.0,0.0,1.0,0.0,0.0,,,,
6,Group stage,2026-06-25 00:00:00,Curaçao,Ivory Coast,0.7827135324478149,2.2044379711151123,2,0,-227.64084559093794,1.7,1.9,1.9,0.7,0.0,1.7,1.9,0.33,1.0,4.0,0.0,1.0,0.0,0.0,,,,
6,Group stage,2026-06-25 00:00:00,Ecuador,Germany,1.0869628190994263,1.5005685091018677,1,3,-36.20565299063878,0.9,0.7,3.0,0.9,0.0,0.9,3.0,0.33,5.0,21.0,0.0,1.0,0.0,0.0,,,,
6,Group stage,2026-06-25 00:00:00,Japan,Sweden,2.041332721710205,0.8273571729660034,1,3,277.95336672222606,1.4,0.7,1.1,1.8,0.0,1.4,1.1,0.33,8.0,14.0,0.0,1.0,0.0,0.0,,,,
6,Group stage,2026-06-25 00:00:00,Paraguay,Australia,1.1599953174591064,1.1898235082626343,0,2,-26.422028199359374,1.1,1.2,1.5,1.0,0.0,1.1,1.5,0.33,9.0,7.0,0.0,1.0,0.0,0.0,,,,
6,Group stage,2026-06-25 00:00:00,Tunisia,Netherlands,0.9544161558151245,1.7405375242233276,1,4,-192.39381932920264,1.5,0.9,2.2,0.8,0.0,1.5,2.2,0.33,7.0,12.0,0.0,1.0,0.0,0.0,,,,
6,Group stage,2026-06-25 00:00:00,United States,Turkey,1.4613419771194458,1.3435553312301636,1,2,-98.0251033651889,1.7,1.6,2.1,1.5,1.0,1.0,2.0,0.0,12.0,3.0,1.0,0.0,0.0,0.0,,,,
6,Group stage,2026-06-26 00:00:00,Cape Verde,Saudi Arabia,1.2483868598937988,1.338901162147522,0,0,-26.204399736625874,1.4,1.4,1.0,1.8,0.0,1.4,1.0,0.33,1.0,7.0,0.0,1.0,0.0,0.0,,,,
6,Group stage,2026-06-26 00:00:00,Egypt,Iran,0.9582359194755554,1.3715839385986328,1,0,-112.08595819646075,1.2,0.7,1.5,0.7,0.0,1.2,1.5,0.33,4.0,7.0,0.0,1.0,0.0,0.0,,,,
6,Group stage,2026-06-26 00:00:00,New Zealand,Belgium,0.8289872407913208,2.179421901702881,1,3,-242.3984868412765,0.7,1.5,3.5,0.8,0.0,0.7,3.5,0.33,3.0,15.0,0.0,1.0,0.0,0.0,,,,
6,Group stage,2026-06-26 00:00:00,Norway,France,1.1230169534683228,1.7174845933914185,3,2,-129.18915550354927,3.2,0.6,2.3,0.6,0.0,3.2,2.3,0.33,4.0,17.0,0.0,1.0,0.0,0.0,,,,
6,Group stage,2026-06-26 00:00:00,Senegal,Iraq,1.6160794496536255,0.7845628261566162,1,0,161.08027745340382,1.4,0.9,0.9,1.1,0.0,1.4,0.9,0.33,4.0,2.0,0.0,1.0,0.0,0.0,,,,
6,Group stage,2026-06-26 00:00:00,Uruguay,Spain,0.8758822083473206,1.96445631980896,0,0,-241.95606805606826,1.3,1.0,2.9,0.2,0.0,1.3,2.9,0.33,15.0,17.0,0.0,1.0,0.0,0.0,,,,
6,Group stage,2026-06-27 00:00:00,Algeria,Austria,1.291673183441162,1.3720324039459229,1,1,-21.66426576506865,2.2,1.0,2.9,0.8,0.0,2.2,2.9,0.33,5.0,8.0,0.0,1.0,0.0,0.0,,,,
6,Group stage,2026-06-27 00:00:00,Colombia,Portugal,1.281981110572815,1.4886128902435303,2,1,-34.393191756673104,2.2,1.1,2.9,0.9,0.0,2.2,2.9,0.33,7.0,9.0,0.0,1.0,0.0,0.0,,,,
6,Group stage,2026-06-27 00:00:00,Croatia,Ghana,2.4486045837402344,0.7731384634971619,1,0,309.8453359271175,1.8,1.1,1.3,2.1,0.0,1.8,1.3,0.33,7.0,5.0,0.0,1.0,0.0,0.0,,,,
6,Group stage,2026-06-27 00:00:00,DR Congo,Uzbekistan,1.0573832988739014,1.278598666191101,1,0,-41.555744334797964,1.2,0.9,1.5,0.8,0.0,1.2,1.5,0.33,2.0,1.0,0.0,1.0,0.0,0.0,,,,
6,Group stage,2026-06-27 00:00:00,Jordan,Argentina,0.4788506031036377,3.667066812515259,0,3,-509.3531456361545,1.9,2.1,2.7,0.4,0.0,1.9,2.7,0.33,1.0,19.0,0.0,1.0,0.0,0.0,,,,
6,Group stage,2026-06-27 00:00:00,Panama,England,0.8887639045715332,2.0516605377197266,0,1,-174.27569900718345,1.8,0.9,2.8,0.4,0.0,1.8,2.8,0.33,2.0,17.0,0.0,1.0,0.0,0.0,,,,
6,Round of 32,2026-06-28 19:00:00,South Korea,Canada,1.2413394451141357,1.0977040529251099,1,2,6.244929707025221,0.9,1.4,0.9,0.6,0.0,0.9,0.9,0.33,12.0,3.0,0.0,1.0,0.0,0.0,73.0,Canada,South Korea,False
6,Round of 32,2026-06-29 17:00:00,Morocco,Japan,1.4313400983810425,0.9829463362693787,3,0,66.11440840913224,1.7,0.5,1.5,1.0,0.0,1.7,1.5,0.33,7.0,8.0,0.0,1.0,0.0,0.0,74.0,Morocco,Japan,False
6,Round of 32,2026-06-29 20:30:00,Germany,United States,2.094461441040039,0.9873450994491577,3,1,235.4209832442309,3.3,0.8,1.8,1.6,1.0,3.0,1.0,1.0,21.0,12.0,0.0,1.0,0.0,0.0,75.0,Germany,United States,False
6,Round of 32,2026-06-30 01:00:00,Netherlands,Brazil,1.2824797630310059,1.6237010955810547,1,2,-17.22613177447306,2.5,0.8,1.9,1.1,0.0,2.5,1.9,0.33,12.0,23.0,0.0,1.0,0.0,0.0,76.0,Brazil,Netherlands,False
6,Round of 32,2026-06-30 17:00:00,Curaçao,France,0.5243818759918213,3.0974154472351074,2,2,-416.23090264000757,1.9,1.9,2.3,0.9,0.0,1.9,2.3,0.33,1.0,17.0,0.0,1.0,0.0,0.0,77.0,France,Curaçao,True
6,Round of 32,2026-06-30 21:00:00,Norway,Tunisia,2.177395820617676,0.7937297224998474,3,1,294.7784911617732,3.4,0.8,1.4,1.1,0.0,3.4,1.4,0.33,4.0,7.0,0.0,1.0,0.0,0.0,78.0,Norway,Tunisia,False
6,Round of 32,2026-07-01 01:00:00,Mexico,Haiti,1.9212355613708496,0.7267466187477112,4,0,215.21642994644162,1.4,0.6,1.3,1.2,1.0,3.0,1.0,1.0,18.0,2.0,0.0,1.0,0.0,0.0,79.0,Mexico,Haiti,False
6,Round of 32,2026-07-01 16:00:00,England,Portugal,1.7940925359725952,0.9653416275978088,1,1,109.44397123637077,2.7,0.4,2.5,1.1,0.0,2.7,2.5,0.33,17.0,9.0,0.0,1.0,0.0,0.0,80.0,Portugal,England,True
6,Round of 32,2026-07-01 20:00:00,Belgium,Czech Republic,2.1444883346557617,0.886924147605896,1,1,161.76726122852529,3.2,0.9,1.7,1.1,0.0,3.2,1.7,0.33,15.0,2.0,0.0,1.0,0.0,0.0,81.0,Czech Republic,Belgium,True
6,Round of 32,2026-07-02 00:00:00,Australia,Algeria,1.5308306217193604,0.9623172283172607,2,1,103.75180278698826,1.6,1.0,2.2,1.0,0.0,1.6,2.2,0.33,7.0,5.0,0.0,1.0,0.0,0.0,82.0,Australia,Algeria,False
6,Round of 32,2026-07-02 19:00:00,Colombia,Panama,2.0507829189300537,0.8958854079246521,3,0,128.55595947823213,2.1,1.2,1.7,1.0,1.0,5.0,0.0,1.0,7.0,2.0,0.0,1.0,0.0,0.0,83.0,Colombia,Panama,False
6,Round of 32,2026-07-02 23:00:00,Spain,Austria,2.315941095352173,0.7861377000808716,4,1,312.5031915412203,2.6,0.2,2.9,0.9,0.0,2.6,2.9,0.33,17.0,8.0,0.0,1.0,0.0,0.0,84.0,Spain,Austria,False
6,Round of 32,2026-07-03 03:00:00,Switzerland,Iran,1.6630433797836304,0.900687575340271,1,0,142.158285583218,2.2,0.9,1.5,0.7,0.0,2.2,1.5,0.33,13.0,7.0,0.0,1.0,0.0,0.0,85.0,Switzerland,Iran,False
6,Round of 32,2026-07-03 18:00:00,Turkey,Egypt,1.354274868965149,0.9247385263442993,1,1,110.41425926279499,2.0,1.4,1.2,0.7,0.0,2.0,1.2,0.33,3.0,4.0,0.0,1.0,0.0,0.0,86.0,Turkey,Egypt,True
6,Round of 32,2026-07-03 22:00:00,Argentina,Uruguay,1.758340835571289,0.9043680429458618,5,2,210.9982478667057,2.9,0.3,1.0,1.0,2.0,0.5,1.0,0.5,19.0,15.0,0.0,1.0,0.0,0.0,87.0,Argentina,Uruguay,False
6,Round of 32,2026-07-04 01:30:00,DR Congo,Ivory Coast,1.1579583883285522,1.0460262298583984,0,1,48.960228654500725,1.2,0.9,1.7,0.9,1.0,0.0,1.0,0.0,2.0,4.0,0.0,1.0,0.0,0.0,88.0,Ivory Coast,DR Congo,False
6,Round of 16,2026-07-04 17:00:00,Canada,Germany,0.933478057384491,1.9681627750396729,0,0,-154.778894218628,1.0,0.7,3.3,0.8,0.0,1.0,3.3,0.33,3.0,21.0,0.0,1.0,0.0,0.0,89.0,Germany,Canada,True
6,Round of 16,2026-07-04 21:00:00,Morocco,France,1.0256879329681396,1.4285725355148315,0,3,-81.23743349706388,1.7,0.5,2.3,1.0,1.0,0.0,2.0,0.0,7.0,17.0,0.0,1.0,0.0,0.0,90.0,France,Morocco,False
6,Round of 16,2026-07-05 20:00:00,Brazil,Norway,1.4438602924346924,1.3515124320983887,2,1,-18.432800488443718,2.1,1.1,2.6,0.8,0.0,2.1,2.6,0.33,23.0,4.0,0.0,1.0,0.0,0.0,91.0,Brazil,Norway,False
6,Round of 16,2026-07-06 00:00:00,Mexico,Portugal,1.1253997087478638,1.32842218875885,1,2,-67.62637014907568,1.8,0.6,2.3,1.0,1.0,0.0,0.0,0.0,18.0,9.0,0.0,1.0,0.0,0.0,92.0,Portugal,Mexico,False
6,Round of 16,2026-07-06 19:00:00,Colombia,Spain,0.9200485944747925,1.5936496257781982,1,2,-148.4522611019877,1.8,0.9,2.4,0.3,1.0,1.0,0.0,1.0,7.0,17.0,0.0,1.0,0.0,0.0,93.0,Spain,Colombia,False
6,Round of 16,2026-07-07 00:00:00,Czech Republic,Australia,0.90585857629776,1.6842454671859741,0,3,-167.2711569355763,1.7,1.1,1.5,1.0,0.0,1.7,1.5,0.33,2.0,7.0,0.0,1.0,0.0,0.0,94.0,Australia,Czech Republic,False
6,Round of 16,2026-07-07 16:00:00,Turkey,Ivory Coast,1.500070571899414,0.9116674065589905,1,2,146.8793633750288,2.1,0.9,1.7,0.9,0.0,2.1,1.7,0.33,3.0,4.0,0.0,1.0,0.0,0.0,95.0,Ivory Coast,Turkey,False
6,Round of 16,2026-07-07 20:00:00,Switzerland,Argentina,0.9327706098556519,2.209089756011963,0,1,-213.48230384173917,2.0,0.9,3.1,0.5,0.0,2.0,3.1,0.33,13.0,19.0,0.0,1.0,0.0,0.0,96.0,Argentina,Switzerland,False
6,Quarter-final,2026-07-09 20:00:00,Germany,France,1.1941308975219727,1.469002604484558,2,1,-102.54068113460471,2.9,0.8,2.3,1.0,3.0,1.3333333333333333,1.0,0.6666666666666666,21.0,17.0,0.0,1.0,0.0,0.0,97.0,Germany,France,False
6,Quarter-final,2026-07-10 19:00:00,Spain,Australia,1.9546644687652588,0.8077302575111389,2,0,209.18613500029528,2.4,0.4,1.7,1.0,0.0,2.4,1.7,0.33,17.0,7.0,0.0,1.0,0.0,0.0,98.0,Spain,Australia,False
6,Quarter-final,2026-07-11 21:00:00,Brazil,Portugal,1.4887903928756714,1.283470630645752,1,0,17.128277739973328,1.8,1.2,2.4,1.1,0.0,1.8,2.4,0.33,23.0,9.0,0.0,1.0,0.0,0.0,99.0,Brazil,Portugal,False
6,Quarter-final,2026-07-12 01:00:00,Ivory Coast,Argentina,0.5807322263717651,2.94102144241333,0,3,-394.67732977962396,1.8,0.9,3.2,0.4,0.0,1.8,3.2,0.33,4.0,19.0,0.0,1.0,0.0,0.0,100.0,Argentina,Ivory Coast,False
6,Semi-final,2026-07-14 19:00:00,Germany,Spain,0.9579359292984009,1.8596595525741577,0,4,-169.7832247411743,3.0,0.9,2.2,0.4,2.0,1.0,1.5,0.0,21.0,17.0,0.0,1.0,0.0,0.0,101.0,Spain,Germany,False
6,Semi-final,2026-07-15 19:00:00,Brazil,Argentina,0.9339601397514343,1.7996011972427368,2,2,-142.54980553557198,1.7,0.9,3.4,0.4,2.0,0.5,2.5,0.0,23.0,19.0,0.0,1.0,0.0,0.0,102.0,Argentina,Brazil,True
6,Third-place playoff,2026-07-18 21:00:00,Germany,Brazil,1.3452545404434204,1.9002776145935059,0,4,-38.66892549528461,2.8,1.3,1.7,1.1,0.0,2.8,1.7,0.33,21.0,23.0,0.0,1.0,0.0,0.0,103.0,Brazil,Germany,False
6,Final,2026-07-19 19:00:00,Spain,Argentina,1.3603224754333496,1.5629255771636963,0,1,13.40668983135015,2.2,0.4,3.0,0.6,0.0,2.2,3.0,0.33,17.0,19.0,0.0,1.0,0.0,0.0,104.0,Argentina,Spain,False
7,Group stage,2026-06-11 00:00:00,Mexico,South Africa,2.1329286098480225,0.6023440957069397,2,1,297.64561459530705,1.1,1.0,1.5,1.1,0.0,1.1,1.5,0.33,17.0,3.0,1.0,0.0,0.0,0.0,,,,
7,Group stage,2026-06-11 00:00:00,South Korea,Czech Republic,1.656619668006897,0.9059049487113953,1,0,98.40437375226111,1.5,1.2,1.8,1.2,0.0,1.5,1.8,0.33,11.0,1.0,0.0,1.0,0.0,0.0,,,,
7,Group stage,2026-06-12 00:00:00,Canada,Bosnia and Herzegovina,2.178720712661743,0.6230993866920471,2,3,252.19701310772894,1.1,0.4,2.1,1.1,0.0,1.1,2.1,0.33,2.0,1.0,1.0,0.0,0.0,0.0,,,,
7,Group stage,2026-06-12 00:00:00,United States,Paraguay,1.3273921012878418,1.1478886604309082,2,1,-90.4406608260008,1.7,1.6,1.0,1.0,1.0,2.0,1.0,1.0,11.0,8.0,1.0,0.0,0.0,0.0,,,,
7,Group stage,2026-06-13 00:00:00,Australia,Turkey,1.306311845779419,1.4813357591629028,0,0,-47.69773714089274,1.5,0.9,2.1,1.4,0.0,1.5,2.1,0.33,6.0,2.0,0.0,1.0,0.0,0.0,,,,
7,Group stage,2026-06-13 00:00:00,Brazil,Morocco,1.3794176578521729,1.0310763120651245,3,0,71.7854817950124,1.8,0.8,1.8,0.5,1.0,1.0,2.0,0.0,22.0,6.0,0.0,1.0,0.0,0.0,,,,
7,Group stage,2026-06-13 00:00:00,Haiti,Scotland,0.8986091017723083,1.6037302017211914,1,6,-128.96035980586862,1.2,1.1,1.8,1.2,0.0,1.2,1.8,0.33,1.0,8.0,0.0,1.0,0.0,0.0,,,,
7,Group stage,2026-06-13 00:00:00,Qatar,Switzerland,0.5497463941574097,2.393497943878174,0,2,-360.84472108477416,0.9,1.9,2.5,0.8,0.0,0.9,2.5,0.33,1.0,12.0,0.0,1.0,0.0,0.0,,,,
7,Group stage,2026-06-14 00:00:00,Germany,Curaçao,2.8003809452056885,0.6807331442832947,5,0,361.1352259778141,2.3,1.1,1.6,1.3,0.0,2.3,1.6,0.33,20.0,0.0,0.0,1.0,0.0,0.0,,,,
7,Group stage,2026-06-14 00:00:00,Ivory Coast,Ecuador,0.7578378915786743,1.6096333265304565,1,2,-219.15155902699053,2.0,0.7,0.7,0.4,0.0,2.0,0.7,0.33,3.0,4.0,0.0,1.0,0.0,0.0,,,,
7,Group stage,2026-06-14 00:00:00,Netherlands,Japan,1.4094085693359375,1.0377333164215088,2,1,19.05367466640928,3.0,0.6,1.8,0.7,0.0,3.0,1.8,0.33,11.0,7.0,0.0,1.0,0.0,0.0,,,,
7,Group stage,2026-06-14 00:00:00,Sweden,Tunisia,1.4389334917068481,1.2469319105148315,1,0,22.565366858667858,1.6,1.8,1.4,1.0,0.0,1.6,1.4,0.33,13.0,6.0,0.0,1.0,0.0,0.0,,,,
7,Group stage,2026-06-15 00:00:00,Belgium,Egypt,1.4515180587768555,0.9129274487495422,0,0,99.79242592327387,3.5,1.0,1.3,0.8,1.0,1.0,2.0,0.0,14.0,3.0,0.0,1.0,0.0,0.0,,,,
7,Group stage,2026-06-15 00:00:00,Iran,New Zealand,1.6201878786087036,0.738328218460083,1,0,142.34033556219924,1.6,0.7,0.9,1.5,0.0,1.6,0.9,0.33,6.0,2.0,0.0,1.0,0.0,0.0,,,,
7,Group stage,2026-06-15 00:00:00,Saudi Arabia,Uruguay,0.7248218059539795,1.7654508352279663,0,1,-283.38107610897714,0.9,1.3,1.0,0.9,0.0,0.9,1.0,0.33,6.0,14.0,0.0,1.0,0.0,0.0,,,,
7,Group stage,2026-06-15 00:00:00,Spain,Cape Verde,3.966179609298706,0.5665221810340881,5,1,563.2850614519855,3.1,0.8,1.7,1.0,0.0,3.1,1.7,0.33,16.0,0.0,0.0,1.0,0.0,0.0,,,,
7,Group stage,2026-06-16 00:00:00,Argentina,Algeria,2.156207323074341,0.7074368596076965,1,1,323.48300707879844,2.5,0.4,2.3,0.5,0.0,2.5,2.3,0.33,18.0,4.0,0.0,1.0,0.0,0.0,,,,
7,Group stage,2026-06-16 00:00:00,Austria,Jordan,2.314819097518921,0.9839795827865601,1,1,80.9944962008201,2.8,0.5,2.0,1.5,0.0,2.8,2.0,0.33,7.0,0.0,0.0,1.0,0.0,0.0,,,,
7,Group stage,2026-06-16 00:00:00,France,Senegal,2.243558645248413,0.8569515347480774,5,0,209.2497238875883,2.7,1.1,2.5,0.6,0.0,2.7,2.5,0.33,16.0,3.0,0.0,1.0,0.0,0.0,,,,
7,Group stage,2026-06-16 00:00:00,Iraq,Norway,0.7500935196876526,1.7158862352371216,1,0,-223.33641759859006,1.1,0.7,3.1,0.6,0.0,1.1,3.1,0.33,1.0,3.0,0.0,1.0,0.0,0.0,,,,
7,Group stage,2026-06-17 00:00:00,England,Croatia,1.630310297012329,1.0758646726608276,0,0,94.46756707201507,2.2,0.5,2.9,0.8,0.0,2.2,2.9,0.33,16.0,6.0,0.0,1.0,0.0,0.0,,,,
7,Group stage,2026-06-17 00:00:00,Ghana,Panama,0.8218146562576294,1.872027039527893,0,0,-237.5714618522527,1.5,1.3,1.3,0.8,0.0,1.5,1.3,0.33,4.0,1.0,0.0,1.0,0.0,0.0,,,,
7,Group stage,2026-06-17 00:00:00,Portugal,DR Congo,2.063178300857544,0.639021098613739,4,1,275.4864091486654,2.6,1.0,1.2,0.3,0.0,2.6,1.2,0.33,8.0,1.0,0.0,1.0,0.0,0.0,,,,
7,Group stage,2026-06-17 00:00:00,Uzbekistan,Colombia,0.7373384833335876,1.79137122631073,1,1,-213.1223064060914,1.5,0.7,2.1,1.0,0.0,1.5,2.1,0.33,0.0,6.0,0.0,1.0,0.0,0.0,,,,
7,Group stage,2026-06-18 00:00:00,Canada,Qatar,2.0118942260742188,0.5269895195960999,6,1,272.5518449247347,1.1,0.7,0.9,1.8,1.0,2.0,0.0,1.0,3.0,2.0,1.0,0.0,0.0,0.0,,,,
7,Group stage,2026-06-18 00:00:00,Czech Republic,South Africa,1.5044976472854614,0.9665632843971252,0,2,101.39291214006926,1.6,1.3,1.5,1.2,0.0,1.6,1.5,0.33,2.0,4.0,0.0,1.0,0.0,0.0,,,,
7,Group stage,2026-06-18 00:00:00,Mexico,South Korea,1.549453854560852,0.9476158022880554,1,0,65.4461194792193,1.1,0.9,1.4,1.2,1.0,2.0,2.0,0.0,18.0,12.0,1.0,0.0,0.0,0.0,,,,
7,Group stage,2026-06-18 00:00:00,Switzerland,Bosnia and Herzegovina,2.458425760269165,0.7729571461677551,0,2,254.49257302795058,2.3,0.6,2.3,1.3,0.0,2.3,2.3,0.33,13.0,2.0,0.0,1.0,0.0,0.0,,,,
7,Group stage,2026-06-19 00:00:00,Brazil,Haiti,2.8963816165924072,0.6361780166625977,2,1,439.60004468093985,2.1,0.8,1.2,1.6,0.0,2.1,1.2,0.33,23.0,2.0,0.0,1.0,0.0,0.0,,,,
7,Group stage,2026-06-19 00:00:00,Scotland,Morocco,1.0518897771835327,1.4221194982528687,1,1,-77.84784481738257,2.3,1.0,1.5,0.6,0.0,2.3,1.5,0.33,9.0,7.0,0.0,1.0,0.0,0.0,,,,
7,Group stage,2026-06-19 00:00:00,Turkey,Paraguay,1.4648059606552124,1.081957221031189,0,6,68.41174891909031,1.9,1.3,0.9,1.2,0.0,1.9,0.9,0.33,3.0,9.0,0.0,1.0,0.0,0.0,,,,
7,Group stage,2026-06-19 00:00:00,United States,Australia,1.4347532987594604,1.1600112915039062,0,0,-60.990841294381426,1.7,1.6,1.4,0.9,1.0,2.0,1.0,1.0,12.0,7.0,1.0,0.0,0.0,0.0,,,,
7,Group stage,2026-06-20 00:00:00,Ecuador,Curaçao,2.6735286712646484,0.5973151326179504,1,0,423.6367773473819,0.9,0.5,1.5,1.7,0.0,0.9,1.5,0.33,5.0,1.0,0.0,1.0,0.0,0.0,,,,
7,Group stage,2026-06-20 00:00:00,Germany,Ivory Coast,2.0730762481689453,0.8287336826324463,3,1,209.81554149781573,2.7,0.9,1.8,0.9,0.0,2.7,1.8,0.33,21.0,4.0,0.0,1.0,0.0,0.0,,,,
7,Group stage,2026-06-20 00:00:00,Netherlands,Sweden,2.27946138381958,0.977743923664093,0,0,239.76283661348316,3.0,0.7,1.5,1.8,0.0,3.0,1.5,0.33,12.0,14.0,0.0,1.0,0.0,0.0,,,,
7,Group stage,2026-06-20 00:00:00,Tunisia,Japan,0.805319607257843,1.8080836534500122,0,3,-242.6702564949237,1.3,1.0,1.9,0.8,0.0,1.3,1.9,0.33,7.0,8.0,0.0,1.0,0.0,0.0,,,,
7,Group stage,2026-06-21 00:00:00,Belgium,Iran,1.3157143592834473,1.2506910562515259,0,2,-5.5642932894641035,3.4,0.9,1.5,0.7,0.0,3.4,1.5,0.33,15.0,7.0,0.0,1.0,0.0,0.0,,,,
7,Group stage,2026-06-21 00:00:00,New Zealand,Egypt,1.004116415977478,1.3487249612808228,1,1,-90.46589175764802,0.8,1.6,1.3,0.5,1.0,0.0,1.0,0.0,3.0,4.0,0.0,1.0,0.0,0.0,,,,
7,Group stage,2026-06-21 00:00:00,Spain,Saudi Arabia,3.2083096504211426,0.47807127237319946,2,0,549.6145974471419,3.1,0.5,0.9,1.4,0.0,3.1,0.9,0.33,17.0,7.0,0.0,1.0,0.0,0.0,,,,
7,Group stage,2026-06-21 00:00:00,Uruguay,Cape Verde,2.271378755569458,0.668783962726593,2,0,325.14943091198506,1.1,0.7,1.5,1.5,0.0,1.1,1.5,0.33,15.0,1.0,0.0,1.0,0.0,0.0,,,,
7,Group stage,2026-06-22 00:00:00,Argentina,Austria,2.2802488803863525,0.7738901972770691,4,1,294.6248118539934,2.2,0.4,2.7,0.5,0.0,2.2,2.7,0.33,19.0,8.0,0.0,1.0,0.0,0.0,,,,
7,Group stage,2026-06-22 00:00:00,France,Iraq,2.372318983078003,0.5456270575523376,5,0,372.56120706227284,2.8,0.6,1.1,0.7,0.0,2.8,1.1,0.33,17.0,2.0,0.0,1.0,0.0,0.0,,,,
7,Group stage,2026-06-22 00:00:00,Jordan,Algeria,0.9795837998390198,1.5428975820541382,0,1,-82.26227180674437,1.9,1.3,1.9,0.5,0.0,1.9,1.9,0.33,1.0,5.0,0.0,1.0,0.0,0.0,,,,
7,Group stage,2026-06-22 00:00:00,Norway,Senegal,1.5508029460906982,1.0587751865386963,1,0,21.376717186338738,2.8,0.7,1.7,1.1,0.0,2.8,1.7,0.33,4.0,4.0,0.0,1.0,0.0,0.0,,,,
7,Group stage,2026-06-23 00:00:00,Colombia,DR Congo,1.9886382818222046,0.7017890810966492,0,1,282.9248944662602,2.2,1.1,1.2,0.7,0.0,2.2,1.2,0.33,7.0,2.0,0.0,1.0,0.0,0.0,,,,
7,Group stage,2026-06-23 00:00:00,England,Ghana,2.5292117595672607,0.7220938205718994,2,0,431.63324414278895,2.1,0.5,1.4,1.1,0.0,2.1,1.4,0.33,17.0,5.0,0.0,1.0,0.0,0.0,,,,
7,Group stage,2026-06-23 00:00:00,Panama,Croatia,0.9436957836151123,1.5613179206848145,2,4,-151.15619886876584,1.3,0.8,2.2,0.8,0.0,1.3,2.2,0.33,2.0,7.0,0.0,1.0,0.0,0.0,,,,
7,Group stage,2026-06-23 00:00:00,Portugal,Uzbekistan,2.0822296142578125,0.7981572151184082,3,0,208.58629060429575,2.8,1.0,1.4,0.6,0.0,2.8,1.4,0.33,9.0,1.0,0.0,1.0,0.0,0.0,,,,
7,Group stage,2026-06-24 00:00:00,Bosnia and Herzegovina,Qatar,2.645632028579712,0.7789767980575562,1,0,212.07921492023615,2.4,1.1,0.8,2.2,0.0,2.4,0.8,0.33,2.0,2.0,0.0,1.0,0.0,0.0,,,,
7,Group stage,2026-06-24 00:00:00,Canada,Switzerland,1.203615665435791,1.0304772853851318,0,0,-22.64596311657897,1.6,0.7,1.9,0.8,0.0,1.6,1.9,0.33,3.0,13.0,1.0,0.0,0.0,0.0,,,,
7,Group stage,2026-06-24 00:00:00,Mexico,Czech Republic,2.1612541675567627,0.6050382256507874,3,0,281.77319862737386,1.2,0.5,1.5,1.0,0.0,1.2,1.5,0.33,18.0,2.0,1.0,0.0,0.0,0.0,,,,
7,Group stage,2026-06-24 00:00:00,Morocco,Haiti,2.098655939102173,0.6800734400749207,3,0,282.0186639134322,1.4,0.7,1.2,1.6,0.0,1.4,1.2,0.33,7.0,2.0,0.0,1.0,0.0,0.0,,,,
7,Group stage,2026-06-24 00:00:00,Scotland,Brazil,0.9030790328979492,2.400559425354004,2,1,-231.05529239308066,2.0,1.1,2.2,0.9,0.0,2.0,2.2,0.33,9.0,23.0,0.0,1.0,0.0,0.0,,,,
7,Group stage,2026-06-24 00:00:00,South Africa,South Korea,0.9511842131614685,1.72824227809906,1,3,-168.76749382595835,1.7,1.2,1.0,1.3,0.0,1.7,1.0,0.33,4.0,12.0,0.0,1.0,0.0,0.0,,,,
7,Group stage,2026-06-25 00:00:00,Curaçao,Ivory Coast,0.9094166159629822,1.9664890766143799,0,0,-162.10823514272147,1.4,1.6,1.9,1.1,0.0,1.4,1.9,0.33,1.0,4.0,0.0,1.0,0.0,0.0,,,,
7,Group stage,2026-06-25 00:00:00,Ecuador,Germany,1.1938992738723755,1.3378162384033203,1,4,19.929262787543166,1.0,0.5,3.0,0.8,0.0,1.0,3.0,0.33,5.0,21.0,0.0,1.0,0.0,0.0,,,,
7,Group stage,2026-06-25 00:00:00,Japan,Sweden,1.7028957605361938,0.9876471757888794,0,1,166.87708956853498,1.6,0.8,1.1,1.5,0.0,1.6,1.1,0.33,8.0,14.0,0.0,1.0,0.0,0.0,,,,
7,Group stage,2026-06-25 00:00:00,Paraguay,Australia,1.2358211278915405,1.0638655424118042,0,0,43.888935726227146,1.5,1.1,1.2,0.8,0.0,1.5,1.2,0.33,9.0,7.0,0.0,1.0,0.0,0.0,,,,
7,Group stage,2026-06-25 00:00:00,Tunisia,Netherlands,0.6972529292106628,1.9830008745193481,0,4,-321.31754217551156,1.3,1.2,2.2,0.7,0.0,1.3,2.2,0.33,7.0,12.0,0.0,1.0,0.0,0.0,,,,
7,Group stage,2026-06-25 00:00:00,United States,Turkey,1.706282377243042,1.1422176361083984,2,0,-27.714139439602377,1.6,1.4,1.9,1.8,1.0,1.0,2.0,0.0,12.0,3.0,1.0,0.0,0.0,0.0,,,,
7,Group stage,2026-06-26 00:00:00,Cape Verde,Saudi Arabia,1.25437593460083,1.3678354024887085,1,0,-30.4811155576881,1.4,1.6,0.8,1.6,0.0,1.4,0.8,0.33,1.0,7.0,0.0,1.0,0.0,0.0,,,,
7,Group stage,2026-06-26 00:00:00,Egypt,Iran,0.879540205001831,1.4010493755340576,0,1,-140.50090792384322,1.2,0.5,1.5,0.5,0.0,1.2,1.5,0.33,4.0,7.0,0.0,1.0,0.0,0.0,,,,
7,Group stage,2026-06-26 00:00:00,New Zealand,Belgium,1.0067468881607056,1.6550580263137817,2,1,-121.56460762005463,0.8,1.5,3.0,0.8,0.0,0.8,3.0,0.33,3.0,15.0,0.0,1.0,0.0,0.0,,,,
7,Group stage,2026-06-26 00:00:00,Norway,France,0.8862250447273254,2.1394221782684326,1,0,-227.65706341046348,2.8,0.7,3.1,0.6,0.0,2.8,3.1,0.33,4.0,17.0,0.0,1.0,0.0,0.0,,,,
7,Group stage,2026-06-26 00:00:00,Senegal,Iraq,1.5003467798233032,0.9493294954299927,3,1,92.3744806879829,1.4,1.2,1.0,1.2,0.0,1.4,1.0,0.33,4.0,2.0,0.0,1.0,0.0,0.0,,,,
7,Group stage,2026-06-26 00:00:00,Uruguay,Spain,0.8479364514350891,1.9169024229049683,0,0,-238.24329614010435,1.1,0.7,3.1,0.3,0.0,1.1,3.1,0.33,15.0,17.0,0.0,1.0,0.0,0.0,,,,
7,Group stage,2026-06-27 00:00:00,Algeria,Austria,1.3384658098220825,1.105424165725708,0,0,54.307593283569986,1.8,0.5,2.4,0.9,0.0,1.8,2.4,0.33,5.0,8.0,0.0,1.0,0.0,0.0,,,,
7,Group stage,2026-06-27 00:00:00,Colombia,Portugal,1.1943488121032715,1.601196050643921,1,2,-102.70610486898227,2.1,1.1,2.9,0.8,0.0,2.1,2.9,0.33,7.0,9.0,0.0,1.0,0.0,0.0,,,,
7,Group stage,2026-06-27 00:00:00,Croatia,Ghana,2.282951831817627,0.5901760458946228,2,1,386.58423108982106,2.1,0.9,1.0,1.3,0.0,2.1,1.0,0.33,7.0,5.0,0.0,1.0,0.0,0.0,,,,
7,Group stage,2026-06-27 00:00:00,DR Congo,Uzbekistan,1.0441352128982544,1.0682191848754883,0,0,-28.143677698175907,1.2,0.7,1.4,0.9,0.0,1.2,1.4,0.33,2.0,1.0,0.0,1.0,0.0,0.0,,,,
7,Group stage,2026-06-27 00:00:00,Jordan,Argentina,0.5170880556106567,2.927499294281006,1,2,-401.18060035201074,1.7,1.1,2.5,0.5,0.0,1.7,2.5,0.33,1.0,19.0,0.0,1.0,0.0,0.0,,,,
7,Group stage,2026-06-27 00:00:00,Panama,England,0.721225380897522,2.0436012744903564,0,2,-263.1953458677772,1.4,1.1,2.2,0.2,0.0,1.4,2.2,0.33,2.0,17.0,0.0,1.0,0.0,0.0,,,,
7,Round of 32,2026-06-28 19:00:00,South Korea,Canada,1.451669454574585,1.045048475265503,1,2,60.21638374437862,1.1,1.4,1.3,0.7,0.0,1.1,1.3,0.33,12.0,3.0,0.0,1.0,0.0,0.0,73.0,Canada,South Korea,False
7,Round of 32,2026-06-29 17:00:00,Scotland,Sweden,1.5080665349960327,1.1674935817718506,2,0,56.24378047999994,2.2,1.2,1.0,1.3,0.0,2.2,1.0,0.33,9.0,14.0,0.0,1.0,0.0,0.0,74.0,Scotland,Sweden,False
7,Round of 32,2026-06-29 20:30:00,Germany,Morocco,1.6483913660049438,0.8308361172676086,2,2,118.2438416898558,3.4,0.7,1.6,0.6,0.0,3.4,1.6,0.33,21.0,7.0,0.0,1.0,0.0,0.0,75.0,Morocco,Germany,True
7,Round of 32,2026-06-30 01:00:00,Netherlands,Brazil,1.2617982625961304,1.5638879537582397,2,1,-16.621131236766814,2.5,0.6,2.0,1.1,0.0,2.5,2.0,0.33,12.0,23.0,0.0,1.0,0.0,0.0,76.0,Netherlands,Brazil,False
7,Round of 32,2026-06-30 17:00:00,Ecuador,France,0.9855366945266724,1.7699313163757324,1,1,-151.91501566398756,1.1,0.9,2.9,0.7,0.0,1.1,2.9,0.33,5.0,17.0,0.0,1.0,0.0,0.0,77.0,Ecuador,France,True
7,Round of 32,2026-06-30 21:00:00,Norway,Japan,1.423345685005188,1.029291033744812,0,2,56.553001461633585,2.8,0.7,1.6,0.9,0.0,2.8,1.6,0.33,4.0,8.0,0.0,1.0,0.0,0.0,78.0,Japan,Norway,False
7,Round of 32,2026-07-01 01:00:00,Mexico,Cape Verde,2.207615613937378,0.6569790840148926,4,0,312.7964565332293,1.4,0.4,1.3,1.6,0.0,1.4,1.3,0.33,18.0,1.0,0.0,1.0,0.0,0.0,79.0,Mexico,Cape Verde,False
7,Round of 32,2026-07-01 16:00:00,England,Senegal,1.6715726852416992,0.8231101036071777,1,3,188.3932203081033,2.2,0.2,1.6,1.2,2.0,2.0,1.5,0.5,17.0,4.0,0.0,1.0,0.0,0.0,80.0,Senegal,England,False
7,Round of 32,2026-07-01 20:00:00,Iran,South Africa,1.950762152671814,0.7257331609725952,2,0,280.28775976988527,1.6,0.4,1.5,1.5,0.0,1.6,1.5,0.33,7.0,4.0,0.0,1.0,0.0,0.0,81.0,Iran,South Africa,False
7,Round of 32,2026-07-02 00:00:00,United States,Switzerland,1.1869992017745972,1.2804361581802368,1,1,2.5082657442203526,1.8,1.2,1.5,0.8,1.0,0.0,4.0,0.0,12.0,13.0,0.0,1.0,0.0,0.0,82.0,Switzerland,United States,True
7,Round of 32,2026-07-02 19:00:00,DR Congo,Croatia,0.8098389506340027,1.7014601230621338,0,1,-220.92192081939265,1.1,0.7,2.2,1.0,0.0,1.1,2.2,0.33,2.0,7.0,0.0,1.0,0.0,0.0,83.0,Croatia,DR Congo,False
7,Round of 32,2026-07-02 23:00:00,Spain,Algeria,2.154834508895874,0.6770874857902527,2,2,315.8381556736174,2.8,0.3,1.7,0.4,0.0,2.8,1.7,0.33,17.0,5.0,0.0,1.0,0.0,0.0,84.0,Algeria,Spain,True
7,Round of 32,2026-07-03 03:00:00,Bosnia and Herzegovina,Egypt,1.0416451692581177,1.1843209266662598,2,0,-10.228721503907991,1.9,1.1,1.1,0.6,0.0,1.9,1.1,0.33,2.0,4.0,0.0,1.0,0.0,0.0,85.0,Bosnia and Herzegovina,Egypt,False
7,Round of 32,2026-07-03 18:00:00,Paraguay,New Zealand,1.794386863708496,0.771608293056488,4,1,182.12078117556416,1.5,1.1,1.0,1.5,0.0,1.5,1.0,0.33,9.0,3.0,0.0,1.0,0.0,0.0,86.0,Paraguay,New Zealand,False
7,Round of 32,2026-07-03 22:00:00,Argentina,Uruguay,1.5041804313659668,1.0488052368164062,1,0,169.62892853301128,2.6,0.5,0.8,0.7,2.0,0.5,1.0,0.5,19.0,15.0,0.0,1.0,0.0,0.0,87.0,Argentina,Uruguay,False
7,Round of 32,2026-07-04 01:30:00,Portugal,Australia,1.8307323455810547,0.8321557641029358,3,0,189.6086206616353,2.6,0.9,1.1,0.8,0.0,2.6,1.1,0.33,9.0,7.0,0.0,1.0,0.0,0.0,88.0,Portugal,Australia,False
7,Round of 16,2026-07-04 17:00:00,Canada,Morocco,0.9629610776901245,1.3782460689544678,2,1,-111.52280544612609,1.4,0.8,1.5,0.8,1.0,1.0,2.0,0.0,3.0,7.0,0.0,1.0,0.0,0.0,89.0,Canada,Morocco,False
7,Round of 16,2026-07-04 21:00:00,Scotland,Ecuador,1.1982907056808472,1.4048900604248047,1,4,-66.18972928203743,2.2,1.2,1.1,1.0,0.0,2.2,1.1,0.33,9.0,5.0,0.0,1.0,0.0,0.0,90.0,Ecuador,Scotland,False
7,Round of 16,2026-07-05 20:00:00,Netherlands,Japan,1.3691051006317139,1.0191837549209595,3,3,74.8616475514807,2.4,0.5,1.8,0.7,1.0,2.0,1.0,1.0,12.0,8.0,0.0,1.0,0.0,0.0,91.0,Japan,Netherlands,True
7,Round of 16,2026-07-06 00:00:00,Mexico,Senegal,1.3816120624542236,1.045486569404602,1,2,32.41589402493241,1.8,0.4,1.6,1.3,0.0,1.8,1.6,0.33,18.0,4.0,0.0,1.0,0.0,0.0,92.0,Senegal,Mexico,False
7,Round of 16,2026-07-06 19:00:00,Croatia,Algeria,1.3769468069076538,1.032808780670166,3,1,88.64077423505796,1.9,1.0,1.6,0.6,0.0,1.9,1.6,0.33,7.0,5.0,0.0,1.0,0.0,0.0,93.0,Croatia,Algeria,False
7,Round of 16,2026-07-07 00:00:00,Iran,Switzerland,1.2888987064361572,0.9950195550918579,1,2,71.25713709733577,1.5,0.4,1.3,0.9,0.0,1.5,1.3,0.33,7.0,13.0,0.0,1.0,0.0,0.0,94.0,Switzerland,Iran,False
7,Round of 16,2026-07-07 16:00:00,Paraguay,Portugal,1.0905814170837402,1.7129098176956177,2,5,-152.39825862597013,1.8,1.2,2.6,0.7,0.0,1.8,2.6,0.33,9.0,9.0,0.0,1.0,0.0,0.0,95.0,Portugal,Paraguay,False
7,Round of 16,2026-07-07 20:00:00,Bosnia and Herzegovina,Argentina,0.5315884351730347,2.913313150405884,1,3,-371.5566829588381,2.0,0.9,2.4,0.5,0.0,2.0,2.4,0.33,2.0,19.0,0.0,1.0,0.0,0.0,96.0,Argentina,Bosnia and Herzegovina,False
7,Quarter-final,2026-07-09 20:00:00,Canada,Ecuador,0.9681686162948608,1.4338322877883911,1,1,-144.492657736738,1.6,0.8,1.4,1.0,1.0,0.0,0.0,0.0,3.0,5.0,0.0,1.0,0.0,0.0,97.0,Ecuador,Canada,True
7,Quarter-final,2026-07-10 19:00:00,Croatia,Switzerland,1.5807744264602661,1.0062874555587769,0,0,125.08325146146149,2.2,1.1,1.3,1.0,0.0,2.2,1.3,0.33,7.0,13.0,0.0,1.0,0.0,0.0,98.0,Switzerland,Croatia,True
7,Quarter-final,2026-07-11 21:00:00,Japan,Senegal,1.365975022315979,1.0895509719848633,1,0,23.65780036263527,1.9,0.8,1.5,1.3,0.0,1.9,1.5,0.33,8.0,4.0,0.0,1.0,0.0,0.0,99.0,Japan,Senegal,False
7,Quarter-final,2026-07-12 01:00:00,Portugal,Argentina,1.1684705018997192,1.7177785634994507,1,2,-41.13231064137926,3.0,0.9,2.7,0.5,0.0,3.0,2.7,0.33,9.0,19.0,0.0,1.0,0.0,0.0,100.0,Argentina,Portugal,False
7,Semi-final,2026-07-14 19:00:00,Ecuador,Switzerland,1.4065771102905273,1.0856654644012451,1,0,94.71944991401347,1.4,1.0,1.3,1.0,0.0,1.4,1.3,0.33,5.0,13.0,0.0,1.0,0.0,0.0,101.0,Ecuador,Switzerland,False
7,Semi-final,2026-07-15 19:00:00,Japan,Argentina,0.9554463028907776,1.8868118524551392,3,2,-175.63661075678442,1.7,0.6,2.8,0.6,0.0,1.7,2.8,0.33,8.0,19.0,0.0,1.0,0.0,0.0,102.0,Japan,Argentina,False
7,Third-place playoff,2026-07-18 21:00:00,Switzerland,Argentina,0.8859730362892151,1.9200868606567383,1,3,-224.02955386905342,0.9,1.0,2.4,0.9,0.0,0.9,2.4,0.33,13.0,19.0,0.0,1.0,0.0,0.0,103.0,Argentina,Switzerland,False
7,Final,2026-07-19 19:00:00,Ecuador,Japan,1.1103683710098267,1.2266058921813965,1,3,2.375625539520115,1.5,1.0,1.8,0.8,1.0,0.0,0.0,0.0,5.0,8.0,0.0,1.0,0.0,0.0,104.0,Japan,Ecuador,False
8,Group stage,2026-06-11 00:00:00,Mexico,South Africa,2.1329286098480225,0.6023440957069397,4,3,297.64561459530705,1.1,1.0,1.5,1.1,0.0,1.1,1.5,0.33,17.0,3.0,1.0,0.0,0.0,0.0,,,,
8,Group stage,2026-06-11 00:00:00,South Korea,Czech Republic,1.656619668006897,0.9059049487113953,3,0,98.40437375226111,1.5,1.2,1.8,1.2,0.0,1.5,1.8,0.33,11.0,1.0,0.0,1.0,0.0,0.0,,,,
8,Group stage,2026-06-12 00:00:00,Canada,Bosnia and Herzegovina,2.178720712661743,0.6230993866920471,2,1,252.19701310772894,1.1,0.4,2.1,1.1,0.0,1.1,2.1,0.33,2.0,1.0,1.0,0.0,0.0,0.0,,,,
8,Group stage,2026-06-12 00:00:00,United States,Paraguay,1.3273921012878418,1.1478886604309082,1,2,-90.4406608260008,1.7,1.6,1.0,1.0,1.0,2.0,1.0,1.0,11.0,8.0,1.0,0.0,0.0,0.0,,,,
8,Group stage,2026-06-13 00:00:00,Australia,Turkey,1.306311845779419,1.4813357591629028,3,2,-47.69773714089274,1.5,0.9,2.1,1.4,0.0,1.5,2.1,0.33,6.0,2.0,0.0,1.0,0.0,0.0,,,,
8,Group stage,2026-06-13 00:00:00,Brazil,Morocco,1.3794176578521729,1.0310763120651245,2,0,71.7854817950124,1.8,0.8,1.8,0.5,1.0,1.0,2.0,0.0,22.0,6.0,0.0,1.0,0.0,0.0,,,,
8,Group stage,2026-06-13 00:00:00,Haiti,Scotland,0.8986091017723083,1.6037302017211914,0,5,-128.96035980586862,1.2,1.1,1.8,1.2,0.0,1.2,1.8,0.33,1.0,8.0,0.0,1.0,0.0,0.0,,,,
8,Group stage,2026-06-13 00:00:00,Qatar,Switzerland,0.5497463941574097,2.393497943878174,0,3,-360.84472108477416,0.9,1.9,2.5,0.8,0.0,0.9,2.5,0.33,1.0,12.0,0.0,1.0,0.0,0.0,,,,
8,Group stage,2026-06-14 00:00:00,Germany,Curaçao,2.8003809452056885,0.6807331442832947,1,0,361.1352259778141,2.3,1.1,1.6,1.3,0.0,2.3,1.6,0.33,20.0,0.0,0.0,1.0,0.0,0.0,,,,
8,Group stage,2026-06-14 00:00:00,Ivory Coast,Ecuador,0.7578378915786743,1.6096333265304565,0,2,-219.15155902699053,2.0,0.7,0.7,0.4,0.0,2.0,0.7,0.33,3.0,4.0,0.0,1.0,0.0,0.0,,,,
8,Group stage,2026-06-14 00:00:00,Netherlands,Japan,1.4094085693359375,1.0377333164215088,3,0,19.05367466640928,3.0,0.6,1.8,0.7,0.0,3.0,1.8,0.33,11.0,7.0,0.0,1.0,0.0,0.0,,,,
8,Group stage,2026-06-14 00:00:00,Sweden,Tunisia,1.4389334917068481,1.2469319105148315,2,0,22.565366858667858,1.6,1.8,1.4,1.0,0.0,1.6,1.4,0.33,13.0,6.0,0.0,1.0,0.0,0.0,,,,
8,Group stage,2026-06-15 00:00:00,Belgium,Egypt,1.4515180587768555,0.9129274487495422,3,2,99.79242592327387,3.5,1.0,1.3,0.8,1.0,1.0,2.0,0.0,14.0,3.0,0.0,1.0,0.0,0.0,,,,
8,Group stage,2026-06-15 00:00:00,Iran,New Zealand,1.6201878786087036,0.738328218460083,0,0,142.34033556219924,1.6,0.7,0.9,1.5,0.0,1.6,0.9,0.33,6.0,2.0,0.0,1.0,0.0,0.0,,,,
8,Group stage,2026-06-15 00:00:00,Saudi Arabia,Uruguay,0.7248218059539795,1.7654508352279663,2,1,-283.38107610897714,0.9,1.3,1.0,0.9,0.0,0.9,1.0,0.33,6.0,14.0,0.0,1.0,0.0,0.0,,,,
8,Group stage,2026-06-15 00:00:00,Spain,Cape Verde,3.966179609298706,0.5665221810340881,5,1,563.2850614519855,3.1,0.8,1.7,1.0,0.0,3.1,1.7,0.33,16.0,0.0,0.0,1.0,0.0,0.0,,,,
8,Group stage,2026-06-16 00:00:00,Argentina,Algeria,2.156207323074341,0.7074368596076965,0,1,323.48300707879844,2.5,0.4,2.3,0.5,0.0,2.5,2.3,0.33,18.0,4.0,0.0,1.0,0.0,0.0,,,,
8,Group stage,2026-06-16 00:00:00,Austria,Jordan,2.314819097518921,0.9839795827865601,1,1,80.9944962008201,2.8,0.5,2.0,1.5,0.0,2.8,2.0,0.33,7.0,0.0,0.0,1.0,0.0,0.0,,,,
8,Group stage,2026-06-16 00:00:00,France,Senegal,2.243558645248413,0.8569515347480774,1,0,209.2497238875883,2.7,1.1,2.5,0.6,0.0,2.7,2.5,0.33,16.0,3.0,0.0,1.0,0.0,0.0,,,,
8,Group stage,2026-06-16 00:00:00,Iraq,Norway,0.7500935196876526,1.7158862352371216,0,0,-223.33641759859006,1.1,0.7,3.1,0.6,0.0,1.1,3.1,0.33,1.0,3.0,0.0,1.0,0.0,0.0,,,,
8,Group stage,2026-06-17 00:00:00,England,Croatia,1.630310297012329,1.0758646726608276,0,2,94.46756707201507,2.2,0.5,2.9,0.8,0.0,2.2,2.9,0.33,16.0,6.0,0.0,1.0,0.0,0.0,,,,
8,Group stage,2026-06-17 00:00:00,Ghana,Panama,0.8218146562576294,1.872027039527893,0,3,-237.5714618522527,1.5,1.3,1.3,0.8,0.0,1.5,1.3,0.33,4.0,1.0,0.0,1.0,0.0,0.0,,,,
8,Group stage,2026-06-17 00:00:00,Portugal,DR Congo,2.063178300857544,0.639021098613739,1,0,275.4864091486654,2.6,1.0,1.2,0.3,0.0,2.6,1.2,0.33,8.0,1.0,0.0,1.0,0.0,0.0,,,,
8,Group stage,2026-06-17 00:00:00,Uzbekistan,Colombia,0.7373384833335876,1.79137122631073,0,2,-213.1223064060914,1.5,0.7,2.1,1.0,0.0,1.5,2.1,0.33,0.0,6.0,0.0,1.0,0.0,0.0,,,,
8,Group stage,2026-06-18 00:00:00,Canada,Qatar,2.226938247680664,0.43300309777259827,1,2,334.2218513338994,1.1,0.5,0.9,1.9,1.0,2.0,0.0,1.0,3.0,2.0,1.0,0.0,0.0,0.0,,,,
8,Group stage,2026-06-18 00:00:00,Czech Republic,South Africa,1.5334111452102661,1.1853898763656616,1,0,85.10049089078416,1.6,1.5,1.7,1.4,0.0,1.6,1.7,0.33,2.0,4.0,0.0,1.0,0.0,0.0,,,,
8,Group stage,2026-06-18 00:00:00,Mexico,South Korea,1.5078084468841553,0.953694224357605,1,1,49.15369822993421,1.3,1.1,1.6,1.2,1.0,2.0,2.0,0.0,18.0,12.0,1.0,0.0,0.0,0.0,,,,
8,Group stage,2026-06-18 00:00:00,Switzerland,Bosnia and Herzegovina,2.4288480281829834,0.7046633958816528,1,0,316.16257943711526,2.4,0.6,2.1,1.3,0.0,2.4,2.1,0.33,13.0,2.0,0.0,1.0,0.0,0.0,,,,
8,Group stage,2026-06-19 00:00:00,Brazil,Haiti,2.843024492263794,0.5665972828865051,3,1,433.6279780826119,2.0,0.8,1.1,1.5,0.0,2.0,1.1,0.33,23.0,2.0,0.0,1.0,0.0,0.0,,,,
8,Group stage,2026-06-19 00:00:00,Scotland,Morocco,1.042730689048767,1.40449857711792,2,1,-83.81991141571052,2.2,0.9,1.5,0.5,0.0,2.2,1.5,0.33,9.0,7.0,0.0,1.0,0.0,0.0,,,,
8,Group stage,2026-06-19 00:00:00,Turkey,Paraguay,1.2721112966537476,1.3729721307754517,0,2,-21.588251080909686,2.1,1.6,1.0,1.1,0.0,2.1,1.0,0.33,3.0,9.0,0.0,1.0,0.0,0.0,,,,
8,Group stage,2026-06-19 00:00:00,United States,Australia,1.2348567247390747,1.3549023866653442,2,0,-150.99084129438143,1.6,1.7,1.7,1.1,1.0,2.0,1.0,1.0,12.0,7.0,1.0,0.0,0.0,0.0,,,,
8,Group stage,2026-06-20 00:00:00,Ecuador,Curaçao,2.506836414337158,0.5810468196868896,3,3,423.5879509962931,0.9,0.4,1.5,1.3,0.0,0.9,1.5,0.33,5.0,1.0,0.0,1.0,0.0,0.0,,,,
8,Group stage,2026-06-20 00:00:00,Germany,Ivory Coast,2.0322232246398926,0.8172482848167419,6,1,209.76671514672694,2.3,0.9,1.7,0.9,0.0,2.3,1.7,0.33,21.0,4.0,0.0,1.0,0.0,0.0,,,,
8,Group stage,2026-06-20 00:00:00,Netherlands,Sweden,2.2485859394073486,0.9334133863449097,4,4,247.0030099032324,3.1,0.6,1.6,1.8,0.0,3.1,1.6,0.33,12.0,14.0,0.0,1.0,0.0,0.0,,,,
8,Group stage,2026-06-20 00:00:00,Tunisia,Japan,0.8083178997039795,1.7987147569656372,1,3,-235.43008320517447,1.3,1.1,1.8,0.9,0.0,1.3,1.8,0.33,7.0,8.0,0.0,1.0,0.0,0.0,,,,
8,Group stage,2026-06-21 00:00:00,Belgium,Iran,1.5484668016433716,1.1418827772140503,1,0,54.4357067105359,3.7,1.1,1.4,0.7,0.0,3.7,1.4,0.33,15.0,7.0,0.0,1.0,0.0,0.0,,,,
8,Group stage,2026-06-21 00:00:00,New Zealand,Egypt,1.1357401609420776,1.2108415365219116,2,1,-30.465891757648023,0.8,1.5,1.5,0.8,1.0,0.0,1.0,0.0,3.0,4.0,0.0,1.0,0.0,0.0,,,,
8,Group stage,2026-06-21 00:00:00,Spain,Saudi Arabia,2.898526668548584,0.591322660446167,2,0,489.61459744714193,3.1,0.5,1.1,1.4,0.0,3.1,1.1,0.33,17.0,7.0,0.0,1.0,0.0,0.0,,,,
8,Group stage,2026-06-21 00:00:00,Uruguay,Cape Verde,2.1169421672821045,0.7176302075386047,3,0,265.14943091198506,1.1,0.9,1.5,1.5,0.0,1.1,1.5,0.33,15.0,1.0,0.0,1.0,0.0,0.0,,,,
8,Group stage,2026-06-22 00:00:00,Argentina,Austria,2.082334041595459,0.7990435361862183,1,1,264.6248118539934,2.1,0.4,2.7,0.5,0.0,2.1,2.7,0.33,19.0,8.0,0.0,1.0,0.0,0.0,,,,
8,Group stage,2026-06-22 00:00:00,France,Iraq,2.377454996109009,0.4914461374282837,2,0,388.7210746627834,2.4,0.6,1.0,0.7,0.0,2.4,1.0,0.33,17.0,2.0,0.0,1.0,0.0,0.0,,,,
8,Group stage,2026-06-22 00:00:00,Jordan,Algeria,0.9770524501800537,1.6370102167129517,0,2,-112.26227180674437,1.9,1.3,1.9,0.4,0.0,1.9,1.9,0.33,1.0,5.0,0.0,1.0,0.0,0.0,,,,
8,Group stage,2026-06-22 00:00:00,Norway,Senegal,1.3885900974273682,0.9861581325531006,5,2,37.53658478684929,2.8,0.6,1.7,0.7,0.0,2.8,1.7,0.33,4.0,4.0,0.0,1.0,0.0,0.0,,,,
8,Group stage,2026-06-23 00:00:00,Colombia,DR Congo,2.072681427001953,0.6320299506187439,0,2,312.0782628911925,2.3,1.0,1.1,0.4,0.0,2.3,1.1,0.33,7.0,2.0,0.0,1.0,0.0,0.0,,,,
8,Group stage,2026-06-23 00:00:00,England,Ghana,2.490558624267578,0.7505186200141907,5,0,421.7879361547002,2.1,0.7,1.4,1.4,0.0,2.1,1.4,0.33,17.0,5.0,0.0,1.0,0.0,0.0,,,,
8,Group stage,2026-06-23 00:00:00,Panama,Croatia,0.9934440851211548,1.6509342193603516,0,1,-161.00150685685458,1.6,0.8,2.4,0.8,0.0,1.6,2.4,0.33,2.0,7.0,0.0,1.0,0.0,0.0,,,,
8,Group stage,2026-06-23 00:00:00,Portugal,Uzbekistan,2.025714874267578,0.7734835147857666,1,0,237.73965902922805,2.5,0.9,1.3,0.7,0.0,2.5,1.3,0.33,9.0,1.0,0.0,1.0,0.0,0.0,,,,
8,Group stage,2026-06-24 00:00:00,Bosnia and Herzegovina,Qatar,1.4967182874679565,1.2759937047958374,3,1,4.249291084840024,2.0,1.2,0.9,1.8,0.0,2.0,0.9,0.33,2.0,2.0,0.0,1.0,0.0,0.0,,,,
8,Group stage,2026-06-24 00:00:00,Canada,Switzerland,1.0733661651611328,1.2103005647659302,0,0,-113.81589977030444,1.1,0.6,2.1,0.6,0.0,1.1,2.1,0.33,3.0,13.0,1.0,0.0,0.0,0.0,,,,
8,Group stage,2026-06-24 00:00:00,Mexico,Czech Republic,1.9743962287902832,0.6604332327842712,1,0,188.65197439711346,1.4,0.8,1.6,1.0,0.0,1.4,1.6,0.33,18.0,2.0,1.0,0.0,0.0,0.0,,,,
8,Group stage,2026-06-24 00:00:00,Morocco,Haiti,1.9704927206039429,0.7077704668045044,1,2,259.92880968973554,1.4,0.7,1.1,1.6,0.0,1.4,1.1,0.33,7.0,2.0,0.0,1.0,0.0,0.0,,,,
8,Group stage,2026-06-24 00:00:00,Scotland,Brazil,0.9488946795463562,2.2093183994293213,1,1,-197.0213049727281,2.0,1.0,2.2,0.9,0.0,2.0,2.2,0.33,9.0,23.0,0.0,1.0,0.0,0.0,,,,
8,Group stage,2026-06-24 00:00:00,South Africa,South Korea,0.7929239273071289,2.0497045516967773,0,2,-294.47356055478895,1.7,1.5,1.3,1.3,0.0,1.7,1.3,0.33,4.0,12.0,0.0,1.0,0.0,0.0,,,,
8,Group stage,2026-06-25 00:00:00,Curaçao,Ivory Coast,1.1414158344268799,1.7271509170532227,3,1,-111.90938037806814,1.7,1.4,1.8,1.4,0.0,1.7,1.8,0.33,1.0,4.0,0.0,1.0,0.0,0.0,,,,
8,Group stage,2026-06-25 00:00:00,Ecuador,Germany,1.1181764602661133,1.4649795293807983,2,2,-3.6868250569139036,1.2,0.7,2.9,0.8,0.0,1.2,2.9,0.33,5.0,21.0,0.0,1.0,0.0,0.0,,,,
8,Group stage,2026-06-25 00:00:00,Japan,Sweden,1.7040654420852661,1.1442524194717407,2,1,128.81532328418803,1.5,1.0,1.6,1.9,0.0,1.5,1.6,0.33,8.0,14.0,0.0,1.0,0.0,0.0,,,,
8,Group stage,2026-06-25 00:00:00,Paraguay,Australia,1.452411413192749,1.0438542366027832,2,1,94.86505783722646,1.2,1.0,1.5,1.2,0.0,1.2,1.5,0.33,9.0,7.0,0.0,1.0,0.0,0.0,,,,
8,Group stage,2026-06-25 00:00:00,Tunisia,Netherlands,0.7110857963562012,2.3167836666107178,1,6,-353.8446918562031,1.4,1.3,2.7,1.0,0.0,1.4,2.7,0.33,7.0,12.0,0.0,1.0,0.0,0.0,,,,
8,Group stage,2026-06-25 00:00:00,United States,Turkey,1.6534796953201294,1.323718547821045,1,1,-36.738017328603064,1.7,1.5,2.1,1.7,1.0,1.0,2.0,0.0,12.0,3.0,1.0,0.0,0.0,0.0,,,,
8,Group stage,2026-06-26 00:00:00,Cape Verde,Saudi Arabia,1.1723918914794922,1.761356234550476,1,2,-95.80533447996572,1.4,1.7,1.0,1.6,0.0,1.4,1.0,0.33,1.0,7.0,0.0,1.0,0.0,0.0,,,,
8,Group stage,2026-06-26 00:00:00,Egypt,Iran,0.9787296056747437,1.399316430091858,1,1,-95.86814228775074,1.4,0.9,1.2,0.6,0.0,1.4,1.2,0.33,4.0,7.0,0.0,1.0,0.0,0.0,,,,
8,Group stage,2026-06-26 00:00:00,New Zealand,Belgium,0.9471638798713684,2.0033020973205566,1,3,-166.1973732561471,0.9,1.4,3.4,0.8,0.0,0.9,3.4,0.33,3.0,15.0,0.0,1.0,0.0,0.0,,,,
8,Group stage,2026-06-26 00:00:00,Norway,France,1.0140775442123413,2.039163827896118,1,1,-161.2212259922253,3.2,0.8,2.4,0.6,0.0,3.2,2.4,0.33,4.0,17.0,0.0,1.0,0.0,0.0,,,,
8,Group stage,2026-06-26 00:00:00,Senegal,Iraq,1.3926935195922852,0.8005845546722412,0,0,113.61890806872361,1.6,1.2,0.9,0.9,0.0,1.6,0.9,0.33,4.0,2.0,0.0,1.0,0.0,0.0,,,,
8,Group stage,2026-06-26 00:00:00,Uruguay,Spain,0.7312291264533997,2.0639448165893555,1,0,-292.9190772178267,1.2,0.9,3.1,0.3,0.0,1.2,3.1,0.33,15.0,17.0,0.0,1.0,0.0,0.0,,,,
8,Group stage,2026-06-27 00:00:00,Algeria,Austria,1.297343373298645,1.096316933631897,1,1,56.69106976921921,1.9,0.4,2.4,0.6,0.0,1.9,2.4,0.33,5.0,8.0,0.0,1.0,0.0,0.0,,,,
8,Group stage,2026-06-27 00:00:00,Colombia,Portugal,1.1435575485229492,1.5182989835739136,2,1,-73.17076303217891,2.2,1.1,2.4,0.7,0.0,2.2,2.4,0.33,7.0,9.0,0.0,1.0,0.0,0.0,,,,
8,Group stage,2026-06-27 00:00:00,Croatia,Ghana,2.698977470397949,0.5056636929512024,4,1,467.9474928373761,2.0,0.7,1.0,1.9,0.0,2.0,1.0,0.33,7.0,5.0,0.0,1.0,0.0,0.0,,,,
8,Group stage,2026-06-27 00:00:00,DR Congo,Uzbekistan,1.1299177408218384,0.951295793056488,2,0,31.22263846076362,1.2,0.4,1.3,0.8,0.0,1.2,1.3,0.33,2.0,1.0,0.0,1.0,0.0,0.0,,,,
8,Group stage,2026-06-27 00:00:00,Jordan,Argentina,0.5585934519767761,2.4376559257507324,0,1,-343.56407683765997,1.7,1.2,2.1,0.5,0.0,1.7,2.1,0.33,1.0,19.0,0.0,1.0,0.0,0.0,,,,
8,Group stage,2026-06-27 00:00:00,Panama,England,0.8503770232200623,1.9238694906234741,0,3,-168.32573654548378,1.5,0.8,2.5,0.4,0.0,1.5,2.5,0.33,2.0,17.0,0.0,1.0,0.0,0.0,,,,
8,Round of 32,2026-06-28 19:00:00,Mexico,Canada,1.2837703227996826,0.710433304309845,2,0,115.34922478222302,1.4,0.7,0.8,0.6,2.0,1.0,0.0,0.5,18.0,3.0,0.0,1.0,0.0,0.0,73.0,Mexico,Canada,False
8,Round of 32,2026-06-29 17:00:00,Scotland,Japan,1.1140884160995483,1.4177522659301758,1,2,-64.5269166020048,2.1,1.1,1.7,1.1,1.0,0.0,1.0,0.0,9.0,8.0,0.0,1.0,0.0,0.0,74.0,Japan,Scotland,False
8,Round of 32,2026-06-29 20:30:00,Germany,Australia,1.8481988906860352,0.9027256369590759,3,1,146.1861430949009,3.1,0.8,1.5,1.4,0.0,3.1,1.5,0.33,21.0,7.0,0.0,1.0,0.0,0.0,75.0,Germany,Australia,False
8,Round of 32,2026-06-30 01:00:00,Netherlands,Brazil,1.3172110319137573,1.6038600206375122,1,3,-25.704263463736197,3.2,1.0,2.0,1.0,0.0,3.2,2.0,0.33,12.0,23.0,0.0,1.0,0.0,0.0,76.0,Brazil,Netherlands,False
8,Round of 32,2026-06-30 17:00:00,Ecuador,Norway,1.2144200801849365,1.3126033544540405,0,1,-0.7590907425933437,1.4,0.9,3.2,0.9,0.0,1.4,3.2,0.33,5.0,4.0,0.0,1.0,0.0,0.0,77.0,Norway,Ecuador,False
8,Round of 32,2026-06-30 21:00:00,France,Sweden,2.3886823654174805,0.9776343703269958,3,0,334.6297928917363,2.3,0.7,1.5,1.9,0.0,2.3,1.5,0.33,17.0,14.0,0.0,1.0,0.0,0.0,78.0,France,Sweden,False
8,Round of 32,2026-07-01 01:00:00,South Korea,Curaçao,2.1339993476867676,0.798341691493988,1,1,242.68698771011123,1.3,1.3,2.0,1.5,0.0,1.3,2.0,0.33,12.0,1.0,0.0,1.0,0.0,0.0,79.0,Curaçao,South Korea,True
8,Round of 32,2026-07-01 16:00:00,Croatia,Colombia,1.4036082029342651,1.1148658990859985,0,0,34.97337523123815,2.3,0.8,2.1,1.2,1.0,2.0,1.0,1.0,7.0,7.0,0.0,1.0,0.0,0.0,80.0,Colombia,Croatia,True
8,Round of 32,2026-07-01 20:00:00,Belgium,Saudi Arabia,2.1407527923583984,0.8422856330871582,3,1,223.871163403526,3.1,0.9,1.2,1.5,0.0,3.1,1.2,0.33,15.0,7.0,0.0,1.0,0.0,0.0,81.0,Belgium,Saudi Arabia,False
8,Round of 32,2026-07-02 00:00:00,Paraguay,Bosnia and Herzegovina,2.2550735473632812,0.7143614292144775,3,0,338.2709521023812,1.4,1.1,1.7,1.3,0.0,1.4,1.7,0.33,9.0,2.0,0.0,1.0,0.0,0.0,82.0,Paraguay,Bosnia and Herzegovina,False
8,Round of 32,2026-07-02 19:00:00,Portugal,England,1.1271623373031616,1.6833986043930054,0,0,-29.783478898596286,2.0,0.9,2.6,0.4,0.0,2.0,2.6,0.33,9.0,17.0,0.0,1.0,0.0,0.0,83.0,England,Portugal,True
8,Round of 32,2026-07-02 23:00:00,Spain,Argentina,1.4911073446273804,1.3040568828582764,1,0,65.21755355756045,2.8,0.4,2.1,0.4,0.0,2.8,2.1,0.33,17.0,19.0,0.0,1.0,0.0,0.0,84.0,Spain,Argentina,False
8,Round of 32,2026-07-03 03:00:00,Switzerland,Austria,1.386001467704773,1.036618709564209,1,1,67.30315672429629,1.7,0.6,2.4,0.7,1.0,1.0,1.0,0.0,13.0,8.0,0.0,1.0,0.0,0.0,85.0,Austria,Switzerland,True
8,Round of 32,2026-07-03 18:00:00,United States,New Zealand,1.546739101409912,1.0392216444015503,0,1,73.89326577038878,1.8,1.4,1.0,1.6,1.0,1.0,1.0,0.0,12.0,3.0,0.0,1.0,0.0,0.0,86.0,New Zealand,United States,False
8,Round of 32,2026-07-03 22:00:00,Algeria,Uruguay,1.0066269636154175,1.285805106163025,0,0,-55.10167967739858,1.9,0.4,1.0,0.9,1.0,0.0,0.0,0.0,5.0,15.0,0.0,1.0,0.0,0.0,87.0,Algeria,Uruguay,True
8,Round of 32,2026-07-04 01:30:00,DR Congo,Panama,1.2431399822235107,0.9594739079475403,0,1,42.64411222964304,1.3,0.4,1.4,1.1,0.0,1.3,1.4,0.33,2.0,2.0,0.0,1.0,0.0,0.0,88.0,Panama,DR Congo,False
8,Round of 16,2026-07-04 17:00:00,Mexico,Germany,1.1421527862548828,1.700042724609375,0,2,-50.93209924143321,1.6,0.7,3.1,0.8,1.0,2.0,2.0,0.0,18.0,21.0,0.0,1.0,0.0,0.0,89.0,Germany,Mexico,False
8,Round of 16,2026-07-04 21:00:00,Japan,Norway,1.1631594896316528,1.3647170066833496,1,0,-37.31748529150104,1.9,1.0,2.2,0.8,0.0,1.9,2.2,0.33,8.0,4.0,0.0,1.0,0.0,0.0,90.0,Japan,Norway,False
8,Round of 16,2026-07-05 20:00:00,Brazil,France,1.1190786361694336,1.7433112859725952,4,0,-37.06708123361045,2.3,1.0,2.4,0.6,1.0,1.0,2.0,0.0,23.0,17.0,0.0,1.0,0.0,0.0,91.0,Brazil,France,False
8,Round of 16,2026-07-06 00:00:00,Curaçao,Colombia,0.6416065692901611,2.1265735626220703,0,1,-318.5009624493225,1.8,1.4,1.5,0.9,0.0,1.8,1.5,0.33,1.0,7.0,0.0,1.0,0.0,0.0,92.0,Colombia,Curaçao,False
8,Round of 16,2026-07-06 19:00:00,England,Spain,0.9532182812690735,1.6047091484069824,0,1,-118.61374558542047,2.1,0.4,2.3,0.4,1.0,1.0,2.0,0.0,17.0,17.0,0.0,1.0,0.0,0.0,93.0,Spain,England,False
8,Round of 16,2026-07-07 00:00:00,Belgium,Paraguay,1.3534454107284546,1.3026999235153198,0,1,-21.552819373559032,2.8,1.0,1.6,1.1,0.0,2.8,1.6,0.33,15.0,9.0,0.0,1.0,0.0,0.0,94.0,Paraguay,Belgium,False
8,Round of 16,2026-07-07 16:00:00,New Zealand,Panama,1.1180284023284912,1.3707029819488525,1,1,-69.15296880994833,1.0,1.3,1.4,1.0,0.0,1.0,1.4,0.33,3.0,2.0,0.0,1.0,0.0,0.0,95.0,Panama,New Zealand,True
8,Round of 16,2026-07-07 20:00:00,Austria,Algeria,1.0592683553695679,1.1960026025772095,0,0,-45.96540271883805,2.3,0.7,1.6,0.4,1.0,1.0,1.0,0.0,8.0,5.0,0.0,1.0,0.0,0.0,96.0,Algeria,Austria,True
8,Quarter-final,2026-07-09 20:00:00,Germany,Japan,1.3505747318267822,1.1138402223587036,1,1,42.0237060909235,2.9,0.8,1.8,0.8,2.0,1.0,3.0,0.0,21.0,8.0,0.0,1.0,0.0,0.0,97.0,Japan,Germany,True
8,Quarter-final,2026-07-10 19:00:00,Spain,Paraguay,1.7620160579681396,0.8687143921852112,1,1,178.76104981390063,2.2,0.4,1.5,0.9,0.0,2.2,1.5,0.33,17.0,9.0,0.0,1.0,0.0,0.0,98.0,Paraguay,Spain,True
8,Quarter-final,2026-07-11 21:00:00,Brazil,Colombia,1.3502023220062256,0.9281036257743835,0,0,114.14683307272162,2.2,1.0,1.2,0.9,3.0,1.3333333333333333,1.3333333333333333,0.3333333333333333,23.0,7.0,0.0,1.0,0.0,0.0,99.0,Brazil,Colombia,True
8,Quarter-final,2026-07-12 01:00:00,Panama,Algeria,0.9299572110176086,1.422168254852295,4,2,-103.93642980993422,1.2,0.9,1.5,0.4,0.0,1.2,1.5,0.33,2.0,5.0,0.0,1.0,0.0,0.0,100.0,Panama,Algeria,False
8,Semi-final,2026-07-14 19:00:00,Japan,Paraguay,1.096919059753418,1.1187114715576172,1,1,-20.99952617435224,1.6,0.7,1.6,0.8,1.0,2.0,2.0,0.0,8.0,9.0,0.0,1.0,0.0,0.0,101.0,Paraguay,Japan,True
8,Semi-final,2026-07-15 19:00:00,Brazil,Panama,2.042019844055176,0.7483346462249756,2,1,255.65801197545352,2.0,0.7,1.3,1.1,0.0,2.0,1.3,0.33,23.0,2.0,0.0,1.0,0.0,0.0,102.0,Brazil,Panama,False
8,Third-place playoff,2026-07-18 21:00:00,Japan,Panama,1.5104597806930542,0.8412628173828125,1,2,103.89159459902976,1.5,0.8,1.3,1.2,0.0,1.5,1.3,0.33,8.0,2.0,0.0,1.0,0.0,0.0,103.0,Panama,Japan,False
8,Final,2026-07-19 19:00:00,Paraguay,Brazil,0.9741113185882568,1.378616213798523,0,1,-96.79135284929066,1.6,0.7,2.0,0.8,3.0,0.6666666666666666,1.6666666666666667,0.3333333333333333,9.0,23.0,0.0,1.0,0.0,0.0,104.0,Brazil,Paraguay,False
9,Group stage,2026-06-11 00:00:00,Mexico,South Africa,2.1329286098480225,0.6023440957069397,4,2,297.64561459530705,1.1,1.0,1.5,1.1,0.0,1.1,1.5,0.33,17.0,3.0,1.0,0.0,0.0,0.0,,,,
9,Group stage,2026-06-11 00:00:00,South Korea,Czech Republic,1.656619668006897,0.9059049487113953,5,1,98.40437375226111,1.5,1.2,1.8,1.2,0.0,1.5,1.8,0.33,11.0,1.0,0.0,1.0,0.0,0.0,,,,
9,Group stage,2026-06-12 00:00:00,Canada,Bosnia and Herzegovina,2.178720712661743,0.6230993866920471,4,0,252.19701310772894,1.1,0.4,2.1,1.1,0.0,1.1,2.1,0.33,2.0,1.0,1.0,0.0,0.0,0.0,,,,
9,Group stage,2026-06-12 00:00:00,United States,Paraguay,1.3273921012878418,1.1478886604309082,2,0,-90.4406608260008,1.7,1.6,1.0,1.0,1.0,2.0,1.0,1.0,11.0,8.0,1.0,0.0,0.0,0.0,,,,
9,Group stage,2026-06-13 00:00:00,Australia,Turkey,1.306311845779419,1.4813357591629028,1,1,-47.69773714089274,1.5,0.9,2.1,1.4,0.0,1.5,2.1,0.33,6.0,2.0,0.0,1.0,0.0,0.0,,,,
9,Group stage,2026-06-13 00:00:00,Brazil,Morocco,1.3794176578521729,1.0310763120651245,1,0,71.7854817950124,1.8,0.8,1.8,0.5,1.0,1.0,2.0,0.0,22.0,6.0,0.0,1.0,0.0,0.0,,,,
9,Group stage,2026-06-13 00:00:00,Haiti,Scotland,0.8986091017723083,1.6037302017211914,1,3,-128.96035980586862,1.2,1.1,1.8,1.2,0.0,1.2,1.8,0.33,1.0,8.0,0.0,1.0,0.0,0.0,,,,
9,Group stage,2026-06-13 00:00:00,Qatar,Switzerland,0.5497463941574097,2.393497943878174,0,1,-360.84472108477416,0.9,1.9,2.5,0.8,0.0,0.9,2.5,0.33,1.0,12.0,0.0,1.0,0.0,0.0,,,,
9,Group stage,2026-06-14 00:00:00,Germany,Curaçao,2.8003809452056885,0.6807331442832947,3,0,361.1352259778141,2.3,1.1,1.6,1.3,0.0,2.3,1.6,0.33,20.0,0.0,0.0,1.0,0.0,0.0,,,,
9,Group stage,2026-06-14 00:00:00,Ivory Coast,Ecuador,0.7578378915786743,1.6096333265304565,1,2,-219.15155902699053,2.0,0.7,0.7,0.4,0.0,2.0,0.7,0.33,3.0,4.0,0.0,1.0,0.0,0.0,,,,
9,Group stage,2026-06-14 00:00:00,Netherlands,Japan,1.4094085693359375,1.0377333164215088,2,1,19.05367466640928,3.0,0.6,1.8,0.7,0.0,3.0,1.8,0.33,11.0,7.0,0.0,1.0,0.0,0.0,,,,
9,Group stage,2026-06-14 00:00:00,Sweden,Tunisia,1.4389334917068481,1.2469319105148315,4,3,22.565366858667858,1.6,1.8,1.4,1.0,0.0,1.6,1.4,0.33,13.0,6.0,0.0,1.0,0.0,0.0,,,,
9,Group stage,2026-06-15 00:00:00,Belgium,Egypt,1.4515180587768555,0.9129274487495422,1,1,99.79242592327387,3.5,1.0,1.3,0.8,1.0,1.0,2.0,0.0,14.0,3.0,0.0,1.0,0.0,0.0,,,,
9,Group stage,2026-06-15 00:00:00,Iran,New Zealand,1.6201878786087036,0.738328218460083,4,1,142.34033556219924,1.6,0.7,0.9,1.5,0.0,1.6,0.9,0.33,6.0,2.0,0.0,1.0,0.0,0.0,,,,
9,Group stage,2026-06-15 00:00:00,Saudi Arabia,Uruguay,0.7248218059539795,1.7654508352279663,1,4,-283.38107610897714,0.9,1.3,1.0,0.9,0.0,0.9,1.0,0.33,6.0,14.0,0.0,1.0,0.0,0.0,,,,
9,Group stage,2026-06-15 00:00:00,Spain,Cape Verde,3.966179609298706,0.5665221810340881,2,0,563.2850614519855,3.1,0.8,1.7,1.0,0.0,3.1,1.7,0.33,16.0,0.0,0.0,1.0,0.0,0.0,,,,
9,Group stage,2026-06-16 00:00:00,Argentina,Algeria,2.156207323074341,0.7074368596076965,4,0,323.48300707879844,2.5,0.4,2.3,0.5,0.0,2.5,2.3,0.33,18.0,4.0,0.0,1.0,0.0,0.0,,,,
9,Group stage,2026-06-16 00:00:00,Austria,Jordan,2.314819097518921,0.9839795827865601,2,0,80.9944962008201,2.8,0.5,2.0,1.5,0.0,2.8,2.0,0.33,7.0,0.0,0.0,1.0,0.0,0.0,,,,
9,Group stage,2026-06-16 00:00:00,France,Senegal,2.243558645248413,0.8569515347480774,3,1,209.2497238875883,2.7,1.1,2.5,0.6,0.0,2.7,2.5,0.33,16.0,3.0,0.0,1.0,0.0,0.0,,,,
9,Group stage,2026-06-16 00:00:00,Iraq,Norway,0.7500935196876526,1.7158862352371216,1,0,-223.33641759859006,1.1,0.7,3.1,0.6,0.0,1.1,3.1,0.33,1.0,3.0,0.0,1.0,0.0,0.0,,,,
9,Group stage,2026-06-17 00:00:00,England,Croatia,1.630310297012329,1.0758646726608276,1,1,94.46756707201507,2.2,0.5,2.9,0.8,0.0,2.2,2.9,0.33,16.0,6.0,0.0,1.0,0.0,0.0,,,,
9,Group stage,2026-06-17 00:00:00,Ghana,Panama,0.8218146562576294,1.872027039527893,1,3,-237.5714618522527,1.5,1.3,1.3,0.8,0.0,1.5,1.3,0.33,4.0,1.0,0.0,1.0,0.0,0.0,,,,
9,Group stage,2026-06-17 00:00:00,Portugal,DR Congo,2.063178300857544,0.639021098613739,0,0,275.4864091486654,2.6,1.0,1.2,0.3,0.0,2.6,1.2,0.33,8.0,1.0,0.0,1.0,0.0,0.0,,,,
9,Group stage,2026-06-17 00:00:00,Uzbekistan,Colombia,0.7373384833335876,1.79137122631073,1,4,-213.1223064060914,1.5,0.7,2.1,1.0,0.0,1.5,2.1,0.33,0.0,6.0,0.0,1.0,0.0,0.0,,,,
9,Group stage,2026-06-18 00:00:00,Canada,Qatar,2.094303846359253,0.4286613166332245,6,1,335.3204726033705,1.3,0.4,0.9,1.7,1.0,2.0,0.0,1.0,3.0,2.0,1.0,0.0,0.0,0.0,,,,
9,Group stage,2026-06-18 00:00:00,Czech Republic,South Africa,1.5719008445739746,1.197226881980896,2,0,85.14614920948748,1.7,1.7,1.6,1.4,0.0,1.7,1.6,0.33,2.0,4.0,0.0,1.0,0.0,0.0,,,,
9,Group stage,2026-06-18 00:00:00,Mexico,South Korea,1.5044031143188477,0.98686683177948,0,1,49.199356548637525,1.3,1.0,1.8,1.3,1.0,2.0,2.0,0.0,18.0,12.0,1.0,0.0,0.0,0.0,,,,
9,Group stage,2026-06-18 00:00:00,Switzerland,Bosnia and Herzegovina,2.384751081466675,0.7090798020362854,4,0,317.26120070658635,2.2,0.6,2.0,1.5,0.0,2.2,2.0,0.33,13.0,2.0,0.0,1.0,0.0,0.0,,,,
9,Group stage,2026-06-19 00:00:00,Brazil,Haiti,2.761026620864868,0.6035779714584351,2,0,412.00916665019554,1.9,0.8,1.2,1.3,0.0,1.9,1.2,0.33,23.0,2.0,0.0,1.0,0.0,0.0,,,,
9,Group stage,2026-06-19 00:00:00,Scotland,Morocco,0.9927904605865479,1.4876545667648315,1,3,-105.43872284812687,2.0,1.0,1.5,0.4,0.0,2.0,1.5,0.33,9.0,7.0,0.0,1.0,0.0,0.0,,,,
9,Group stage,2026-06-19 00:00:00,Turkey,Paraguay,1.4592446088790894,1.0623494386672974,0,1,82.99914318295032,2.0,1.4,0.8,1.2,0.0,2.0,0.8,0.33,3.0,9.0,0.0,1.0,0.0,0.0,,,,
9,Group stage,2026-06-19 00:00:00,United States,Australia,1.4390031099319458,1.1611307859420776,2,0,-46.40344703052142,1.7,1.5,1.5,1.0,1.0,2.0,1.0,1.0,12.0,7.0,1.0,0.0,0.0,0.0,,,,
9,Group stage,2026-06-20 00:00:00,Ecuador,Curaçao,2.586946964263916,0.5881115198135376,2,0,421.9692511209835,0.9,0.5,1.5,1.5,0.0,0.9,1.5,0.33,5.0,1.0,0.0,1.0,0.0,0.0,,,,
9,Group stage,2026-06-20 00:00:00,Germany,Ivory Coast,2.0364232063293457,0.8279247879981995,2,0,208.1480152714173,2.5,0.9,1.8,0.9,0.0,2.5,1.8,0.33,21.0,4.0,0.0,1.0,0.0,0.0,,,,
9,Group stage,2026-06-20 00:00:00,Netherlands,Sweden,2.5291588306427,1.0494178533554077,1,0,239.76283661348316,3.0,0.7,1.8,2.1,0.0,3.0,1.8,0.33,12.0,14.0,0.0,1.0,0.0,0.0,,,,
9,Group stage,2026-06-20 00:00:00,Tunisia,Japan,0.8298242092132568,1.898416519165039,2,1,-242.6702564949237,1.6,1.3,1.9,0.8,0.0,1.6,1.9,0.33,7.0,8.0,0.0,1.0,0.0,0.0,,,,
9,Group stage,2026-06-21 00:00:00,Belgium,Iran,1.3525930643081665,1.3135484457015991,1,2,-19.329611314453814,3.5,1.0,1.8,0.8,0.0,3.5,1.8,0.33,15.0,7.0,0.0,1.0,0.0,0.0,,,,
9,Group stage,2026-06-21 00:00:00,New Zealand,Egypt,1.0327794551849365,1.5301085710525513,0,2,-104.23120978263773,0.9,1.9,1.4,0.6,1.0,0.0,1.0,0.0,3.0,4.0,0.0,1.0,0.0,0.0,,,,
9,Group stage,2026-06-21 00:00:00,Spain,Saudi Arabia,3.1985857486724854,0.44840818643569946,6,1,556.1332061726282,2.8,0.4,1.0,1.7,0.0,2.8,1.0,0.33,17.0,7.0,0.0,1.0,0.0,0.0,,,,
9,Group stage,2026-06-21 00:00:00,Uruguay,Cape Verde,2.2849717140197754,0.6625538468360901,2,0,331.66803963747134,1.4,0.8,1.4,1.2,0.0,1.4,1.4,0.33,15.0,1.0,0.0,1.0,0.0,0.0,,,,
9,Group stage,2026-06-22 00:00:00,Argentina,Austria,2.211400032043457,0.7523896098136902,1,1,290.1185878611325,2.5,0.3,2.8,0.4,0.0,2.5,2.8,0.33,19.0,8.0,0.0,1.0,0.0,0.0,,,,
9,Group stage,2026-06-22 00:00:00,France,Iraq,2.3404688835144043,0.5657403469085693,0,0,365.6411408625281,2.6,0.7,1.1,0.7,0.0,2.6,1.1,0.33,17.0,2.0,0.0,1.0,0.0,0.0,,,,
9,Group stage,2026-06-22 00:00:00,Jordan,Algeria,0.9963556528091431,1.5617954730987549,1,3,-86.76849579960526,1.8,1.4,1.8,0.8,0.0,1.8,1.8,0.33,1.0,5.0,0.0,1.0,0.0,0.0,,,,
9,Group stage,2026-06-22 00:00:00,Norway,Senegal,1.3640755414962769,1.0701522827148438,2,4,14.456650986594013,2.8,0.7,1.8,0.9,0.0,2.8,1.8,0.33,4.0,4.0,0.0,1.0,0.0,0.0,,,,
9,Group stage,2026-06-23 00:00:00,Colombia,DR Congo,2.03299880027771,0.642335832118988,3,0,285.4793122468934,2.5,1.1,1.1,0.3,0.0,2.5,1.1,0.33,7.0,2.0,0.0,1.0,0.0,0.0,,,,
9,Group stage,2026-06-23 00:00:00,England,Ghana,2.6456403732299805,0.7255355715751648,3,0,467.72361999173404,2.2,0.6,1.5,1.4,0.0,2.2,1.5,0.33,17.0,5.0,0.0,1.0,0.0,0.0,,,,
9,Group stage,2026-06-23 00:00:00,Panama,Croatia,1.012760877609253,1.551775336265564,1,1,-115.06582301982075,1.6,0.9,2.3,0.9,0.0,1.6,2.3,0.33,2.0,7.0,0.0,1.0,0.0,0.0,,,,
9,Group stage,2026-06-23 00:00:00,Portugal,Uzbekistan,2.050297975540161,0.7840734720230103,3,0,211.14070838492898,2.4,0.9,1.4,0.9,0.0,2.4,1.4,0.33,9.0,1.0,0.0,1.0,0.0,0.0,,,,
9,Group stage,2026-06-24 00:00:00,Bosnia and Herzegovina,Qatar,1.8772143125534058,1.2272909879684448,0,0,50.39556425135356,1.9,1.7,0.8,2.1,0.0,1.9,0.8,0.33,2.0,2.0,0.0,1.0,0.0,0.0,,,,
9,Group stage,2026-06-24 00:00:00,Canada,Switzerland,1.2104706764221191,1.0825327634811401,2,1,-45.43230715487266,1.8,0.4,2.2,0.6,0.0,1.8,2.2,0.33,3.0,13.0,1.0,0.0,0.0,0.0,,,,
9,Group stage,2026-06-24 00:00:00,Mexico,Czech Republic,1.7740336656570435,0.7242257595062256,3,1,152.73304514556298,1.3,0.7,1.8,1.2,0.0,1.3,1.8,0.33,18.0,2.0,1.0,0.0,0.0,0.0,,,,
9,Group stage,2026-06-24 00:00:00,Morocco,Haiti,2.085437774658203,0.5593858957290649,0,0,331.8770024723583,1.6,0.5,1.1,1.3,0.0,1.6,1.1,0.33,7.0,2.0,0.0,1.0,0.0,0.0,,,,
9,Group stage,2026-06-24 00:00:00,Scotland,Brazil,0.8126404881477356,2.2331836223602295,1,4,-264.4305878335608,1.7,1.3,2.0,0.8,0.0,1.7,2.0,0.33,9.0,23.0,0.0,1.0,0.0,0.0,,,,
9,Group stage,2026-06-24 00:00:00,South Africa,South Korea,0.744642436504364,2.133622646331787,1,6,-341.3454206099366,1.6,1.6,1.5,1.3,0.0,1.6,1.5,0.33,4.0,12.0,0.0,1.0,0.0,0.0,,,,
9,Group stage,2026-06-25 00:00:00,Curaçao,Ivory Coast,0.8970335125923157,1.8871119022369385,1,1,-162.75948726862453,1.4,1.5,1.8,1.0,0.0,1.4,1.8,0.33,1.0,4.0,0.0,1.0,0.0,0.0,,,,
9,Group stage,2026-06-25 00:00:00,Ecuador,Germany,1.1691633462905884,1.31792151927948,0,3,23.915567366243067,1.1,0.5,2.7,0.7,0.0,1.1,2.7,0.33,5.0,21.0,0.0,1.0,0.0,0.0,,,,
9,Group stage,2026-06-25 00:00:00,Japan,Sweden,1.679007649421692,1.1326462030410767,1,2,127.95336672222606,1.4,1.0,1.4,1.9,0.0,1.4,1.4,0.33,8.0,14.0,0.0,1.0,0.0,0.0,,,,
9,Group stage,2026-06-25 00:00:00,Paraguay,Australia,1.2602626085281372,1.0618950128555298,0,0,31.658978813676185,0.9,1.1,1.3,1.1,0.0,0.9,1.3,0.33,9.0,7.0,0.0,1.0,0.0,0.0,,,,
9,Group stage,2026-06-25 00:00:00,Tunisia,Netherlands,0.7308672666549683,1.9956188201904297,1,0,-282.39381932920264,1.8,1.3,2.3,0.7,0.0,1.8,2.3,0.33,7.0,12.0,0.0,1.0,0.0,0.0,,,,
9,Group stage,2026-06-25 00:00:00,United States,Turkey,1.5589362382888794,1.1277598142623901,0,1,-10.769307824433326,1.8,1.3,2.0,1.4,1.0,1.0,2.0,0.0,12.0,3.0,1.0,0.0,0.0,0.0,,,,
9,Group stage,2026-06-26 00:00:00,Cape Verde,Saudi Arabia,1.3818258047103882,1.3588495254516602,4,1,-20.84145016743105,1.3,1.3,1.0,2.3,0.0,1.3,1.0,0.33,1.0,7.0,0.0,1.0,0.0,0.0,,,,
9,Group stage,2026-06-26 00:00:00,Egypt,Iran,0.9711132049560547,1.3123726844787598,0,1,-98.78907454842897,1.4,0.5,1.8,0.7,0.0,1.4,1.8,0.33,4.0,7.0,0.0,1.0,0.0,0.0,,,,
9,Group stage,2026-06-26 00:00:00,New Zealand,Belgium,0.9207326769828796,2.2301747798919678,3,2,-190.8070770454483,0.8,1.9,3.2,0.9,0.0,0.8,3.2,0.33,3.0,15.0,0.0,1.0,0.0,0.0,,,,
9,Group stage,2026-06-26 00:00:00,Norway,France,0.8685280680656433,2.3989357948303223,1,2,-259.70269360909174,2.9,1.1,2.4,0.7,0.0,2.9,2.4,0.33,4.0,17.0,0.0,1.0,0.0,0.0,,,,
9,Group stage,2026-06-26 00:00:00,Senegal,Iraq,1.4957914352416992,0.7901891469955444,2,0,138.2602432861006,1.9,1.1,1.0,0.7,0.0,1.9,1.0,0.33,4.0,2.0,0.0,1.0,0.0,0.0,,,,
9,Group stage,2026-06-26 00:00:00,Uruguay,Spain,0.8872133493423462,2.1598761081695557,0,1,-231.46208064879897,1.4,0.8,3.2,0.3,0.0,1.4,3.2,0.33,15.0,17.0,0.0,1.0,0.0,0.0,,,,
9,Group stage,2026-06-27 00:00:00,Algeria,Austria,1.1346298456192017,1.4680837392807007,0,1,-50.12244304927958,1.9,0.9,2.5,0.5,0.0,1.9,2.5,0.33,5.0,8.0,0.0,1.0,0.0,0.0,,,,
9,Group stage,2026-06-27 00:00:00,Colombia,Portugal,1.40627920627594,1.1954903602600098,1,1,42.58930225604854,2.7,1.0,2.5,0.7,0.0,2.7,2.5,0.33,7.0,9.0,0.0,1.0,0.0,0.0,,,,
9,Group stage,2026-06-27 00:00:00,Croatia,Ghana,2.316497325897217,0.6190168857574463,2,0,386.2511946362554,1.9,0.9,1.1,1.7,0.0,1.9,1.1,0.33,7.0,5.0,0.0,1.0,0.0,0.0,,,,
9,Group stage,2026-06-27 00:00:00,DR Congo,Uzbekistan,1.1185222864151,1.076697826385498,2,0,-17.735328116061964,1.0,0.6,1.4,1.2,0.0,1.0,1.4,0.33,2.0,1.0,0.0,1.0,0.0,0.0,,,,
9,Group stage,2026-06-27 00:00:00,Jordan,Argentina,0.46588507294654846,3.4845077991485596,1,4,-453.9988533432147,1.7,1.4,2.5,0.4,0.0,1.7,2.5,0.33,1.0,19.0,0.0,1.0,0.0,0.0,,,,
9,Group stage,2026-06-27 00:00:00,Panama,England,0.8199796080589294,1.912038803100586,0,1,-190.68155771632132,1.6,0.9,2.4,0.3,0.0,1.6,2.4,0.33,2.0,17.0,0.0,1.0,0.0,0.0,,,,
9,Round of 32,2026-06-28 19:00:00,Mexico,Switzerland,1.1922016143798828,1.2627995014190674,1,1,6.045175700808841,1.5,0.7,1.9,0.8,1.0,2.0,4.0,0.0,18.0,13.0,0.0,1.0,0.0,0.0,73.0,Mexico,Switzerland,True
9,Round of 32,2026-06-29 17:00:00,Brazil,Sweden,2.1498005390167236,0.8594328761100769,2,0,276.81901313910225,2.1,0.9,1.4,1.8,0.0,2.1,1.4,0.33,23.0,14.0,0.0,1.0,0.0,0.0,74.0,Brazil,Sweden,False
9,Round of 32,2026-06-29 20:30:00,Germany,Turkey,1.6904586553573608,0.8975089192390442,1,0,117.27788339390895,3.0,0.5,1.8,1.2,1.0,2.0,3.0,0.0,21.0,3.0,0.0,1.0,0.0,0.0,75.0,Germany,Turkey,False
9,Round of 32,2026-06-30 01:00:00,Tunisia,Morocco,0.9042938947677612,1.4492799043655396,1,1,-149.20331205588627,1.7,1.1,1.5,0.4,1.0,0.0,2.0,0.0,7.0,7.0,0.0,1.0,0.0,0.0,76.0,Tunisia,Morocco,True
9,Round of 32,2026-06-30 17:00:00,Ecuador,Senegal,1.152604579925537,1.1446295976638794,0,0,-1.8811729334320262,1.1,0.8,2.0,1.0,1.0,1.0,2.0,0.0,5.0,4.0,0.0,1.0,0.0,0.0,77.0,Ecuador,Senegal,True
9,Round of 32,2026-06-30 21:00:00,France,Netherlands,1.6022064685821533,1.077805995941162,3,1,144.69850599568372,2.4,0.8,2.2,0.7,3.0,2.0,0.3333333333333333,0.6666666666666666,17.0,12.0,0.0,1.0,0.0,0.0,78.0,France,Netherlands,False
9,Round of 32,2026-07-01 01:00:00,South Korea,Scotland,1.892222285270691,1.1015360355377197,2,0,170.04134671150678,1.9,1.4,1.8,1.7,0.0,1.9,1.8,0.33,12.0,9.0,0.0,1.0,0.0,0.0,79.0,South Korea,Scotland,False
9,Round of 32,2026-07-01 16:00:00,England,DR Congo,2.006004810333252,0.6554970145225525,0,0,273.36677794726484,2.3,0.3,1.1,0.6,0.0,2.3,1.1,0.33,17.0,2.0,0.0,1.0,0.0,0.0,80.0,DR Congo,England,True
9,Round of 32,2026-07-01 20:00:00,Iran,Cape Verde,1.8936172723770142,0.7020043134689331,1,0,267.02488582141564,1.9,0.6,1.5,1.4,1.0,0.0,0.0,0.0,7.0,1.0,0.0,1.0,0.0,0.0,81.0,Iran,Cape Verde,False
9,Round of 32,2026-07-02 00:00:00,United States,Iraq,1.521492600440979,0.9628612399101257,1,1,77.51601783989645,1.8,1.2,1.0,0.9,0.0,1.8,1.0,0.33,12.0,2.0,0.0,1.0,0.0,0.0,82.0,Iraq,United States,True
9,Round of 32,2026-07-02 19:00:00,Portugal,Croatia,1.269894003868103,1.0832905769348145,3,0,60.921150537307994,2.1,0.8,2.0,0.9,3.0,1.3333333333333333,1.3333333333333333,0.3333333333333333,9.0,7.0,0.0,1.0,0.0,0.0,83.0,Portugal,Croatia,False
9,Round of 32,2026-07-02 23:00:00,Spain,Austria,2.3104770183563232,0.7168766260147095,1,0,292.03925643620573,3.0,0.3,2.5,0.5,0.0,3.0,2.5,0.33,17.0,8.0,0.0,1.0,0.0,0.0,84.0,Spain,Austria,False
9,Round of 32,2026-07-03 03:00:00,Canada,Algeria,1.312060832977295,0.9534121751785278,2,0,88.49269816718561,1.7,0.5,1.8,0.9,0.0,1.7,1.8,0.33,3.0,5.0,0.0,1.0,0.0,0.0,85.0,Canada,Algeria,False
9,Round of 32,2026-07-03 18:00:00,Paraguay,Egypt,1.3380500078201294,0.9797771573066711,1,0,76.53115025874945,0.9,1.1,1.3,0.6,0.0,0.9,1.3,0.33,9.0,4.0,0.0,1.0,0.0,0.0,86.0,Paraguay,Egypt,False
9,Round of 32,2026-07-03 22:00:00,Argentina,Uruguay,1.6633504629135132,1.021874189376831,0,2,195.07032908288556,2.8,0.4,1.1,0.9,2.0,0.5,1.0,0.5,19.0,15.0,0.0,1.0,0.0,0.0,87.0,Uruguay,Argentina,False
9,Round of 32,2026-07-04 01:30:00,Colombia,Panama,2.364346504211426,0.8170294165611267,3,1,215.88349639403737,2.5,1.1,1.5,1.0,1.0,5.0,0.0,1.0,7.0,2.0,0.0,1.0,0.0,0.0,88.0,Colombia,Panama,False
9,Round of 16,2026-07-04 17:00:00,Mexico,Germany,0.9993698000907898,1.7884443998336792,1,5,-119.62717938529067,1.6,0.8,2.8,0.4,1.0,2.0,2.0,0.0,18.0,21.0,0.0,1.0,0.0,0.0,89.0,Germany,Mexico,False
9,Round of 16,2026-07-04 21:00:00,Brazil,Ecuador,1.4036972522735596,0.8116054534912109,1,1,109.29344704489108,2.3,0.8,1.0,0.8,2.0,0.5,0.0,0.5,23.0,5.0,0.0,1.0,0.0,0.0,90.0,Brazil,Ecuador,True
9,Round of 16,2026-07-05 20:00:00,Tunisia,France,0.778889536857605,2.0141701698303223,1,2,-311.95086273218385,1.5,1.2,2.5,0.8,1.0,1.0,0.0,1.0,7.0,17.0,0.0,1.0,0.0,0.0,91.0,France,Tunisia,False
9,Round of 16,2026-07-06 00:00:00,South Korea,DR Congo,1.6530526876449585,0.7773474454879761,1,1,128.31337909303988,1.9,1.2,1.0,0.5,0.0,1.9,1.0,0.33,12.0,2.0,0.0,1.0,0.0,0.0,92.0,DR Congo,South Korea,True
9,Round of 16,2026-07-06 19:00:00,Portugal,Spain,0.9182692766189575,1.5657728910446167,1,2,-157.62177116755424,2.1,0.6,2.5,0.3,2.0,1.0,1.5,0.0,9.0,17.0,0.0,1.0,0.0,0.0,93.0,Spain,Portugal,False
9,Round of 16,2026-07-07 00:00:00,Iran,Iraq,1.485418677330017,0.7027494311332703,0,0,153.84259068273127,1.7,0.6,1.0,0.9,0.0,1.7,1.0,0.33,7.0,2.0,0.0,1.0,0.0,0.0,94.0,Iran,Iraq,True
9,Round of 16,2026-07-07 16:00:00,Paraguay,Colombia,0.8977212309837341,1.4560471773147583,0,2,-182.1990113675829,0.9,1.1,2.2,0.9,4.0,0.75,1.75,0.0,9.0,7.0,0.0,1.0,0.0,0.0,95.0,Colombia,Paraguay,False
9,Round of 16,2026-07-07 20:00:00,Canada,Uruguay,0.9567378163337708,1.2720028162002563,2,0,-82.68681192205486,1.8,0.5,1.3,0.9,2.0,1.0,2.0,0.0,3.0,15.0,0.0,1.0,0.0,0.0,96.0,Canada,Uruguay,False
9,Quarter-final,2026-07-09 20:00:00,Germany,Brazil,1.2427778244018555,1.664245843887329,1,2,-14.163197399332148,2.9,0.5,1.9,0.9,0.0,2.9,1.9,0.33,21.0,23.0,0.0,1.0,0.0,0.0,97.0,Brazil,Germany,False
9,Quarter-final,2026-07-10 19:00:00,Spain,Iran,1.9071463346481323,0.7355053424835205,0,0,274.7484623903754,2.5,0.4,1.6,0.4,0.0,2.5,1.6,0.33,17.0,7.0,0.0,1.0,0.0,0.0,98.0,Iran,Spain,True
9,Quarter-final,2026-07-11 21:00:00,France,DR Congo,2.1339058876037598,0.6267534494400024,5,1,272.004770601528,2.4,0.9,1.0,0.6,0.0,2.4,1.0,0.33,17.0,2.0,0.0,1.0,0.0,0.0,99.0,France,DR Congo,False
9,Quarter-final,2026-07-12 01:00:00,Colombia,Canada,1.333580732345581,0.9814479351043701,1,1,102.96658335249754,2.0,0.9,2.0,0.4,1.0,0.0,0.0,0.0,7.0,3.0,0.0,1.0,0.0,0.0,100.0,Colombia,Canada,True
9,Semi-final,2026-07-14 19:00:00,Brazil,Iran,1.4107125997543335,0.8656322956085205,2,0,123.72402172903617,1.9,0.7,1.4,0.4,0.0,1.9,1.4,0.33,23.0,7.0,0.0,1.0,0.0,0.0,101.0,Brazil,Iran,False
9,Semi-final,2026-07-15 19:00:00,France,Colombia,1.5279909372329712,1.112003207206726,0,0,48.331674405518015,2.7,0.8,2.1,1.0,1.0,3.0,1.0,1.0,17.0,7.0,0.0,1.0,0.0,0.0,102.0,Colombia,France,True
9,Third-place playoff,2026-07-18 21:00:00,Iran,France,0.9553565382957458,1.617939829826355,1,2,-150.6646402318795,1.4,0.6,2.3,0.8,0.0,1.4,2.3,0.33,7.0,17.0,0.0,1.0,0.0,0.0,103.0,France,Iran,False
9,Final,2026-07-19 19:00:00,Brazil,Colombia,1.162680745124817,1.1085220575332642,1,0,12.337714604447456,1.9,0.7,1.9,0.9,3.0,1.3333333333333333,1.3333333333333333,0.3333333333333333,23.0,7.0,0.0,1.0,0.0,0.0,104.0,Brazil,Colombia,False
10,Group stage,2026-06-11 00:00:00,Mexico,South Africa,2.1329286098480225,0.6023440957069397,1,1,297.64561459530705,1.1,1.0,1.5,1.1,0.0,1.1,1.5,0.33,17.0,3.0,1.0,0.0,0.0,0.0,,,,
10,Group stage,2026-06-11 00:00:00,South Korea,Czech Republic,1.656619668006897,0.9059049487113953,3,2,98.40437375226111,1.5,1.2,1.8,1.2,0.0,1.5,1.8,0.33,11.0,1.0,0.0,1.0,0.0,0.0,,,,
10,Group stage,2026-06-12 00:00:00,Canada,Bosnia and Herzegovina,2.178720712661743,0.6230993866920471,2,1,252.19701310772894,1.1,0.4,2.1,1.1,0.0,1.1,2.1,0.33,2.0,1.0,1.0,0.0,0.0,0.0,,,,
10,Group stage,2026-06-12 00:00:00,United States,Paraguay,1.3273921012878418,1.1478886604309082,0,2,-90.4406608260008,1.7,1.6,1.0,1.0,1.0,2.0,1.0,1.0,11.0,8.0,1.0,0.0,0.0,0.0,,,,
10,Group stage,2026-06-13 00:00:00,Australia,Turkey,1.306311845779419,1.4813357591629028,1,2,-47.69773714089274,1.5,0.9,2.1,1.4,0.0,1.5,2.1,0.33,6.0,2.0,0.0,1.0,0.0,0.0,,,,
10,Group stage,2026-06-13 00:00:00,Brazil,Morocco,1.3794176578521729,1.0310763120651245,1,1,71.7854817950124,1.8,0.8,1.8,0.5,1.0,1.0,2.0,0.0,22.0,6.0,0.0,1.0,0.0,0.0,,,,
10,Group stage,2026-06-13 00:00:00,Haiti,Scotland,0.8986091017723083,1.6037302017211914,4,5,-128.96035980586862,1.2,1.1,1.8,1.2,0.0,1.2,1.8,0.33,1.0,8.0,0.0,1.0,0.0,0.0,,,,
10,Group stage,2026-06-13 00:00:00,Qatar,Switzerland,0.5497463941574097,2.393497943878174,0,2,-360.84472108477416,0.9,1.9,2.5,0.8,0.0,0.9,2.5,0.33,1.0,12.0,0.0,1.0,0.0,0.0,,,,
10,Group stage,2026-06-14 00:00:00,Germany,Curaçao,2.8003809452056885,0.6807331442832947,3,0,361.1352259778141,2.3,1.1,1.6,1.3,0.0,2.3,1.6,0.33,20.0,0.0,0.0,1.0,0.0,0.0,,,,
10,Group stage,2026-06-14 00:00:00,Ivory Coast,Ecuador,0.7578378915786743,1.6096333265304565,3,2,-219.15155902699053,2.0,0.7,0.7,0.4,0.0,2.0,0.7,0.33,3.0,4.0,0.0,1.0,0.0,0.0,,,,
10,Group stage,2026-06-14 00:00:00,Netherlands,Japan,1.4094085693359375,1.0377333164215088,0,0,19.05367466640928,3.0,0.6,1.8,0.7,0.0,3.0,1.8,0.33,11.0,7.0,0.0,1.0,0.0,0.0,,,,
10,Group stage,2026-06-14 00:00:00,Sweden,Tunisia,1.4389334917068481,1.2469319105148315,3,1,22.565366858667858,1.6,1.8,1.4,1.0,0.0,1.6,1.4,0.33,13.0,6.0,0.0,1.0,0.0,0.0,,,,
10,Group stage,2026-06-15 00:00:00,Belgium,Egypt,1.4515180587768555,0.9129274487495422,1,1,99.79242592327387,3.5,1.0,1.3,0.8,1.0,1.0,2.0,0.0,14.0,3.0,0.0,1.0,0.0,0.0,,,,
10,Group stage,2026-06-15 00:00:00,Iran,New Zealand,1.6201878786087036,0.738328218460083,1,3,142.34033556219924,1.6,0.7,0.9,1.5,0.0,1.6,0.9,0.33,6.0,2.0,0.0,1.0,0.0,0.0,,,,
10,Group stage,2026-06-15 00:00:00,Saudi Arabia,Uruguay,0.7248218059539795,1.7654508352279663,2,1,-283.38107610897714,0.9,1.3,1.0,0.9,0.0,0.9,1.0,0.33,6.0,14.0,0.0,1.0,0.0,0.0,,,,
10,Group stage,2026-06-15 00:00:00,Spain,Cape Verde,3.966179609298706,0.5665221810340881,3,1,563.2850614519855,3.1,0.8,1.7,1.0,0.0,3.1,1.7,0.33,16.0,0.0,0.0,1.0,0.0,0.0,,,,
10,Group stage,2026-06-16 00:00:00,Argentina,Algeria,2.156207323074341,0.7074368596076965,2,0,323.48300707879844,2.5,0.4,2.3,0.5,0.0,2.5,2.3,0.33,18.0,4.0,0.0,1.0,0.0,0.0,,,,
10,Group stage,2026-06-16 00:00:00,Austria,Jordan,2.314819097518921,0.9839795827865601,1,1,80.9944962008201,2.8,0.5,2.0,1.5,0.0,2.8,2.0,0.33,7.0,0.0,0.0,1.0,0.0,0.0,,,,
10,Group stage,2026-06-16 00:00:00,France,Senegal,2.243558645248413,0.8569515347480774,3,0,209.2497238875883,2.7,1.1,2.5,0.6,0.0,2.7,2.5,0.33,16.0,3.0,0.0,1.0,0.0,0.0,,,,
10,Group stage,2026-06-16 00:00:00,Iraq,Norway,0.7500935196876526,1.7158862352371216,0,2,-223.33641759859006,1.1,0.7,3.1,0.6,0.0,1.1,3.1,0.33,1.0,3.0,0.0,1.0,0.0,0.0,,,,
10,Group stage,2026-06-17 00:00:00,England,Croatia,1.630310297012329,1.0758646726608276,0,2,94.46756707201507,2.2,0.5,2.9,0.8,0.0,2.2,2.9,0.33,16.0,6.0,0.0,1.0,0.0,0.0,,,,
10,Group stage,2026-06-17 00:00:00,Ghana,Panama,0.8218146562576294,1.872027039527893,0,1,-237.5714618522527,1.5,1.3,1.3,0.8,0.0,1.5,1.3,0.33,4.0,1.0,0.0,1.0,0.0,0.0,,,,
10,Group stage,2026-06-17 00:00:00,Portugal,DR Congo,2.063178300857544,0.639021098613739,3,1,275.4864091486654,2.6,1.0,1.2,0.3,0.0,2.6,1.2,0.33,8.0,1.0,0.0,1.0,0.0,0.0,,,,
10,Group stage,2026-06-17 00:00:00,Uzbekistan,Colombia,0.7373384833335876,1.79137122631073,1,2,-213.1223064060914,1.5,0.7,2.1,1.0,0.0,1.5,2.1,0.33,0.0,6.0,0.0,1.0,0.0,0.0,,,,
10,Group stage,2026-06-18 00:00:00,Canada,Qatar,2.2064242362976074,0.43120285868644714,1,0,332.5518449247347,1.1,0.5,0.9,1.8,1.0,2.0,0.0,1.0,3.0,2.0,1.0,0.0,0.0,0.0,,,,
10,Group stage,2026-06-18 00:00:00,Czech Republic,South Africa,1.540332317352295,1.2091666460037231,1,0,71.39291214006926,1.8,1.5,1.5,1.1,0.0,1.8,1.5,0.33,2.0,4.0,0.0,1.0,0.0,0.0,,,,
10,Group stage,2026-06-18 00:00:00,Mexico,South Korea,1.4912171363830566,0.9642040133476257,0,0,35.446119479219306,1.0,0.9,1.6,1.4,1.0,2.0,2.0,0.0,18.0,12.0,1.0,0.0,0.0,0.0,,,,
10,Group stage,2026-06-18 00:00:00,Switzerland,Bosnia and Herzegovina,2.434573173522949,0.7123255729675293,2,3,314.4925730279506,2.3,0.6,2.1,1.3,0.0,2.3,2.1,0.33,13.0,2.0,0.0,1.0,0.0,0.0,,,,
10,Group stage,2026-06-19 00:00:00,Brazil,Haiti,2.5110456943511963,0.6992315053939819,3,0,372.33448841443465,1.9,0.9,1.5,1.5,0.0,1.9,1.5,0.33,23.0,2.0,0.0,1.0,0.0,0.0,,,,
10,Group stage,2026-06-19 00:00:00,Scotland,Morocco,0.9795135259628296,1.6495941877365112,0,3,-145.11340108388777,2.2,1.3,1.6,0.4,0.0,2.2,1.6,0.33,9.0,7.0,0.0,1.0,0.0,0.0,,,,
10,Group stage,2026-06-19 00:00:00,Turkey,Paraguay,1.3540606498718262,1.161969542503357,1,3,22.99914318295032,2.1,1.4,1.0,1.0,0.0,2.1,1.0,0.33,3.0,9.0,0.0,1.0,0.0,0.0,,,,
10,Group stage,2026-06-19 00:00:00,United States,Australia,1.339045524597168,1.262329339981079,1,0,-106.40344703052142,1.5,1.7,1.5,1.1,1.0,2.0,1.0,1.0,12.0,7.0,1.0,0.0,0.0,0.0,,,,
10,Group stage,2026-06-20 00:00:00,Ecuador,Curaçao,2.295868396759033,0.6364846229553223,1,0,361.9692511209835,0.9,0.7,1.5,1.5,0.0,0.9,1.5,0.33,5.0,1.0,0.0,1.0,0.0,0.0,,,,
10,Group stage,2026-06-20 00:00:00,Germany,Ivory Coast,1.7957613468170166,0.936983585357666,1,1,148.1480152714173,2.5,0.9,2.0,0.9,0.0,2.5,2.0,0.33,21.0,4.0,0.0,1.0,0.0,0.0,,,,
10,Group stage,2026-06-20 00:00:00,Netherlands,Sweden,2.2770650386810303,1.0478811264038086,3,0,195.7356942670981,2.8,0.6,1.7,1.9,0.0,2.8,1.7,0.33,12.0,14.0,0.0,1.0,0.0,0.0,,,,
10,Group stage,2026-06-20 00:00:00,Tunisia,Japan,0.690488874912262,1.8255809545516968,1,0,-286.69739884130877,1.4,1.2,1.8,0.6,0.0,1.4,1.8,0.33,7.0,8.0,0.0,1.0,0.0,0.0,,,,
10,Group stage,2026-06-21 00:00:00,Belgium,Iran,1.813481092453003,1.0768457651138306,2,1,75.25882802720957,3.5,1.0,1.5,1.0,0.0,3.5,1.5,0.33,15.0,7.0,0.0,1.0,0.0,0.0,,,,
10,Group stage,2026-06-21 00:00:00,New Zealand,Egypt,1.0970693826675415,1.2128287553787231,1,0,-9.642770440974346,1.1,1.6,1.4,0.6,1.0,0.0,1.0,0.0,3.0,4.0,0.0,1.0,0.0,0.0,,,,
10,Group stage,2026-06-21 00:00:00,Spain,Saudi Arabia,2.838775396347046,0.5854747891426086,4,0,488.76868158949446,2.9,0.5,1.1,1.4,0.0,2.9,1.1,0.33,17.0,7.0,0.0,1.0,0.0,0.0,,,,
10,Group stage,2026-06-21 00:00:00,Uruguay,Cape Verde,2.088757276535034,0.7166362404823303,3,0,264.3035150543376,1.1,0.9,1.5,1.3,0.0,1.1,1.5,0.33,15.0,1.0,0.0,1.0,0.0,0.0,,,,
10,Group stage,2026-06-22 00:00:00,Argentina,Austria,2.3502707481384277,0.774960994720459,2,1,328.658503473755,2.3,0.3,2.7,0.5,0.0,2.3,2.7,0.33,19.0,8.0,0.0,1.0,0.0,0.0,,,,
10,Group stage,2026-06-22 00:00:00,France,Iraq,2.6713650226593018,0.4703061282634735,1,0,435.5989872535192,2.6,0.6,1.0,0.9,0.0,2.6,1.0,0.33,17.0,2.0,0.0,1.0,0.0,0.0,,,,
10,Group stage,2026-06-22 00:00:00,Jordan,Algeria,1.045411229133606,1.5329865217208862,2,0,-48.228580186982754,1.9,1.3,1.8,0.6,0.0,1.9,1.8,0.33,1.0,5.0,0.0,1.0,0.0,0.0,,,,
10,Group stage,2026-06-22 00:00:00,Norway,Senegal,1.622813105583191,0.9508492350578308,1,2,84.41449737758512,3.0,0.6,1.7,0.9,0.0,3.0,1.7,0.33,4.0,4.0,0.0,1.0,0.0,0.0,,,,
10,Group stage,2026-06-23 00:00:00,Colombia,DR Congo,2.0758931636810303,0.6665921807289124,2,1,310.3753177041035,2.3,1.1,1.2,0.6,0.0,2.3,1.2,0.33,7.0,2.0,0.0,1.0,0.0,0.0,,,,
10,Group stage,2026-06-23 00:00:00,England,Ghana,2.4922890663146973,0.7370839715003967,4,1,412.6523723812825,2.1,0.7,1.4,1.2,0.0,2.1,1.4,0.33,17.0,5.0,0.0,1.0,0.0,0.0,,,,
10,Group stage,2026-06-23 00:00:00,Panama,Croatia,0.9340498447418213,1.687187671661377,0,2,-170.13707063027232,1.4,0.8,2.4,0.8,0.0,1.4,2.4,0.33,2.0,7.0,0.0,1.0,0.0,0.0,,,,
10,Group stage,2026-06-23 00:00:00,Portugal,Uzbekistan,2.1320831775665283,0.7888555526733398,0,0,236.03671384213908,2.7,1.0,1.4,0.7,0.0,2.7,1.4,0.33,9.0,1.0,0.0,1.0,0.0,0.0,,,,
10,Group stage,2026-06-24 00:00:00,Bosnia and Herzegovina,Qatar,2.0442864894866943,0.9191708564758301,0,0,122.55044741453071,2.3,1.3,0.7,1.7,0.0,2.3,0.7,0.33,2.0,2.0,0.0,1.0,0.0,0.0,,,,
10,Group stage,2026-06-24 00:00:00,Canada,Switzerland,1.2817082405090332,0.9949213862419128,1,0,7.8252693777155855,1.1,0.4,2.1,0.9,0.0,1.1,2.1,0.33,3.0,13.0,1.0,0.0,0.0,0.0,,,,
10,Group stage,2026-06-24 00:00:00,Mexico,Czech Republic,1.744691252708435,0.7032869458198547,4,2,142.23938085337,1.0,0.5,1.8,1.0,0.0,1.0,1.8,0.33,18.0,2.0,1.0,0.0,0.0,0.0,,,,
10,Group stage,2026-06-24 00:00:00,Morocco,Haiti,2.3314547538757324,0.6488772630691528,2,0,355.5571764350484,1.7,0.4,1.4,1.6,0.0,1.7,1.4,0.33,7.0,2.0,0.0,1.0,0.0,0.0,,,,
10,Group stage,2026-06-24 00:00:00,Scotland,Brazil,0.8397430777549744,2.3103604316711426,0,2,-247.4601182677727,1.8,1.6,2.1,0.9,0.0,1.8,2.1,0.33,9.0,23.0,0.0,1.0,0.0,0.0,,,,
10,Group stage,2026-06-24 00:00:00,South Africa,South Korea,0.8760856986045837,1.8992087841033936,0,1,-248.30131159996222,1.5,1.2,1.2,1.4,0.0,1.5,1.2,0.33,4.0,12.0,0.0,1.0,0.0,0.0,,,,
10,Group stage,2026-06-25 00:00:00,Curaçao,Ivory Coast,0.7339269518852234,2.080873727798462,2,1,-255.04363026364194,1.4,1.4,2.1,0.9,0.0,1.4,2.1,0.33,1.0,4.0,0.0,1.0,0.0,0.0,,,,
10,Group stage,2026-06-25 00:00:00,Ecuador,Germany,1.1117472648620605,1.4805018901824951,2,2,-3.800289638739514,1.0,0.7,2.6,0.8,0.0,1.0,2.6,0.33,5.0,21.0,0.0,1.0,0.0,0.0,,,,
10,Group stage,2026-06-25 00:00:00,Japan,Sweden,1.658881425857544,1.127903938293457,3,2,155.33280950744688,1.2,0.7,1.3,1.9,0.0,1.2,1.3,0.33,8.0,14.0,0.0,1.0,0.0,0.0,,,,
10,Group stage,2026-06-25 00:00:00,Paraguay,Australia,1.5457361936569214,0.8950483798980713,1,1,155.04021863650746,1.3,1.0,1.3,1.1,0.0,1.3,1.3,0.33,9.0,7.0,0.0,1.0,0.0,0.0,,,,
10,Group stage,2026-06-25 00:00:00,Tunisia,Netherlands,0.7112252712249756,1.8797404766082764,1,3,-277.8275468071936,1.5,1.1,2.3,0.6,0.0,1.5,2.3,0.33,7.0,12.0,0.0,1.0,0.0,0.0,,,,
10,Group stage,2026-06-25 00:00:00,United States,Turkey,1.5831245183944702,1.3716579675674438,0,3,-127.38806800160205,1.5,1.5,2.2,1.6,1.0,1.0,2.0,0.0,12.0,3.0,1.0,0.0,0.0,0.0,,,,
10,Group stage,2026-06-26 00:00:00,Cape Verde,Saudi Arabia,1.1506410837173462,1.6253737211227417,0,2,-93.73779013952435,1.4,1.5,1.0,1.8,0.0,1.4,1.0,0.33,1.0,7.0,0.0,1.0,0.0,0.0,,,,
10,Group stage,2026-06-26 00:00:00,Egypt,Iran,1.0853955745697021,1.1041322946548462,1,0,-14.989852366361447,1.2,0.6,1.4,1.0,0.0,1.2,1.4,0.33,4.0,7.0,0.0,1.0,0.0,0.0,,,,
10,Group stage,2026-06-26 00:00:00,New Zealand,Belgium,1.0648027658462524,1.6544296741485596,0,0,-85.42942054418904,1.1,1.4,3.3,0.8,0.0,1.1,3.3,0.33,3.0,15.0,0.0,1.0,0.0,0.0,,,,
10,Group stage,2026-06-26 00:00:00,Norway,France,0.9495173096656799,2.146040201187134,1,2,-214.94451035507223,3.0,0.8,2.5,0.6,0.0,3.0,2.5,0.33,4.0,17.0,0.0,1.0,0.0,0.0,,,,
10,Group stage,2026-06-26 00:00:00,Senegal,Iraq,1.895244836807251,0.6952913403511047,1,1,219.57762041457386,1.6,1.0,0.9,1.0,0.0,1.6,0.9,0.33,4.0,2.0,0.0,1.0,0.0,0.0,,,,
10,Group stage,2026-06-26 00:00:00,Uruguay,Spain,0.7312291264533997,2.0639448165893555,1,2,-293.29478984297316,1.2,0.9,3.1,0.3,0.0,1.2,3.1,0.33,15.0,17.0,0.0,1.0,0.0,0.0,,,,
10,Group stage,2026-06-27 00:00:00,Algeria,Austria,1.0985493659973145,1.3914130926132202,0,3,-62.371815966300574,1.6,0.8,2.4,0.7,0.0,1.6,2.4,0.33,5.0,8.0,0.0,1.0,0.0,0.0,,,,
10,Group stage,2026-06-27 00:00:00,Colombia,Portugal,1.4377933740615845,1.2479567527770996,1,1,30.63617722701042,2.4,1.1,2.5,0.8,0.0,2.4,2.5,0.33,7.0,9.0,0.0,1.0,0.0,0.0,,,,
10,Group stage,2026-06-27 00:00:00,Croatia,Ghana,2.577012300491333,0.5664613246917725,2,0,465.57321538597853,2.1,0.7,1.1,1.6,0.0,2.1,1.1,0.33,7.0,5.0,0.0,1.0,0.0,0.0,,,,
10,Group stage,2026-06-27 00:00:00,DR Congo,Uzbekistan,0.9725346565246582,1.3035238981246948,0,2,-96.38680626985524,1.2,0.8,1.4,0.7,0.0,1.2,1.4,0.33,2.0,1.0,0.0,1.0,0.0,0.0,,,,
10,Group stage,2026-06-27 00:00:00,Jordan,Argentina,0.524270236492157,2.7062418460845947,0,4,-352.5685743416634,1.9,1.0,2.4,0.4,0.0,1.9,2.4,0.33,1.0,19.0,0.0,1.0,0.0,0.0,,,,
10,Group stage,2026-06-27 00:00:00,Panama,England,0.8293026089668274,1.9523547887802124,1,1,-184.2225866409217,1.3,0.9,2.4,0.5,0.0,1.3,2.4,0.33,2.0,17.0,0.0,1.0,0.0,0.0,,,,
10,Round of 32,2026-06-28 19:00:00,Mexico,Bosnia and Herzegovina,1.9499679803848267,0.7200233340263367,2,0,265.1693505208814,1.3,0.6,1.7,1.3,0.0,1.3,1.7,0.33,18.0,2.0,0.0,1.0,0.0,0.0,73.0,Mexico,Bosnia and Herzegovina,False
10,Round of 32,2026-06-29 17:00:00,Brazil,Japan,1.4939863681793213,0.9685730934143066,1,1,116.24483721345996,2.0,0.9,1.5,0.9,1.0,2.0,3.0,0.0,23.0,8.0,0.0,1.0,0.0,0.0,74.0,Brazil,Japan,True
10,Round of 32,2026-06-29 20:30:00,Germany,Switzerland,1.6635725498199463,1.0490026473999023,3,0,105.01849397498927,2.8,0.8,1.7,1.0,2.0,2.5,2.0,0.5,21.0,13.0,0.0,1.0,0.0,0.0,75.0,Germany,Switzerland,False
10,Round of 32,2026-06-30 01:00:00,Netherlands,Morocco,1.3137702941894531,0.9923321604728699,0,2,19.250222244751285,2.5,0.6,1.8,0.3,0.0,2.5,1.8,0.33,12.0,7.0,0.0,1.0,0.0,0.0,76.0,Morocco,Netherlands,False
10,Round of 32,2026-06-30 17:00:00,Ivory Coast,Senegal,1.0340977907180786,1.4310617446899414,1,1,-117.4487071638705,2.0,1.1,1.6,1.0,1.0,1.0,1.0,0.0,4.0,4.0,0.0,1.0,0.0,0.0,77.0,Ivory Coast,Senegal,True
10,Round of 32,2026-06-30 21:00:00,France,Egypt,2.205141067504883,0.6461201906204224,3,2,363.71638093927436,2.5,0.7,1.2,0.6,0.0,2.5,1.2,0.33,17.0,4.0,0.0,1.0,0.0,0.0,78.0,France,Egypt,False
10,Round of 32,2026-07-01 01:00:00,South Korea,Ecuador,1.1299619674682617,1.3283283710479736,2,0,-56.71867651209209,1.1,1.4,1.2,0.9,0.0,1.1,1.2,0.33,12.0,5.0,0.0,1.0,0.0,0.0,79.0,South Korea,Ecuador,False
10,Round of 32,2026-07-01 16:00:00,Croatia,Uzbekistan,1.8291138410568237,0.7272199392318726,2,0,197.2578798133161,2.2,0.7,1.3,0.7,0.0,2.2,1.3,0.33,7.0,1.0,0.0,1.0,0.0,0.0,80.0,Croatia,Uzbekistan,False
10,Round of 32,2026-07-01 20:00:00,New Zealand,Uruguay,1.006720781326294,1.4554694890975952,0,2,-86.66190858505274,1.1,1.3,1.0,1.1,0.0,1.1,1.0,0.33,3.0,15.0,0.0,1.0,0.0,0.0,81.0,Uruguay,New Zealand,False
10,Round of 32,2026-07-02 00:00:00,Paraguay,Norway,1.4924649000167847,1.1570632457733154,3,1,55.58787884747085,1.4,1.1,3.0,1.0,0.0,1.4,3.0,0.33,9.0,4.0,0.0,1.0,0.0,0.0,82.0,Paraguay,Norway,False
10,Round of 32,2026-07-02 19:00:00,Portugal,England,1.2826064825057983,1.5401784181594849,1,1,28.5223287320905,2.1,0.9,2.3,0.6,0.0,2.1,2.3,0.33,9.0,17.0,0.0,1.0,0.0,0.0,83.0,England,Portugal,True
10,Round of 32,2026-07-02 23:00:00,Spain,Austria,2.3441901206970215,0.7445954084396362,0,2,342.9948660716457,3.0,0.4,2.6,0.7,0.0,3.0,2.6,0.33,17.0,8.0,0.0,1.0,0.0,0.0,84.0,Austria,Spain,False
10,Round of 32,2026-07-03 03:00:00,Canada,Jordan,1.4784302711486816,0.9013078212738037,4,0,88.92490966569721,0.9,0.4,1.7,1.3,0.0,0.9,1.7,0.33,3.0,1.0,0.0,1.0,0.0,0.0,85.0,Canada,Jordan,False
10,Round of 32,2026-07-03 18:00:00,Turkey,Belgium,1.5650824308395386,1.4267628192901611,1,1,66.42915707665725,2.2,1.4,2.7,0.8,0.0,2.2,2.7,0.33,3.0,15.0,0.0,1.0,0.0,0.0,86.0,Turkey,Belgium,True
10,Round of 32,2026-07-03 22:00:00,Argentina,Saudi Arabia,2.351851224899292,0.721121072769165,2,1,448.9938134521269,2.7,0.3,1.2,1.6,1.0,1.0,2.0,0.0,19.0,7.0,0.0,1.0,0.0,0.0,87.0,Argentina,Saudi Arabia,False
10,Round of 32,2026-07-04 01:30:00,Colombia,Panama,2.1769537925720215,0.7925279140472412,1,0,208.97042928860014,2.2,1.2,1.3,1.0,1.0,5.0,0.0,1.0,7.0,2.0,0.0,1.0,0.0,0.0,88.0,Colombia,Panama,False
10,Round of 16,2026-07-04 17:00:00,Mexico,Germany,1.0727379322052002,1.6511542797088623,0,0,-61.43017325492997,1.5,0.6,2.8,0.7,1.0,2.0,2.0,0.0,18.0,21.0,0.0,1.0,0.0,0.0,89.0,Germany,Mexico,True
10,Round of 16,2026-07-04 21:00:00,Brazil,Ivory Coast,2.0407302379608154,0.7994231581687927,1,1,250.3040393978124,2.1,0.9,2.0,1.2,0.0,2.1,2.0,0.33,23.0,4.0,0.0,1.0,0.0,0.0,90.0,Brazil,Ivory Coast,True
10,Round of 16,2026-07-05 20:00:00,Morocco,France,0.9475525617599487,1.3513445854187012,0,2,-108.10394879871774,1.7,0.3,2.6,0.8,1.0,0.0,2.0,0.0,7.0,17.0,0.0,1.0,0.0,0.0,91.0,France,Morocco,False
10,Round of 16,2026-07-06 00:00:00,South Korea,Croatia,1.0187101364135742,1.4582725763320923,1,3,-121.82656839523611,1.1,1.2,2.0,0.7,0.0,1.1,2.0,0.33,12.0,7.0,0.0,1.0,0.0,0.0,92.0,Croatia,South Korea,False
10,Round of 16,2026-07-06 19:00:00,England,Austria,1.5076320171356201,1.1402454376220703,1,0,70.12972528059981,1.9,0.7,2.6,0.6,0.0,1.9,2.6,0.33,17.0,8.0,0.0,1.0,0.0,0.0,93.0,England,Austria,False
10,Round of 16,2026-07-07 00:00:00,Uruguay,Paraguay,1.1036479473114014,1.2649110555648804,1,0,-66.6079620331509,1.2,1.1,1.6,1.2,2.0,0.0,1.0,0.0,15.0,9.0,0.0,1.0,0.0,0.0,94.0,Uruguay,Paraguay,False
10,Round of 16,2026-07-07 16:00:00,Turkey,Colombia,1.0362122058868408,1.4505020380020142,1,0,-78.39146080436763,2.3,0.9,1.7,0.9,0.0,2.3,1.7,0.33,3.0,7.0,0.0,1.0,0.0,0.0,95.0,Turkey,Colombia,False
10,Round of 16,2026-07-07 20:00:00,Canada,Argentina,0.6935892105102539,1.7159358263015747,2,1,-251.8228560508985,1.2,0.4,2.6,0.4,2.0,0.0,2.0,0.0,3.0,19.0,0.0,1.0,0.0,0.0,96.0,Canada,Argentina,False
10,Quarter-final,2026-07-09 20:00:00,Germany,Brazil,1.2260268926620483,1.8724833726882935,0,2,-67.26540827331564,2.4,0.7,1.7,1.0,0.0,2.4,1.7,0.33,21.0,23.0,0.0,1.0,0.0,0.0,97.0,Brazil,Germany,False
10,Quarter-final,2026-07-10 19:00:00,England,Uruguay,1.3673771619796753,1.1148885488510132,0,2,72.51761005704134,1.7,0.7,1.2,1.1,1.0,1.0,1.0,0.0,17.0,15.0,0.0,1.0,0.0,0.0,98.0,Uruguay,England,False
10,Quarter-final,2026-07-11 21:00:00,France,Croatia,1.4655299186706543,1.0500493049621582,0,1,94.27225105486445,2.5,0.8,2.3,0.8,2.0,1.0,1.0,0.5,17.0,7.0,0.0,1.0,0.0,0.0,99.0,Croatia,France,False
10,Quarter-final,2026-07-12 01:00:00,Turkey,Canada,1.1681920289993286,0.9951949715614319,2,0,27.450477774365936,1.8,0.8,1.4,0.4,0.0,1.8,1.4,0.33,3.0,3.0,0.0,1.0,0.0,0.0,100.0,Turkey,Canada,False
10,Semi-final,2026-07-14 19:00:00,Brazil,Uruguay,1.2936327457427979,1.1045417785644531,1,1,90.32012785457437,1.7,0.7,1.2,1.0,3.0,0.3333333333333333,1.0,0.0,23.0,15.0,0.0,1.0,0.0,0.0,101.0,Brazil,Uruguay,True
10,Semi-final,2026-07-15 19:00:00,Croatia,Turkey,1.323652744293213,0.9588160514831543,1,1,77.60916715401663,2.1,0.8,1.6,0.7,2.0,1.0,0.5,0.5,7.0,3.0,0.0,1.0,0.0,0.0,102.0,Turkey,Croatia,True
10,Third-place playoff,2026-07-18 21:00:00,Uruguay,Croatia,1.0597739219665527,1.3953975439071655,3,2,-92.62131852338734,1.3,1.1,1.9,0.8,0.0,1.3,1.9,0.33,15.0,7.0,0.0,1.0,0.0,0.0,103.0,Uruguay,Croatia,False
10,Final,2026-07-19 19:00:00,Brazil,Turkey,1.3786048889160156,1.0127921104431152,1,0,46.868293519877625,1.6,0.8,1.5,0.8,0.0,1.6,1.5,0.33,23.0,3.0,0.0,1.0,0.0,0.0,104.0,Brazil,Turkey,False
11,Group stage,2026-06-11 00:00:00,Mexico,South Africa,2.1329286098480225,0.6023440957069397,1,0,297.64561459530705,1.1,1.0,1.5,1.1,0.0,1.1,1.5,0.33,17.0,3.0,1.0,0.0,0.0,0.0,,,,
11,Group stage,2026-06-11 00:00:00,South Korea,Czech Republic,1.656619668006897,0.9059049487113953,1,1,98.40437375226111,1.5,1.2,1.8,1.2,0.0,1.5,1.8,0.33,11.0,1.0,0.0,1.0,0.0,0.0,,,,
11,Group stage,2026-06-12 00:00:00,Canada,Bosnia and Herzegovina,2.178720712661743,0.6230993866920471,3,0,252.19701310772894,1.1,0.4,2.1,1.1,0.0,1.1,2.1,0.33,2.0,1.0,1.0,0.0,0.0,0.0,,,,
11,Group stage,2026-06-12 00:00:00,United States,Paraguay,1.3273921012878418,1.1478886604309082,1,1,-90.4406608260008,1.7,1.6,1.0,1.0,1.0,2.0,1.0,1.0,11.0,8.0,1.0,0.0,0.0,0.0,,,,
11,Group stage,2026-06-13 00:00:00,Australia,Turkey,1.306311845779419,1.4813357591629028,1,1,-47.69773714089274,1.5,0.9,2.1,1.4,0.0,1.5,2.1,0.33,6.0,2.0,0.0,1.0,0.0,0.0,,,,
11,Group stage,2026-06-13 00:00:00,Brazil,Morocco,1.3794176578521729,1.0310763120651245,1,0,71.7854817950124,1.8,0.8,1.8,0.5,1.0,1.0,2.0,0.0,22.0,6.0,0.0,1.0,0.0,0.0,,,,
11,Group stage,2026-06-13 00:00:00,Haiti,Scotland,0.8986091017723083,1.6037302017211914,1,2,-128.96035980586862,1.2,1.1,1.8,1.2,0.0,1.2,1.8,0.33,1.0,8.0,0.0,1.0,0.0,0.0,,,,
11,Group stage,2026-06-13 00:00:00,Qatar,Switzerland,0.5497463941574097,2.393497943878174,0,1,-360.84472108477416,0.9,1.9,2.5,0.8,0.0,0.9,2.5,0.33,1.0,12.0,0.0,1.0,0.0,0.0,,,,
11,Group stage,2026-06-14 00:00:00,Germany,Curaçao,2.8003809452056885,0.6807331442832947,1,1,361.1352259778141,2.3,1.1,1.6,1.3,0.0,2.3,1.6,0.33,20.0,0.0,0.0,1.0,0.0,0.0,,,,
11,Group stage,2026-06-14 00:00:00,Ivory Coast,Ecuador,0.7578378915786743,1.6096333265304565,1,1,-219.15155902699053,2.0,0.7,0.7,0.4,0.0,2.0,0.7,0.33,3.0,4.0,0.0,1.0,0.0,0.0,,,,
11,Group stage,2026-06-14 00:00:00,Netherlands,Japan,1.4094085693359375,1.0377333164215088,1,1,19.05367466640928,3.0,0.6,1.8,0.7,0.0,3.0,1.8,0.33,11.0,7.0,0.0,1.0,0.0,0.0,,,,
11,Group stage,2026-06-14 00:00:00,Sweden,Tunisia,1.4389334917068481,1.2469319105148315,1,1,22.565366858667858,1.6,1.8,1.4,1.0,0.0,1.6,1.4,0.33,13.0,6.0,0.0,1.0,0.0,0.0,,,,
11,Group stage,2026-06-15 00:00:00,Belgium,Egypt,1.4515180587768555,0.9129274487495422,2,1,99.79242592327387,3.5,1.0,1.3,0.8,1.0,1.0,2.0,0.0,14.0,3.0,0.0,1.0,0.0,0.0,,,,
11,Group stage,2026-06-15 00:00:00,Iran,New Zealand,1.6201878786087036,0.738328218460083,0,1,142.34033556219924,1.6,0.7,0.9,1.5,0.0,1.6,0.9,0.33,6.0,2.0,0.0,1.0,0.0,0.0,,,,
11,Group stage,2026-06-15 00:00:00,Saudi Arabia,Uruguay,0.7248218059539795,1.7654508352279663,1,2,-283.38107610897714,0.9,1.3,1.0,0.9,0.0,0.9,1.0,0.33,6.0,14.0,0.0,1.0,0.0,0.0,,,,
11,Group stage,2026-06-15 00:00:00,Spain,Cape Verde,3.966179609298706,0.5665221810340881,8,0,563.2850614519855,3.1,0.8,1.7,1.0,0.0,3.1,1.7,0.33,16.0,0.0,0.0,1.0,0.0,0.0,,,,
11,Group stage,2026-06-16 00:00:00,Argentina,Algeria,2.156207323074341,0.7074368596076965,1,2,323.48300707879844,2.5,0.4,2.3,0.5,0.0,2.5,2.3,0.33,18.0,4.0,0.0,1.0,0.0,0.0,,,,
11,Group stage,2026-06-16 00:00:00,Austria,Jordan,2.314819097518921,0.9839795827865601,1,2,80.9944962008201,2.8,0.5,2.0,1.5,0.0,2.8,2.0,0.33,7.0,0.0,0.0,1.0,0.0,0.0,,,,
11,Group stage,2026-06-16 00:00:00,France,Senegal,2.243558645248413,0.8569515347480774,3,3,209.2497238875883,2.7,1.1,2.5,0.6,0.0,2.7,2.5,0.33,16.0,3.0,0.0,1.0,0.0,0.0,,,,
11,Group stage,2026-06-16 00:00:00,Iraq,Norway,0.7500935196876526,1.7158862352371216,1,1,-223.33641759859006,1.1,0.7,3.1,0.6,0.0,1.1,3.1,0.33,1.0,3.0,0.0,1.0,0.0,0.0,,,,
11,Group stage,2026-06-17 00:00:00,England,Croatia,1.630310297012329,1.0758646726608276,2,1,94.46756707201507,2.2,0.5,2.9,0.8,0.0,2.2,2.9,0.33,16.0,6.0,0.0,1.0,0.0,0.0,,,,
11,Group stage,2026-06-17 00:00:00,Ghana,Panama,0.8218146562576294,1.872027039527893,2,1,-237.5714618522527,1.5,1.3,1.3,0.8,0.0,1.5,1.3,0.33,4.0,1.0,0.0,1.0,0.0,0.0,,,,
11,Group stage,2026-06-17 00:00:00,Portugal,DR Congo,2.063178300857544,0.639021098613739,3,0,275.4864091486654,2.6,1.0,1.2,0.3,0.0,2.6,1.2,0.33,8.0,1.0,0.0,1.0,0.0,0.0,,,,
11,Group stage,2026-06-17 00:00:00,Uzbekistan,Colombia,0.7373384833335876,1.79137122631073,0,3,-213.1223064060914,1.5,0.7,2.1,1.0,0.0,1.5,2.1,0.33,0.0,6.0,0.0,1.0,0.0,0.0,,,,
11,Group stage,2026-06-18 00:00:00,Canada,Qatar,2.081834077835083,0.4286613166332245,4,1,334.44780967523275,1.2,0.4,0.9,1.7,1.0,2.0,0.0,1.0,3.0,2.0,1.0,0.0,0.0,0.0,,,,
11,Group stage,2026-06-18 00:00:00,Czech Republic,South Africa,1.5427747964859009,0.9496650695800781,1,1,131.39291214006926,1.7,1.3,1.4,1.1,0.0,1.7,1.4,0.33,2.0,4.0,0.0,1.0,0.0,0.0,,,,
11,Group stage,2026-06-18 00:00:00,Mexico,South Korea,1.578730583190918,0.9323676228523254,0,0,95.4461194792193,1.0,0.8,1.4,1.3,1.0,2.0,2.0,0.0,18.0,12.0,1.0,0.0,0.0,0.0,,,,
11,Group stage,2026-06-18 00:00:00,Switzerland,Bosnia and Herzegovina,2.3549044132232666,0.7086789011955261,2,0,316.3885377784486,2.2,0.6,2.0,1.4,0.0,2.2,2.0,0.33,13.0,2.0,0.0,1.0,0.0,0.0,,,,
11,Group stage,2026-06-19 00:00:00,Brazil,Haiti,2.7109298706054688,0.5975631475448608,3,1,402.33448841443465,1.9,0.8,1.2,1.2,0.0,1.9,1.2,0.33,23.0,2.0,0.0,1.0,0.0,0.0,,,,
11,Group stage,2026-06-19 00:00:00,Scotland,Morocco,0.9752933382987976,1.4805755615234375,0,1,-115.11340108388777,1.9,1.0,1.5,0.4,0.0,1.9,1.5,0.33,9.0,7.0,0.0,1.0,0.0,0.0,,,,
11,Group stage,2026-06-19 00:00:00,Turkey,Paraguay,1.3330763578414917,1.1207489967346191,1,2,38.411748919090314,2.0,1.4,0.9,1.1,0.0,2.0,0.9,0.33,3.0,9.0,0.0,1.0,0.0,0.0,,,,
11,Group stage,2026-06-19 00:00:00,United States,Australia,1.3435369729995728,1.1576069593429565,0,0,-90.99084129438143,1.6,1.6,1.5,1.0,1.0,2.0,1.0,1.0,12.0,7.0,1.0,0.0,0.0,0.0,,,,
11,Group stage,2026-06-20 00:00:00,Ecuador,Curaçao,2.2115116119384766,0.6224671602249146,1,0,356.96667244178843,0.8,0.5,1.6,1.3,0.0,0.8,1.6,0.33,5.0,1.0,0.0,1.0,0.0,0.0,,,,
11,Group stage,2026-06-20 00:00:00,Germany,Ivory Coast,1.7741535902023315,0.9165396690368652,2,0,143.14543659222227,2.3,1.0,1.8,0.8,0.0,2.3,1.8,0.33,21.0,4.0,0.0,1.0,0.0,0.0,,,,
11,Group stage,2026-06-20 00:00:00,Netherlands,Sweden,2.3095543384552,1.007194995880127,1,1,239.76283661348316,2.9,0.7,1.5,1.9,0.0,2.9,1.5,0.33,12.0,14.0,0.0,1.0,0.0,0.0,,,,
11,Group stage,2026-06-20 00:00:00,Tunisia,Japan,0.8164733052253723,1.8228763341903687,2,2,-242.6702564949237,1.4,1.0,1.9,0.7,0.0,1.4,1.9,0.33,7.0,8.0,0.0,1.0,0.0,0.0,,,,
11,Group stage,2026-06-21 00:00:00,Belgium,Iran,1.6493746042251587,1.0719226598739624,4,2,84.4357067105359,3.6,1.0,1.4,0.8,0.0,3.6,1.4,0.33,15.0,7.0,0.0,1.0,0.0,0.0,,,,
11,Group stage,2026-06-21 00:00:00,New Zealand,Egypt,1.109062671661377,1.1997177600860596,0,0,-0.4658917576480235,0.9,1.5,1.4,0.7,1.0,0.0,1.0,0.0,3.0,4.0,0.0,1.0,0.0,0.0,,,,
11,Group stage,2026-06-21 00:00:00,Spain,Saudi Arabia,3.1369593143463135,0.4537022113800049,2,0,550.7424852573383,3.4,0.4,1.0,1.5,0.0,3.4,1.0,0.33,17.0,7.0,0.0,1.0,0.0,0.0,,,,
11,Group stage,2026-06-21 00:00:00,Uruguay,Cape Verde,2.463029384613037,0.6778641939163208,1,0,326.27731872218146,1.2,0.8,1.4,1.8,0.0,1.2,1.4,0.33,15.0,1.0,0.0,1.0,0.0,0.0,,,,
11,Group stage,2026-06-22 00:00:00,Argentina,Austria,2.285931348800659,0.7930877208709717,3,0,294.6248118539934,2.2,0.5,2.7,0.6,0.0,2.2,2.7,0.33,19.0,8.0,0.0,1.0,0.0,0.0,,,,
11,Group stage,2026-06-22 00:00:00,France,Iraq,2.4414491653442383,0.60840904712677,2,0,358.7210746627834,2.6,0.9,1.1,0.8,0.0,2.6,1.1,0.33,17.0,2.0,0.0,1.0,0.0,0.0,,,,
11,Group stage,2026-06-22 00:00:00,Jordan,Algeria,0.9839735627174377,1.5781406164169312,0,0,-82.26227180674437,2.0,1.3,2.0,0.5,0.0,2.0,2.0,0.33,1.0,5.0,0.0,1.0,0.0,0.0,,,,
11,Group stage,2026-06-22 00:00:00,Norway,Senegal,1.375555396080017,1.1601356267929077,1,0,7.536584786849289,2.9,0.7,2.0,0.9,0.0,2.9,2.0,0.33,4.0,4.0,0.0,1.0,0.0,0.0,,,,
11,Group stage,2026-06-23 00:00:00,Colombia,DR Congo,2.071148633956909,0.629737913608551,2,0,323.128042533363,2.4,1.0,1.1,0.6,0.0,2.4,1.1,0.33,7.0,2.0,0.0,1.0,0.0,0.0,,,,
11,Group stage,2026-06-23 00:00:00,England,Ghana,2.6138033866882324,0.7346972227096558,1,2,431.63324414278895,2.3,0.6,1.6,1.2,0.0,2.3,1.6,0.33,17.0,5.0,0.0,1.0,0.0,0.0,,,,
11,Group stage,2026-06-23 00:00:00,Panama,Croatia,1.0354719161987305,1.6027191877365112,1,1,-151.15619886876584,1.4,1.0,2.3,1.0,0.0,1.4,2.3,0.33,2.0,7.0,0.0,1.0,0.0,0.0,,,,
11,Group stage,2026-06-23 00:00:00,Portugal,Uzbekistan,2.0969934463500977,0.762956440448761,0,0,248.78943867139856,2.7,0.9,1.3,0.8,0.0,2.7,1.3,0.33,9.0,1.0,0.0,1.0,0.0,0.0,,,,
11,Group stage,2026-06-24 00:00:00,Bosnia and Herzegovina,Qatar,1.728756070137024,1.1326543092727661,1,0,53.23960448537014,1.9,1.4,0.8,1.9,0.0,1.9,0.8,0.33,2.0,2.0,0.0,1.0,0.0,0.0,,,,
11,Group stage,2026-06-24 00:00:00,Canada,Switzerland,1.1564741134643555,1.0135624408721924,0,0,-44.33359277713157,1.5,0.4,2.0,0.6,0.0,1.5,2.0,0.33,3.0,13.0,1.0,0.0,0.0,0.0,,,,
11,Group stage,2026-06-24 00:00:00,Mexico,Czech Republic,1.790260672569275,0.6614243984222412,2,0,172.834936362726,1.0,0.4,1.7,0.9,0.0,1.0,1.7,0.33,18.0,2.0,1.0,0.0,0.0,0.0,,,,
11,Group stage,2026-06-24 00:00:00,Morocco,Haiti,2.0333800315856934,0.5982517600059509,0,1,311.2636134540353,1.4,0.4,1.2,1.3,0.0,1.4,1.2,0.33,7.0,2.0,0.0,1.0,0.0,0.0,,,,
11,Group stage,2026-06-24 00:00:00,Scotland,Brazil,0.7783473134040833,2.1643497943878174,0,4,-263.1665552867596,1.5,1.1,2.1,0.9,0.0,1.5,2.1,0.33,9.0,23.0,0.0,1.0,0.0,0.0,,,,
11,Group stage,2026-06-24 00:00:00,South Africa,South Korea,0.8571682572364807,1.8289378881454468,0,1,-217.7057560906062,1.5,1.2,1.0,1.3,0.0,1.5,1.0,0.33,4.0,12.0,0.0,1.0,0.0,0.0,,,,
11,Group stage,2026-06-25 00:00:00,Curaçao,Ivory Coast,0.8944041132926941,1.6233270168304443,1,0,-150.7015465332952,1.5,1.2,1.8,0.9,0.0,1.5,1.8,0.33,1.0,4.0,0.0,1.0,0.0,0.0,,,,
11,Group stage,2026-06-25 00:00:00,Ecuador,Germany,1.1831715106964111,1.3068139553070068,2,2,21.862783989303807,0.9,0.5,2.5,0.8,0.0,0.9,2.5,0.33,5.0,21.0,0.0,1.0,0.0,0.0,,,,
11,Group stage,2026-06-25 00:00:00,Japan,Sweden,1.7711585760116577,1.0141456127166748,5,2,187.95336672222606,1.5,0.9,1.2,1.7,0.0,1.5,1.2,0.33,8.0,14.0,0.0,1.0,0.0,0.0,,,,
11,Group stage,2026-06-25 00:00:00,Paraguay,Australia,1.219343900680542,1.0635818243026733,0,2,33.6257927031445,1.1,1.1,1.3,0.9,0.0,1.1,1.3,0.33,9.0,7.0,0.0,1.0,0.0,0.0,,,,
11,Group stage,2026-06-25 00:00:00,Tunisia,Netherlands,0.8808799386024475,1.860888123512268,1,1,-222.39381932920264,1.6,1.1,2.2,0.8,0.0,1.6,2.2,0.33,7.0,12.0,0.0,1.0,0.0,0.0,,,,
11,Group stage,2026-06-25 00:00:00,United States,Turkey,1.403075098991394,1.2480201721191406,2,1,-97.97728246268503,1.5,1.4,2.1,1.5,1.0,1.0,2.0,0.0,12.0,3.0,1.0,0.0,0.0,0.0,,,,
11,Group stage,2026-06-26 00:00:00,Cape Verde,Saudi Arabia,1.2440739870071411,1.4431606531143188,2,3,-27.586440351533383,1.3,1.8,0.9,1.7,0.0,1.3,0.9,0.33,1.0,7.0,0.0,1.0,0.0,0.0,,,,
11,Group stage,2026-06-26 00:00:00,Egypt,Iran,1.084104299545288,1.1036114692687988,0,0,-24.348000596437032,1.2,0.6,1.4,1.0,0.0,1.2,1.4,0.33,4.0,7.0,0.0,1.0,0.0,0.0,,,,
11,Group stage,2026-06-26 00:00:00,New Zealand,Belgium,0.9414320588111877,2.111783981323242,1,2,-177.7175149474608,0.8,1.3,3.6,0.9,0.0,0.8,3.6,0.33,3.0,15.0,0.0,1.0,0.0,0.0,,,,
11,Group stage,2026-06-26 00:00:00,Norway,France,1.161146640777588,1.9196147918701172,2,1,-150.17347404552584,2.9,0.7,2.6,0.9,0.0,2.9,2.6,0.33,4.0,17.0,0.0,1.0,0.0,0.0,,,,
11,Group stage,2026-06-26 00:00:00,Senegal,Iraq,1.687229037284851,0.7837314009666443,1,0,162.57115612202415,1.7,1.0,1.0,1.0,0.0,1.7,1.0,0.33,4.0,2.0,0.0,1.0,0.0,0.0,,,,
11,Group stage,2026-06-26 00:00:00,Uruguay,Spain,0.8540940284729004,2.1521925926208496,1,1,-243.39374696665186,1.1,0.8,3.4,0.2,0.0,1.1,3.4,0.33,15.0,17.0,0.0,1.0,0.0,0.0,,,,
11,Group stage,2026-06-27 00:00:00,Algeria,Austria,1.4069697856903076,1.043100357055664,2,0,84.30759328356999,1.8,0.5,2.3,0.9,0.0,1.8,2.3,0.33,5.0,8.0,0.0,1.0,0.0,0.0,,,,
11,Group stage,2026-06-27 00:00:00,Colombia,Portugal,1.411744236946106,1.2035869359970093,2,0,42.50419012693419,2.5,0.9,2.5,0.7,0.0,2.5,2.5,0.33,7.0,9.0,0.0,1.0,0.0,0.0,,,,
11,Group stage,2026-06-27 00:00:00,Croatia,Ghana,1.8920477628707886,0.8156024217605591,0,2,225.41920876548033,1.9,1.0,1.4,1.3,0.0,1.9,1.4,0.33,7.0,5.0,0.0,1.0,0.0,0.0,,,,
11,Group stage,2026-06-27 00:00:00,DR Congo,Uzbekistan,0.9635773301124573,1.2545298337936401,0,2,-92.94767655988676,1.0,0.8,1.3,0.8,0.0,1.0,1.3,0.33,2.0,1.0,0.0,1.0,0.0,0.0,,,,
11,Group stage,2026-06-27 00:00:00,Jordan,Argentina,0.5938782095909119,2.376377582550049,0,5,-311.18060035201074,1.8,1.0,2.4,0.5,0.0,1.8,2.4,0.33,1.0,19.0,0.0,1.0,0.0,0.0,,,,
11,Group stage,2026-06-27 00:00:00,Panama,England,0.7663006782531738,2.0753562450408936,0,0,-222.03032354343645,1.4,1.0,2.3,0.5,0.0,1.4,2.3,0.33,2.0,17.0,0.0,1.0,0.0,0.0,,,,
11,Round of 32,2026-06-28 19:00:00,South Korea,Switzerland,1.1102811098098755,1.3865463733673096,3,1,-65.45166490856809,0.9,1.3,1.6,0.6,0.0,0.9,1.6,0.33,12.0,13.0,0.0,1.0,0.0,0.0,73.0,South Korea,Switzerland,False
11,Round of 32,2026-06-29 17:00:00,Brazil,Tunisia,2.158191442489624,0.7288599610328674,2,0,320.82267850828157,2.2,0.9,1.5,1.0,2.0,3.0,1.0,0.5,23.0,7.0,0.0,1.0,0.0,0.0,74.0,Brazil,Tunisia,False
11,Round of 32,2026-06-29 20:30:00,Germany,Paraguay,1.7647628784179688,1.0372244119644165,6,0,89.58943213555813,2.7,0.8,1.1,1.3,0.0,2.7,1.1,0.33,21.0,9.0,0.0,1.0,0.0,0.0,75.0,Germany,Paraguay,False
11,Round of 32,2026-06-30 01:00:00,Japan,Haiti,2.1282358169555664,0.7462630867958069,1,1,282.6191108160033,2.0,1.1,1.3,1.3,0.0,2.0,1.3,0.33,8.0,2.0,0.0,1.0,0.0,0.0,76.0,Haiti,Japan,True
11,Round of 32,2026-06-30 17:00:00,Ecuador,France,1.0525909662246704,1.538017749786377,0,1,-85.0442548187973,1.1,0.7,2.5,1.1,0.0,1.1,2.5,0.33,5.0,17.0,0.0,1.0,0.0,0.0,77.0,France,Ecuador,False
11,Round of 32,2026-06-30 21:00:00,Norway,Netherlands,1.2722375392913818,1.1535789966583252,1,2,49.25665121870338,3.0,0.8,2.2,0.8,1.0,1.0,2.0,0.0,4.0,12.0,0.0,1.0,0.0,0.0,78.0,Netherlands,Norway,False
11,Round of 32,2026-07-01 01:00:00,Mexico,Scotland,1.555752158164978,0.9204732775688171,1,0,159.57849884718394,1.1,0.3,1.5,1.5,0.0,1.1,1.5,0.33,18.0,9.0,0.0,1.0,0.0,0.0,79.0,Mexico,Scotland,False
11,Round of 32,2026-07-01 16:00:00,Ghana,Uzbekistan,1.0644738674163818,1.3431470394134521,0,2,-69.99678813756736,1.5,1.2,1.2,0.8,0.0,1.5,1.2,0.33,5.0,1.0,0.0,1.0,0.0,0.0,80.0,Uzbekistan,Ghana,False
11,Round of 32,2026-07-01 20:00:00,Belgium,Saudi Arabia,2.213254690170288,0.8313533067703247,3,0,276.5601708380425,3.2,1.0,1.2,1.7,0.0,3.2,1.2,0.33,15.0,7.0,0.0,1.0,0.0,0.0,81.0,Belgium,Saudi Arabia,False
11,Round of 32,2026-07-02 00:00:00,Australia,Curaçao,2.348341703414917,0.7139133810997009,2,0,283.831108758749,1.4,0.9,1.6,1.2,1.0,5.0,1.0,1.0,7.0,1.0,0.0,1.0,0.0,0.0,82.0,Australia,Curaçao,False
11,Round of 32,2026-07-02 19:00:00,Portugal,England,1.073407530784607,1.5562021732330322,1,1,-24.094018790478685,2.0,0.9,2.1,0.5,0.0,2.0,2.1,0.33,9.0,17.0,0.0,1.0,0.0,0.0,83.0,England,Portugal,True
11,Round of 32,2026-07-02 23:00:00,Spain,Argentina,1.4197338819503784,1.1323139667510986,2,0,51.99278305488542,3.2,0.3,2.8,0.4,0.0,3.2,2.8,0.33,17.0,19.0,0.0,1.0,0.0,0.0,84.0,Spain,Argentina,False
11,Round of 32,2026-07-03 03:00:00,Canada,Jordan,1.4942243099212646,0.9064818024635315,1,1,90.10017145570669,1.2,0.4,1.6,1.4,0.0,1.2,1.6,0.33,3.0,1.0,0.0,1.0,0.0,0.0,85.0,Canada,Jordan,True
11,Round of 32,2026-07-03 18:00:00,United States,New Zealand,1.4483598470687866,0.9907354712486267,2,1,80.25805940762484,1.7,1.3,0.9,1.4,1.0,1.0,1.0,0.0,12.0,3.0,0.0,1.0,0.0,0.0,86.0,United States,New Zealand,False
11,Round of 32,2026-07-03 22:00:00,Algeria,Uruguay,0.957466185092926,1.2851482629776,0,1,-70.60644789971957,1.9,0.4,0.9,0.9,1.0,0.0,0.0,0.0,5.0,15.0,0.0,1.0,0.0,0.0,87.0,Uruguay,Algeria,False
11,Round of 32,2026-07-04 01:30:00,Colombia,Senegal,1.8454680442810059,0.8349078297615051,1,5,194.15284964136026,2.4,0.9,1.7,0.9,0.0,2.4,1.7,0.33,7.0,4.0,0.0,1.0,0.0,0.0,88.0,Senegal,Colombia,False
11,Round of 16,2026-07-04 17:00:00,South Korea,Germany,1.057686448097229,1.6023222208023071,1,3,-84.9775134409806,1.0,1.2,3.0,0.7,0.0,1.0,3.0,0.33,12.0,21.0,0.0,1.0,0.0,0.0,89.0,Germany,South Korea,False
11,Round of 16,2026-07-04 21:00:00,Brazil,France,1.3148747682571411,1.6202220916748047,1,1,6.790481221611117,2.4,0.8,2.4,1.0,1.0,1.0,2.0,0.0,23.0,17.0,0.0,1.0,0.0,0.0,90.0,Brazil,France,True
11,Round of 16,2026-07-05 20:00:00,Haiti,Netherlands,0.7381621599197388,1.8232395648956299,3,2,-239.09789451224879,1.1,1.1,2.1,0.7,0.0,1.1,2.1,0.33,2.0,12.0,0.0,1.0,0.0,0.0,91.0,Haiti,Netherlands,False
11,Round of 16,2026-07-06 00:00:00,Mexico,Uzbekistan,1.532995343208313,0.9230376482009888,2,2,78.0946175694462,1.2,0.3,1.2,0.8,1.0,3.0,3.0,0.0,18.0,1.0,0.0,1.0,0.0,0.0,92.0,Uzbekistan,Mexico,True
11,Round of 16,2026-07-06 19:00:00,England,Spain,0.852522075176239,1.6922969818115234,1,1,-196.115682213215,1.7,0.6,2.8,0.3,1.0,1.0,2.0,0.0,17.0,17.0,0.0,1.0,0.0,0.0,93.0,England,Spain,True
11,Round of 16,2026-07-07 00:00:00,Belgium,Australia,1.4834470748901367,1.114065408706665,1,0,20.18794756234979,2.9,1.0,1.3,0.8,0.0,2.9,1.3,0.33,15.0,7.0,0.0,1.0,0.0,0.0,94.0,Belgium,Australia,False
11,Round of 16,2026-07-07 16:00:00,United States,Senegal,1.0920485258102417,1.6602469682693481,1,2,-144.02603709138975,1.7,1.4,1.9,1.0,0.0,1.7,1.9,0.33,12.0,4.0,0.0,1.0,0.0,0.0,95.0,Senegal,United States,False
11,Round of 16,2026-07-07 20:00:00,Canada,Uruguay,0.9219143986701965,1.3596051931381226,1,1,-101.85741002449959,1.2,0.5,1.0,0.9,2.0,1.0,2.0,0.0,3.0,15.0,0.0,1.0,0.0,0.0,96.0,Uruguay,Canada,True
11,Quarter-final,2026-07-09 20:00:00,Germany,Brazil,1.192938208580017,1.8834518194198608,0,1,-80.26617354016867,2.9,0.8,2.0,0.9,0.0,2.9,2.0,0.33,21.0,23.0,0.0,1.0,0.0,0.0,97.0,Brazil,Germany,False
11,Quarter-final,2026-07-10 19:00:00,England,Belgium,1.4485570192337036,1.2610504627227783,0,1,77.19560665936547,1.5,0.7,3.0,1.0,1.0,2.0,2.0,0.0,17.0,15.0,0.0,1.0,0.0,0.0,98.0,Belgium,England,False
11,Quarter-final,2026-07-11 21:00:00,Haiti,Uzbekistan,0.9546046257019043,1.475077748298645,1,0,-120.81155745590831,1.1,1.3,1.3,0.8,0.0,1.1,1.3,0.33,2.0,1.0,0.0,1.0,0.0,0.0,99.0,Haiti,Uzbekistan,False
11,Quarter-final,2026-07-12 01:00:00,Senegal,Uruguay,1.140578269958496,1.341986894607544,1,3,-17.740028443415213,1.8,1.0,1.0,1.0,0.0,1.8,1.0,0.33,4.0,15.0,0.0,1.0,0.0,0.0,100.0,Uruguay,Senegal,False
11,Semi-final,2026-07-14 19:00:00,Brazil,Belgium,1.5303599834442139,1.2547588348388672,2,1,110.16049120191337,1.9,0.6,2.7,0.8,0.0,1.9,2.7,0.33,23.0,15.0,0.0,1.0,0.0,0.0,101.0,Brazil,Belgium,False
11,Semi-final,2026-07-15 19:00:00,Haiti,Uruguay,0.7556825876235962,1.8723214864730835,0,3,-238.09737162100805,1.2,1.0,1.1,1.0,0.0,1.2,1.1,0.33,2.0,15.0,0.0,1.0,0.0,0.0,102.0,Uruguay,Haiti,False
11,Third-place playoff,2026-07-18 21:00:00,Belgium,Haiti,2.224965810775757,0.8135308027267456,0,0,204.44109456725118,2.7,0.9,1.1,1.3,0.0,2.7,1.1,0.33,15.0,2.0,0.0,1.0,0.0,0.0,103.0,Belgium,Haiti,True
11,Final,2026-07-19 19:00:00,Brazil,Uruguay,1.2918493747711182,1.129630208015442,1,2,75.56318426761504,1.9,0.7,1.4,1.0,3.0,0.3333333333333333,1.0,0.0,23.0,15.0,0.0,1.0,0.0,0.0,104.0,Uruguay,Brazil,False
12,Group stage,2026-06-11 00:00:00,Mexico,South Africa,2.1329286098480225,0.6023440957069397,1,1,297.64561459530705,1.1,1.0,1.5,1.1,0.0,1.1,1.5,0.33,17.0,3.0,1.0,0.0,0.0,0.0,,,,
12,Group stage,2026-06-11 00:00:00,South Korea,Czech Republic,1.656619668006897,0.9059049487113953,0,1,98.40437375226111,1.5,1.2,1.8,1.2,0.0,1.5,1.8,0.33,11.0,1.0,0.0,1.0,0.0,0.0,,,,
12,Group stage,2026-06-12 00:00:00,Canada,Bosnia and Herzegovina,2.178720712661743,0.6230993866920471,1,1,252.19701310772894,1.1,0.4,2.1,1.1,0.0,1.1,2.1,0.33,2.0,1.0,1.0,0.0,0.0,0.0,,,,
12,Group stage,2026-06-12 00:00:00,United States,Paraguay,1.3273921012878418,1.1478886604309082,0,0,-90.4406608260008,1.7,1.6,1.0,1.0,1.0,2.0,1.0,1.0,11.0,8.0,1.0,0.0,0.0,0.0,,,,
12,Group stage,2026-06-13 00:00:00,Australia,Turkey,1.306311845779419,1.4813357591629028,1,1,-47.69773714089274,1.5,0.9,2.1,1.4,0.0,1.5,2.1,0.33,6.0,2.0,0.0,1.0,0.0,0.0,,,,
12,Group stage,2026-06-13 00:00:00,Brazil,Morocco,1.3794176578521729,1.0310763120651245,1,1,71.7854817950124,1.8,0.8,1.8,0.5,1.0,1.0,2.0,0.0,22.0,6.0,0.0,1.0,0.0,0.0,,,,
12,Group stage,2026-06-13 00:00:00,Haiti,Scotland,0.8986091017723083,1.6037302017211914,0,4,-128.96035980586862,1.2,1.1,1.8,1.2,0.0,1.2,1.8,0.33,1.0,8.0,0.0,1.0,0.0,0.0,,,,
12,Group stage,2026-06-13 00:00:00,Qatar,Switzerland,0.5497463941574097,2.393497943878174,0,4,-360.84472108477416,0.9,1.9,2.5,0.8,0.0,0.9,2.5,0.33,1.0,12.0,0.0,1.0,0.0,0.0,,,,
12,Group stage,2026-06-14 00:00:00,Germany,Curaçao,2.8003809452056885,0.6807331442832947,0,2,361.1352259778141,2.3,1.1,1.6,1.3,0.0,2.3,1.6,0.33,20.0,0.0,0.0,1.0,0.0,0.0,,,,
12,Group stage,2026-06-14 00:00:00,Ivory Coast,Ecuador,0.7578378915786743,1.6096333265304565,1,2,-219.15155902699053,2.0,0.7,0.7,0.4,0.0,2.0,0.7,0.33,3.0,4.0,0.0,1.0,0.0,0.0,,,,
12,Group stage,2026-06-14 00:00:00,Netherlands,Japan,1.4094085693359375,1.0377333164215088,2,0,19.05367466640928,3.0,0.6,1.8,0.7,0.0,3.0,1.8,0.33,11.0,7.0,0.0,1.0,0.0,0.0,,,,
12,Group stage,2026-06-14 00:00:00,Sweden,Tunisia,1.4389334917068481,1.2469319105148315,1,2,22.565366858667858,1.6,1.8,1.4,1.0,0.0,1.6,1.4,0.33,13.0,6.0,0.0,1.0,0.0,0.0,,,,
12,Group stage,2026-06-15 00:00:00,Belgium,Egypt,1.4515180587768555,0.9129274487495422,1,0,99.79242592327387,3.5,1.0,1.3,0.8,1.0,1.0,2.0,0.0,14.0,3.0,0.0,1.0,0.0,0.0,,,,
12,Group stage,2026-06-15 00:00:00,Iran,New Zealand,1.6201878786087036,0.738328218460083,2,0,142.34033556219924,1.6,0.7,0.9,1.5,0.0,1.6,0.9,0.33,6.0,2.0,0.0,1.0,0.0,0.0,,,,
12,Group stage,2026-06-15 00:00:00,Saudi Arabia,Uruguay,0.7248218059539795,1.7654508352279663,1,1,-283.38107610897714,0.9,1.3,1.0,0.9,0.0,0.9,1.0,0.33,6.0,14.0,0.0,1.0,0.0,0.0,,,,
12,Group stage,2026-06-15 00:00:00,Spain,Cape Verde,3.966179609298706,0.5665221810340881,3,0,563.2850614519855,3.1,0.8,1.7,1.0,0.0,3.1,1.7,0.33,16.0,0.0,0.0,1.0,0.0,0.0,,,,
12,Group stage,2026-06-16 00:00:00,Argentina,Algeria,2.156207323074341,0.7074368596076965,2,3,323.48300707879844,2.5,0.4,2.3,0.5,0.0,2.5,2.3,0.33,18.0,4.0,0.0,1.0,0.0,0.0,,,,
12,Group stage,2026-06-16 00:00:00,Austria,Jordan,2.314819097518921,0.9839795827865601,2,3,80.9944962008201,2.8,0.5,2.0,1.5,0.0,2.8,2.0,0.33,7.0,0.0,0.0,1.0,0.0,0.0,,,,
12,Group stage,2026-06-16 00:00:00,France,Senegal,2.243558645248413,0.8569515347480774,2,1,209.2497238875883,2.7,1.1,2.5,0.6,0.0,2.7,2.5,0.33,16.0,3.0,0.0,1.0,0.0,0.0,,,,
12,Group stage,2026-06-16 00:00:00,Iraq,Norway,0.7500935196876526,1.7158862352371216,1,3,-223.33641759859006,1.1,0.7,3.1,0.6,0.0,1.1,3.1,0.33,1.0,3.0,0.0,1.0,0.0,0.0,,,,
12,Group stage,2026-06-17 00:00:00,England,Croatia,1.630310297012329,1.0758646726608276,2,0,94.46756707201507,2.2,0.5,2.9,0.8,0.0,2.2,2.9,0.33,16.0,6.0,0.0,1.0,0.0,0.0,,,,
12,Group stage,2026-06-17 00:00:00,Ghana,Panama,0.8218146562576294,1.872027039527893,3,0,-237.5714618522527,1.5,1.3,1.3,0.8,0.0,1.5,1.3,0.33,4.0,1.0,0.0,1.0,0.0,0.0,,,,
12,Group stage,2026-06-17 00:00:00,Portugal,DR Congo,2.063178300857544,0.639021098613739,3,1,275.4864091486654,2.6,1.0,1.2,0.3,0.0,2.6,1.2,0.33,8.0,1.0,0.0,1.0,0.0,0.0,,,,
12,Group stage,2026-06-17 00:00:00,Uzbekistan,Colombia,0.7373384833335876,1.79137122631073,1,1,-213.1223064060914,1.5,0.7,2.1,1.0,0.0,1.5,2.1,0.33,0.0,6.0,0.0,1.0,0.0,0.0,,,,
12,Group stage,2026-06-18 00:00:00,Canada,Qatar,2.358703851699829,0.4464603066444397,2,0,305.05685453848173,1.0,0.5,0.9,2.0,1.0,2.0,0.0,1.0,3.0,2.0,1.0,0.0,0.0,0.0,,,,
12,Group stage,2026-06-18 00:00:00,Czech Republic,South Africa,1.537068247795105,0.915066123008728,1,1,131.39291214006926,1.7,1.2,1.5,1.1,0.0,1.7,1.5,0.33,2.0,4.0,0.0,1.0,0.0,0.0,,,,
12,Group stage,2026-06-18 00:00:00,Mexico,South Korea,1.5913047790527344,0.9227680563926697,3,0,95.4461194792193,1.0,0.9,1.3,1.3,1.0,2.0,2.0,0.0,18.0,12.0,1.0,0.0,0.0,0.0,,,,
12,Group stage,2026-06-18 00:00:00,Switzerland,Bosnia and Herzegovina,2.39349102973938,0.7397483587265015,1,0,286.9975826416976,2.5,0.6,2.1,1.2,0.0,2.5,2.1,0.33,13.0,2.0,0.0,1.0,0.0,0.0,,,,
12,Group stage,2026-06-19 00:00:00,Brazil,Haiti,2.5541751384735107,0.6001340746879578,0,0,389.26517532701587,1.9,0.9,1.1,1.4,0.0,1.9,1.1,0.33,23.0,2.0,0.0,1.0,0.0,0.0,,,,
12,Group stage,2026-06-19 00:00:00,Scotland,Morocco,0.9620888829231262,1.508581519126892,1,1,-128.18271417130654,2.1,0.9,1.6,0.4,0.0,2.1,1.6,0.33,9.0,7.0,0.0,1.0,0.0,0.0,,,,
12,Group stage,2026-06-19 00:00:00,Turkey,Paraguay,1.317537784576416,1.1075512170791626,1,2,38.411748919090314,2.0,1.4,0.8,1.0,0.0,2.0,0.8,0.33,3.0,9.0,0.0,1.0,0.0,0.0,,,,
12,Group stage,2026-06-19 00:00:00,United States,Australia,1.3170958757400513,1.151955485343933,1,1,-90.99084129438143,1.5,1.5,1.5,1.0,1.0,2.0,1.0,1.0,12.0,7.0,1.0,0.0,0.0,0.0,,,,
12,Group stage,2026-06-20 00:00:00,Ecuador,Curaçao,2.1746039390563965,0.6410261392593384,1,1,330.30172489458505,0.9,0.5,1.7,1.2,0.0,0.9,1.7,0.33,5.0,1.0,0.0,1.0,0.0,0.0,,,,
12,Group stage,2026-06-20 00:00:00,Germany,Ivory Coast,1.7388386726379395,0.9368277788162231,2,0,116.48048904501889,2.2,1.1,1.8,0.9,0.0,2.2,1.8,0.33,21.0,4.0,0.0,1.0,0.0,0.0,,,,
12,Group stage,2026-06-20 00:00:00,Netherlands,Sweden,2.694509744644165,0.9303621053695679,4,0,313.9410470375726,3.0,0.6,1.5,2.0,0.0,3.0,1.5,0.33,12.0,14.0,0.0,1.0,0.0,0.0,,,,
12,Group stage,2026-06-20 00:00:00,Tunisia,Japan,0.9057184457778931,1.6764088869094849,1,1,-168.49204607083425,1.5,1.0,1.8,0.8,0.0,1.5,1.8,0.33,7.0,8.0,0.0,1.0,0.0,0.0,,,,
12,Group stage,2026-06-21 00:00:00,Belgium,Iran,1.4644451141357422,1.155577540397644,1,3,15.258828027209574,3.5,0.9,1.6,0.7,0.0,3.5,1.6,0.33,15.0,7.0,0.0,1.0,0.0,0.0,,,,
12,Group stage,2026-06-21 00:00:00,New Zealand,Egypt,1.051339030265808,1.390376091003418,1,2,-69.64277044097435,0.8,1.7,1.3,0.6,1.0,0.0,1.0,0.0,3.0,4.0,0.0,1.0,0.0,0.0,,,,
12,Group stage,2026-06-21 00:00:00,Spain,Saudi Arabia,3.0483179092407227,0.47296783328056335,5,0,519.3326254945928,2.9,0.4,1.0,1.4,0.0,2.9,1.0,0.33,17.0,7.0,0.0,1.0,0.0,0.0,,,,
12,Group stage,2026-06-21 00:00:00,Uruguay,Cape Verde,2.2468690872192383,0.665652871131897,1,0,294.8674589594359,1.1,0.8,1.4,1.3,0.0,1.1,1.4,0.33,15.0,1.0,0.0,1.0,0.0,0.0,,,,
12,Group stage,2026-06-22 00:00:00,Argentina,Austria,2.344007968902588,0.8024489283561707,3,0,294.6248118539934,2.3,0.6,2.8,0.7,0.0,2.3,2.8,0.33,19.0,8.0,0.0,1.0,0.0,0.0,,,,
12,Group stage,2026-06-22 00:00:00,France,Iraq,2.6437203884124756,0.5462509989738464,4,2,425.21888795390214,2.5,0.7,1.1,1.0,0.0,2.5,1.1,0.33,17.0,2.0,0.0,1.0,0.0,0.0,,,,
12,Group stage,2026-06-22 00:00:00,Jordan,Algeria,1.045074701309204,1.6269878149032593,1,0,-82.26227180674437,2.1,1.4,2.1,0.6,0.0,2.1,2.1,0.33,1.0,5.0,0.0,1.0,0.0,0.0,,,,
12,Group stage,2026-06-22 00:00:00,Norway,Senegal,1.6080974340438843,0.9914515614509583,2,2,74.03439807796804,3.1,0.7,1.8,0.8,0.0,3.1,1.8,0.33,4.0,4.0,0.0,1.0,0.0,0.0,,,,
12,Group stage,2026-06-23 00:00:00,Colombia,DR Congo,1.9883320331573486,0.6977513432502747,5,0,280.3753177041035,2.2,1.1,1.2,0.6,0.0,2.2,1.2,0.33,7.0,2.0,0.0,1.0,0.0,0.0,,,,
12,Group stage,2026-06-23 00:00:00,England,Ghana,2.5194945335388184,0.7347242832183838,3,1,406.7879361547002,2.3,0.5,1.7,1.1,0.0,2.3,1.7,0.33,17.0,5.0,0.0,1.0,0.0,0.0,,,,
12,Group stage,2026-06-23 00:00:00,Panama,Croatia,0.9443463683128357,1.7204968929290771,0,4,-176.00150685685458,1.3,1.1,2.2,1.0,0.0,1.3,2.2,0.33,2.0,7.0,0.0,1.0,0.0,0.0,,,,
12,Group stage,2026-06-23 00:00:00,Portugal,Uzbekistan,2.0704145431518555,0.8032850623130798,2,3,206.03671384213908,2.7,1.0,1.4,0.6,0.0,2.7,1.4,0.33,9.0,1.0,0.0,1.0,0.0,0.0,,,,
12,Group stage,2026-06-24 00:00:00,Bosnia and Herzegovina,Qatar,1.8862310647964478,0.8804553151130676,4,2,97.21550448563676,2.0,1.1,0.7,2.0,0.0,2.0,0.7,0.33,2.0,2.0,0.0,1.0,0.0,0.0,,,,
12,Group stage,2026-06-24 00:00:00,Canada,Switzerland,1.1147100925445557,1.0462067127227783,2,0,-82.51969277867238,1.1,0.4,2.2,0.6,0.0,1.1,2.2,0.33,3.0,13.0,1.0,0.0,0.0,0.0,,,,
12,Group stage,2026-06-24 00:00:00,Mexico,Czech Republic,1.6648153066635132,0.6886176466941833,3,0,153.8631100296393,1.3,0.5,1.7,0.8,0.0,1.3,1.7,0.33,18.0,2.0,1.0,0.0,0.0,0.0,,,,
12,Group stage,2026-06-24 00:00:00,Morocco,Haiti,2.0608103275299072,0.5191489458084106,2,1,294.8800573724043,1.5,0.5,1.0,1.2,0.0,1.5,1.0,0.33,7.0,2.0,0.0,1.0,0.0,0.0,,,,
12,Group stage,2026-06-24 00:00:00,Scotland,Brazil,0.9877391457557678,1.9404633045196533,1,0,-152.92162537996614,1.8,1.0,1.8,0.9,0.0,1.8,1.8,0.33,9.0,23.0,0.0,1.0,0.0,0.0,,,,
12,Group stage,2026-06-24 00:00:00,South Africa,South Korea,1.1584917306900024,1.5971282720565796,0,4,-116.67758242369291,1.6,1.2,0.9,1.6,0.0,1.6,0.9,0.33,4.0,12.0,0.0,1.0,0.0,0.0,,,,
12,Group stage,2026-06-25 00:00:00,Curaçao,Ivory Coast,1.1218234300613403,1.3690309524536133,1,2,-32.00793830478301,1.7,1.1,1.8,1.0,0.0,1.7,1.8,0.33,1.0,4.0,0.0,1.0,0.0,0.0,,,,
12,Group stage,2026-06-25 00:00:00,Ecuador,Germany,1.3295328617095947,1.2957727909088135,1,1,76.4990708551984,1.0,0.6,2.4,0.9,0.0,1.0,2.4,0.33,5.0,21.0,0.0,1.0,0.0,0.0,,,,
12,Group stage,2026-06-25 00:00:00,Japan,Sweden,2.106760025024414,1.0505026578903198,0,2,212.17195359513562,1.3,0.9,1.1,2.1,0.0,1.3,1.1,0.33,8.0,14.0,0.0,1.0,0.0,0.0,,,,
12,Group stage,2026-06-25 00:00:00,Paraguay,Australia,1.2439672946929932,1.0674943923950195,0,4,33.6257927031445,1.0,1.0,1.4,1.0,0.0,1.0,1.4,0.33,9.0,7.0,0.0,1.0,0.0,0.0,,,,
12,Group stage,2026-06-25 00:00:00,Tunisia,Netherlands,0.715204119682312,1.8923264741897583,3,3,-274.9688270502911,1.6,1.0,2.6,0.6,0.0,1.6,2.6,0.33,7.0,12.0,0.0,1.0,0.0,0.0,,,,
12,Group stage,2026-06-25 00:00:00,United States,Turkey,1.403075098991394,1.2480201721191406,0,2,-97.97728246268503,1.5,1.4,2.1,1.5,1.0,1.0,2.0,0.0,12.0,3.0,1.0,0.0,0.0,0.0,,,,
12,Group stage,2026-06-26 00:00:00,Cape Verde,Saudi Arabia,1.1788350343704224,1.5199220180511475,2,2,-55.38781489300891,1.3,1.3,0.9,1.9,0.0,1.3,0.9,0.33,1.0,7.0,0.0,1.0,0.0,0.0,,,,
12,Group stage,2026-06-26 00:00:00,Egypt,Iran,0.8988857865333557,1.415950059890747,1,3,-150.66807228174207,1.3,0.6,1.7,0.6,0.0,1.3,1.7,0.33,4.0,7.0,0.0,1.0,0.0,0.0,,,,
12,Group stage,2026-06-26 00:00:00,New Zealand,Belgium,0.9138779044151306,2.1500511169433594,1,0,-189.75120062880842,0.8,1.7,3.2,0.9,0.0,0.8,3.2,0.33,3.0,15.0,0.0,1.0,0.0,0.0,,,,
12,Group stage,2026-06-26 00:00:00,Norway,France,1.1060030460357666,2.1748292446136475,2,2,-176.3574518926398,3.2,0.9,2.7,0.9,0.0,3.2,2.7,0.33,4.0,17.0,0.0,1.0,0.0,0.0,,,,
12,Group stage,2026-06-26 00:00:00,Senegal,Iraq,1.9344687461853027,0.7912918925285339,1,2,201.7507605513756,1.7,1.0,1.2,1.4,0.0,1.7,1.2,0.33,4.0,2.0,0.0,1.0,0.0,0.0,,,,
12,Group stage,2026-06-26 00:00:00,Uruguay,Spain,0.8406186103820801,2.060819625854492,0,1,-272.7726528996852,1.0,0.8,3.2,0.2,0.0,1.0,3.2,0.33,15.0,17.0,0.0,1.0,0.0,0.0,,,,
12,Group stage,2026-06-27 00:00:00,Algeria,Austria,1.454392910003662,1.1312748193740845,1,2,54.307593283569986,1.9,0.7,2.4,1.0,0.0,1.9,2.4,0.33,5.0,8.0,0.0,1.0,0.0,0.0,,,,
12,Group stage,2026-06-27 00:00:00,Colombia,Portugal,1.5663481950759888,1.2478594779968262,1,2,40.18051862235188,2.6,1.0,2.7,1.1,0.0,2.6,2.7,0.33,7.0,9.0,0.0,1.0,0.0,0.0,,,,
12,Group stage,2026-06-27 00:00:00,Croatia,Ghana,2.06793475151062,0.7933648228645325,3,0,284.067407389261,2.1,0.9,1.4,1.4,0.0,2.1,1.4,0.33,7.0,5.0,0.0,1.0,0.0,0.0,,,,
12,Group stage,2026-06-27 00:00:00,DR Congo,Uzbekistan,0.848446249961853,1.5818535089492798,0,1,-165.9311476651967,1.1,1.1,1.7,0.8,0.0,1.1,1.7,0.33,2.0,1.0,0.0,1.0,0.0,0.0,,,,
12,Group stage,2026-06-27 00:00:00,Jordan,Argentina,0.6088000535964966,2.4897563457489014,0,3,-281.18060035201074,2.0,1.1,2.5,0.6,0.0,2.0,2.5,0.33,1.0,19.0,0.0,1.0,0.0,0.0,,,,
12,Group stage,2026-06-27 00:00:00,Panama,England,0.5591747760772705,2.328141450881958,3,1,-374.4456510973687,1.2,1.4,2.5,0.3,0.0,1.2,2.5,0.33,2.0,17.0,0.0,1.0,0.0,0.0,,,,
12,Round of 32,2026-06-28 19:00:00,Czech Republic,Switzerland,0.9193865656852722,1.4940545558929443,1,2,-131.98361294244455,1.5,1.1,1.8,0.8,1.0,1.0,2.0,0.0,2.0,13.0,0.0,1.0,0.0,0.0,73.0,Switzerland,Czech Republic,False
12,Round of 32,2026-06-29 17:00:00,Scotland,Tunisia,1.495368480682373,0.9390054941177368,0,1,99.49456572047643,1.9,1.0,1.7,1.1,0.0,1.9,1.7,0.33,9.0,7.0,0.0,1.0,0.0,0.0,74.0,Tunisia,Scotland,False
12,Round of 32,2026-06-29 20:30:00,Ecuador,South Korea,1.5591133832931519,1.0557515621185303,0,0,151.46730894936445,1.1,0.7,1.1,1.6,0.0,1.1,1.1,0.33,5.0,12.0,0.0,1.0,0.0,0.0,75.0,Ecuador,South Korea,True
12,Round of 32,2026-06-30 01:00:00,Netherlands,Morocco,1.5986063480377197,1.028533935546875,2,1,62.047597189945236,2.8,0.8,1.6,0.5,0.0,2.8,1.6,0.33,12.0,7.0,0.0,1.0,0.0,0.0,76.0,Netherlands,Morocco,False
12,Round of 32,2026-06-30 17:00:00,Curaçao,Norway,0.800096869468689,2.718883752822876,0,4,-302.2507212027408,1.8,1.3,3.3,1.1,0.0,1.8,3.3,0.33,1.0,4.0,0.0,1.0,0.0,0.0,77.0,Norway,Curaçao,False
12,Round of 32,2026-06-30 21:00:00,France,Turkey,2.1289172172546387,0.9387540221214294,1,1,181.5253461639213,2.7,1.1,2.0,1.3,0.0,2.7,2.0,0.33,17.0,3.0,0.0,1.0,0.0,0.0,78.0,Turkey,France,True
12,Round of 32,2026-07-01 01:00:00,Mexico,Germany,1.2354975938796997,1.4284850358963013,2,0,40.66920310804767,1.5,0.4,2.5,0.8,1.0,2.0,2.0,0.0,18.0,21.0,0.0,1.0,0.0,0.0,79.0,Mexico,Germany,False
12,Round of 32,2026-07-01 16:00:00,England,Colombia,1.5510034561157227,1.2113653421401978,1,2,18.492868953941752,2.4,0.6,2.4,1.2,0.0,2.4,2.4,0.33,17.0,7.0,0.0,1.0,0.0,0.0,80.0,Colombia,England,False
12,Round of 32,2026-07-01 20:00:00,Iran,Iraq,2.0575175285339355,0.7328063249588013,1,0,222.26210272288904,2.0,0.6,1.4,1.5,0.0,2.0,1.4,0.33,7.0,2.0,0.0,1.0,0.0,0.0,81.0,Iran,Iraq,False
12,Round of 32,2026-07-02 00:00:00,Australia,Bosnia and Herzegovina,2.2481164932250977,0.726662278175354,5,0,288.4175345844717,1.7,1.0,1.8,1.3,0.0,1.7,1.8,0.33,7.0,2.0,0.0,1.0,0.0,0.0,82.0,Australia,Bosnia and Herzegovina,False
12,Round of 32,2026-07-02 19:00:00,Portugal,Croatia,1.2946319580078125,1.1954327821731567,1,1,48.96349597153744,2.4,1.2,2.3,0.9,3.0,1.3333333333333333,1.3333333333333333,0.3333333333333333,9.0,7.0,0.0,1.0,0.0,0.0,83.0,Portugal,Croatia,True
12,Round of 32,2026-07-02 23:00:00,Spain,Jordan,2.6260571479797363,0.6520805954933167,5,0,396.8738585885428,3.0,0.2,1.8,1.3,1.0,3.0,1.0,1.0,17.0,1.0,0.0,1.0,0.0,0.0,84.0,Spain,Jordan,False
12,Round of 32,2026-07-03 03:00:00,Canada,New Zealand,1.6209081411361694,0.7211357951164246,2,0,182.51406825102322,1.0,0.4,0.9,1.6,0.0,1.0,0.9,0.33,3.0,3.0,0.0,1.0,0.0,0.0,85.0,Canada,New Zealand,False
12,Round of 32,2026-07-03 18:00:00,Paraguay,Egypt,1.4032882452011108,0.913764476776123,3,1,101.19310839802392,1.0,1.4,1.3,0.9,0.0,1.0,1.3,0.33,9.0,4.0,0.0,1.0,0.0,0.0,86.0,Paraguay,Egypt,False
12,Round of 32,2026-07-03 22:00:00,Argentina,Uruguay,1.658851146697998,0.9616487622261047,1,0,212.4752687740031,2.7,0.5,0.7,0.9,2.0,0.5,1.0,0.5,19.0,15.0,0.0,1.0,0.0,0.0,87.0,Argentina,Uruguay,False
12,Round of 32,2026-07-04 01:30:00,Uzbekistan,Ghana,1.762044072151184,0.8553676009178162,1,0,236.38908730194066,1.5,0.8,1.3,1.6,0.0,1.5,1.3,0.33,1.0,5.0,0.0,1.0,0.0,0.0,88.0,Uzbekistan,Ghana,False
12,Round of 16,2026-07-04 17:00:00,Switzerland,Ecuador,1.0941728353500366,1.3266105651855469,3,0,-82.81198356910068,1.7,0.9,1.0,0.7,0.0,1.7,1.0,0.33,13.0,5.0,0.0,1.0,0.0,0.0,89.0,Switzerland,Ecuador,False
12,Round of 16,2026-07-04 21:00:00,Tunisia,Norway,1.1401073932647705,1.6909388303756714,1,1,-160.6334244777065,1.5,1.1,2.6,1.0,0.0,1.5,2.6,0.33,7.0,4.0,0.0,1.0,0.0,0.0,90.0,Norway,Tunisia,True
12,Round of 16,2026-07-05 20:00:00,Netherlands,Turkey,1.490698218345642,1.0003012418746948,2,1,66.7806660842457,2.7,0.7,2.1,0.8,1.0,2.0,1.0,1.0,12.0,3.0,0.0,1.0,0.0,0.0,91.0,Netherlands,Turkey,False
12,Round of 16,2026-07-06 00:00:00,Mexico,Colombia,1.108232855796814,1.1643834114074707,0,1,-34.83040106767044,1.7,0.4,2.0,1.0,3.0,1.3333333333333333,3.3333333333333335,0.0,18.0,7.0,0.0,1.0,0.0,0.0,92.0,Colombia,Mexico,False
12,Round of 16,2026-07-06 19:00:00,Portugal,Spain,0.8942738175392151,1.7322838306427002,1,2,-181.3911636479836,2.2,1.1,2.9,0.2,2.0,1.0,1.5,0.0,9.0,17.0,0.0,1.0,0.0,0.0,93.0,Spain,Portugal,False
12,Round of 16,2026-07-07 00:00:00,Iran,Australia,1.1648446321487427,1.1216686964035034,0,1,6.884471477268789,1.8,0.6,1.9,0.9,0.0,1.8,1.9,0.33,7.0,7.0,0.0,1.0,0.0,0.0,94.0,Australia,Iran,False
12,Round of 16,2026-07-07 16:00:00,Paraguay,Uzbekistan,1.176263451576233,1.2935314178466797,1,1,-12.37479944499296,1.2,1.5,1.4,0.8,0.0,1.2,1.4,0.33,9.0,1.0,0.0,1.0,0.0,0.0,95.0,Uzbekistan,Paraguay,True
12,Round of 16,2026-07-07 20:00:00,Canada,Argentina,0.7046539783477783,1.7011139392852783,1,0,-233.6438623348413,1.1,0.4,2.5,0.5,2.0,0.0,2.0,0.0,3.0,19.0,0.0,1.0,0.0,0.0,96.0,Canada,Argentina,False
12,Quarter-final,2026-07-09 20:00:00,Switzerland,Norway,1.239315390586853,1.2120879888534546,3,1,-29.789690208904858,1.8,0.9,2.2,1.1,1.0,0.0,0.0,0.0,13.0,4.0,0.0,1.0,0.0,0.0,97.0,Switzerland,Norway,False
12,Quarter-final,2026-07-10 19:00:00,Spain,Australia,1.9941250085830688,0.7350411415100098,1,1,246.597793924984,2.9,0.3,1.9,0.9,0.0,2.9,1.9,0.33,17.0,7.0,0.0,1.0,0.0,0.0,98.0,Australia,Spain,True
12,Quarter-final,2026-07-11 21:00:00,Netherlands,Colombia,1.4168046712875366,1.1013123989105225,1,1,19.07065351513552,2.5,0.8,1.7,1.0,0.0,2.5,1.7,0.33,12.0,7.0,0.0,1.0,0.0,0.0,99.0,Netherlands,Colombia,True
12,Quarter-final,2026-07-12 01:00:00,Uzbekistan,Canada,0.9654848575592041,1.040382742881775,2,3,-32.457519435172344,1.4,0.7,1.2,0.3,0.0,1.4,1.2,0.33,1.0,3.0,0.0,1.0,0.0,0.0,100.0,Canada,Uzbekistan,False
12,Semi-final,2026-07-14 19:00:00,Switzerland,Australia,1.2550936937332153,1.2704521417617798,1,3,-22.91065780928261,2.1,1.0,1.9,0.8,0.0,2.1,1.9,0.33,13.0,7.0,0.0,1.0,0.0,0.0,101.0,Australia,Switzerland,False
12,Semi-final,2026-07-15 19:00:00,Netherlands,Canada,1.7819992303848267,0.9231219291687012,0,1,109.35007069775747,2.2,0.9,1.5,0.5,1.0,4.0,0.0,1.0,12.0,3.0,0.0,1.0,0.0,0.0,102.0,Canada,Netherlands,False
12,Third-place playoff,2026-07-18 21:00:00,Switzerland,Netherlands,1.1124632358551025,1.4923086166381836,0,3,-80.57126933351174,1.8,1.2,2.1,0.9,0.0,1.8,2.1,0.33,13.0,12.0,0.0,1.0,0.0,0.0,103.0,Netherlands,Switzerland,False
12,Final,2026-07-19 19:00:00,Australia,Canada,1.3171991109848022,1.0401750802993774,3,1,57.478948324268686,2.2,0.8,1.6,0.5,1.0,1.0,0.0,1.0,7.0,3.0,0.0,1.0,0.0,0.0,104.0,Australia,Canada,False
13,Group stage,2026-06-11 00:00:00,Mexico,South Africa,2.1329286098480225,0.6023440957069397,0,0,297.64561459530705,1.1,1.0,1.5,1.1,0.0,1.1,1.5,0.33,17.0,3.0,1.0,0.0,0.0,0.0,,,,
13,Group stage,2026-06-11 00:00:00,South Korea,Czech Republic,1.656619668006897,0.9059049487113953,5,3,98.40437375226111,1.5,1.2,1.8,1.2,0.0,1.5,1.8,0.33,11.0,1.0,0.0,1.0,0.0,0.0,,,,
13,Group stage,2026-06-12 00:00:00,Canada,Bosnia and Herzegovina,2.178720712661743,0.6230993866920471,1,0,252.19701310772894,1.1,0.4,2.1,1.1,0.0,1.1,2.1,0.33,2.0,1.0,1.0,0.0,0.0,0.0,,,,
13,Group stage,2026-06-12 00:00:00,United States,Paraguay,1.3273921012878418,1.1478886604309082,1,0,-90.4406608260008,1.7,1.6,1.0,1.0,1.0,2.0,1.0,1.0,11.0,8.0,1.0,0.0,0.0,0.0,,,,
13,Group stage,2026-06-13 00:00:00,Australia,Turkey,1.306311845779419,1.4813357591629028,0,3,-47.69773714089274,1.5,0.9,2.1,1.4,0.0,1.5,2.1,0.33,6.0,2.0,0.0,1.0,0.0,0.0,,,,
13,Group stage,2026-06-13 00:00:00,Brazil,Morocco,1.3794176578521729,1.0310763120651245,0,1,71.7854817950124,1.8,0.8,1.8,0.5,1.0,1.0,2.0,0.0,22.0,6.0,0.0,1.0,0.0,0.0,,,,
13,Group stage,2026-06-13 00:00:00,Haiti,Scotland,0.8986091017723083,1.6037302017211914,0,3,-128.96035980586862,1.2,1.1,1.8,1.2,0.0,1.2,1.8,0.33,1.0,8.0,0.0,1.0,0.0,0.0,,,,
13,Group stage,2026-06-13 00:00:00,Qatar,Switzerland,0.5497463941574097,2.393497943878174,0,1,-360.84472108477416,0.9,1.9,2.5,0.8,0.0,0.9,2.5,0.33,1.0,12.0,0.0,1.0,0.0,0.0,,,,
13,Group stage,2026-06-14 00:00:00,Germany,Curaçao,2.8003809452056885,0.6807331442832947,4,0,361.1352259778141,2.3,1.1,1.6,1.3,0.0,2.3,1.6,0.33,20.0,0.0,0.0,1.0,0.0,0.0,,,,
13,Group stage,2026-06-14 00:00:00,Ivory Coast,Ecuador,0.7578378915786743,1.6096333265304565,0,0,-219.15155902699053,2.0,0.7,0.7,0.4,0.0,2.0,0.7,0.33,3.0,4.0,0.0,1.0,0.0,0.0,,,,
13,Group stage,2026-06-14 00:00:00,Netherlands,Japan,1.4094085693359375,1.0377333164215088,4,0,19.05367466640928,3.0,0.6,1.8,0.7,0.0,3.0,1.8,0.33,11.0,7.0,0.0,1.0,0.0,0.0,,,,
13,Group stage,2026-06-14 00:00:00,Sweden,Tunisia,1.4389334917068481,1.2469319105148315,1,2,22.565366858667858,1.6,1.8,1.4,1.0,0.0,1.6,1.4,0.33,13.0,6.0,0.0,1.0,0.0,0.0,,,,
13,Group stage,2026-06-15 00:00:00,Belgium,Egypt,1.4515180587768555,0.9129274487495422,1,1,99.79242592327387,3.5,1.0,1.3,0.8,1.0,1.0,2.0,0.0,14.0,3.0,0.0,1.0,0.0,0.0,,,,
13,Group stage,2026-06-15 00:00:00,Iran,New Zealand,1.6201878786087036,0.738328218460083,0,0,142.34033556219924,1.6,0.7,0.9,1.5,0.0,1.6,0.9,0.33,6.0,2.0,0.0,1.0,0.0,0.0,,,,
13,Group stage,2026-06-15 00:00:00,Saudi Arabia,Uruguay,0.7248218059539795,1.7654508352279663,1,2,-283.38107610897714,0.9,1.3,1.0,0.9,0.0,0.9,1.0,0.33,6.0,14.0,0.0,1.0,0.0,0.0,,,,
13,Group stage,2026-06-15 00:00:00,Spain,Cape Verde,3.966179609298706,0.5665221810340881,2,1,563.2850614519855,3.1,0.8,1.7,1.0,0.0,3.1,1.7,0.33,16.0,0.0,0.0,1.0,0.0,0.0,,,,
13,Group stage,2026-06-16 00:00:00,Argentina,Algeria,2.156207323074341,0.7074368596076965,0,1,323.48300707879844,2.5,0.4,2.3,0.5,0.0,2.5,2.3,0.33,18.0,4.0,0.0,1.0,0.0,0.0,,,,
13,Group stage,2026-06-16 00:00:00,Austria,Jordan,2.314819097518921,0.9839795827865601,1,1,80.9944962008201,2.8,0.5,2.0,1.5,0.0,2.8,2.0,0.33,7.0,0.0,0.0,1.0,0.0,0.0,,,,
13,Group stage,2026-06-16 00:00:00,France,Senegal,2.243558645248413,0.8569515347480774,1,2,209.2497238875883,2.7,1.1,2.5,0.6,0.0,2.7,2.5,0.33,16.0,3.0,0.0,1.0,0.0,0.0,,,,
13,Group stage,2026-06-16 00:00:00,Iraq,Norway,0.7500935196876526,1.7158862352371216,0,2,-223.33641759859006,1.1,0.7,3.1,0.6,0.0,1.1,3.1,0.33,1.0,3.0,0.0,1.0,0.0,0.0,,,,
13,Group stage,2026-06-17 00:00:00,England,Croatia,1.630310297012329,1.0758646726608276,1,2,94.46756707201507,2.2,0.5,2.9,0.8,0.0,2.2,2.9,0.33,16.0,6.0,0.0,1.0,0.0,0.0,,,,
13,Group stage,2026-06-17 00:00:00,Ghana,Panama,0.8218146562576294,1.872027039527893,2,2,-237.5714618522527,1.5,1.3,1.3,0.8,0.0,1.5,1.3,0.33,4.0,1.0,0.0,1.0,0.0,0.0,,,,
13,Group stage,2026-06-17 00:00:00,Portugal,DR Congo,2.063178300857544,0.639021098613739,1,1,275.4864091486654,2.6,1.0,1.2,0.3,0.0,2.6,1.2,0.33,8.0,1.0,0.0,1.0,0.0,0.0,,,,
13,Group stage,2026-06-17 00:00:00,Uzbekistan,Colombia,0.7373384833335876,1.79137122631073,1,0,-213.1223064060914,1.5,0.7,2.1,1.0,0.0,1.5,2.1,0.33,0.0,6.0,0.0,1.0,0.0,0.0,,,,
13,Group stage,2026-06-18 00:00:00,Canada,Qatar,2.088071823120117,0.4281400740146637,1,0,329.2118321064054,1.0,0.4,0.9,1.7,1.0,2.0,0.0,1.0,3.0,2.0,1.0,0.0,0.0,0.0,,,,
13,Group stage,2026-06-18 00:00:00,Czech Republic,South Africa,1.4624453783035278,1.2584186792373657,2,0,60.53129797387919,1.9,1.7,1.4,1.0,0.0,1.9,1.4,0.33,2.0,4.0,0.0,1.0,0.0,0.0,,,,
13,Group stage,2026-06-18 00:00:00,Mexico,South Korea,1.4918867349624634,0.9694523215293884,1,0,24.58450531302924,0.9,0.8,1.8,1.5,1.0,2.0,2.0,0.0,18.0,12.0,1.0,0.0,0.0,0.0,,,,
13,Group stage,2026-06-18 00:00:00,Switzerland,Bosnia and Herzegovina,2.3324618339538574,0.6992522478103638,1,0,311.15256020962124,2.2,0.6,2.0,1.2,0.0,2.2,2.0,0.33,13.0,2.0,0.0,1.0,0.0,0.0,,,,
13,Group stage,2026-06-19 00:00:00,Brazil,Haiti,2.399674415588379,0.6120364665985107,3,0,356.84650576807576,1.8,0.9,1.1,1.3,0.0,1.8,1.1,0.33,23.0,2.0,0.0,1.0,0.0,0.0,,,,
13,Group stage,2026-06-19 00:00:00,Scotland,Morocco,0.9154615998268127,1.5410233736038208,1,0,-160.60138373024665,2.0,0.9,1.6,0.3,0.0,2.0,1.6,0.33,9.0,7.0,0.0,1.0,0.0,0.0,,,,
13,Group stage,2026-06-19 00:00:00,Turkey,Paraguay,1.561286211013794,0.9499627351760864,1,0,117.84209426448137,2.2,1.3,0.8,1.1,0.0,2.2,0.8,0.33,3.0,9.0,0.0,1.0,0.0,0.0,,,,
13,Group stage,2026-06-19 00:00:00,United States,Australia,1.467760682106018,1.049073338508606,0,2,-11.560495948990365,1.6,1.5,1.4,1.2,1.0,2.0,1.0,1.0,12.0,7.0,1.0,0.0,0.0,0.0,,,,
13,Group stage,2026-06-20 00:00:00,Ecuador,Curaçao,2.3828635215759277,0.6030798554420471,6,0,392.8030142341827,0.7,0.4,1.5,1.6,0.0,0.7,1.5,0.33,5.0,1.0,0.0,1.0,0.0,0.0,,,,
13,Group stage,2026-06-20 00:00:00,Germany,Ivory Coast,1.9322298765182495,0.8593685626983643,1,1,178.98177838461652,2.6,0.9,1.7,0.7,0.0,2.6,1.7,0.33,21.0,4.0,0.0,1.0,0.0,0.0,,,,
13,Group stage,2026-06-20 00:00:00,Netherlands,Sweden,2.6901907920837402,0.9199576377868652,0,2,324.57470485564,3.2,0.6,1.5,2.0,0.0,3.2,1.5,0.33,12.0,14.0,0.0,1.0,0.0,0.0,,,,
13,Group stage,2026-06-20 00:00:00,Tunisia,Japan,0.9893687963485718,1.6447598934173584,0,4,-157.85838825276687,1.5,1.0,1.8,1.0,0.0,1.5,1.8,0.33,7.0,8.0,0.0,1.0,0.0,0.0,,,,
13,Group stage,2026-06-21 00:00:00,Belgium,Iran,1.457935094833374,1.1413705348968506,3,1,24.435706710535896,3.5,1.0,1.4,0.7,0.0,3.5,1.4,0.33,15.0,7.0,0.0,1.0,0.0,0.0,,,,
13,Group stage,2026-06-21 00:00:00,New Zealand,Egypt,1.0600460767745972,1.3459550142288208,2,1,-60.46589175764802,0.8,1.5,1.4,0.6,1.0,0.0,1.0,0.0,3.0,4.0,0.0,1.0,0.0,0.0,,,,
13,Group stage,2026-06-21 00:00:00,Spain,Saudi Arabia,3.102492570877075,0.4873736798763275,1,0,547.6407937792978,2.8,0.5,1.0,1.5,0.0,2.8,1.0,0.33,17.0,7.0,0.0,1.0,0.0,0.0,,,,
13,Group stage,2026-06-21 00:00:00,Uruguay,Cape Verde,2.285942316055298,0.6644072532653809,3,1,323.17562724414097,1.2,0.8,1.5,1.2,0.0,1.2,1.5,0.33,15.0,1.0,0.0,1.0,0.0,0.0,,,,
13,Group stage,2026-06-22 00:00:00,Argentina,Austria,2.082334041595459,0.7990435361862183,3,0,264.6248118539934,2.1,0.4,2.7,0.5,0.0,2.1,2.7,0.33,19.0,8.0,0.0,1.0,0.0,0.0,,,,
13,Group stage,2026-06-22 00:00:00,France,Iraq,2.364898920059204,0.5092150568962097,1,0,365.21888795390214,2.4,0.8,1.0,0.9,0.0,2.4,1.0,0.33,17.0,2.0,0.0,1.0,0.0,0.0,,,,
13,Group stage,2026-06-22 00:00:00,Jordan,Algeria,0.9770524501800537,1.6370102167129517,1,3,-112.26227180674437,1.9,1.3,1.9,0.4,0.0,1.9,1.9,0.33,1.0,5.0,0.0,1.0,0.0,0.0,,,,
13,Group stage,2026-06-22 00:00:00,Norway,Senegal,1.363420844078064,1.1192619800567627,1,0,14.034398077968035,3.0,0.6,1.9,0.7,0.0,3.0,1.9,0.33,4.0,4.0,0.0,1.0,0.0,0.0,,,,
13,Group stage,2026-06-23 00:00:00,Colombia,DR Congo,1.849802017211914,0.7508783936500549,2,0,215.2761641797906,2.1,1.1,1.2,0.4,0.0,2.1,1.2,0.33,7.0,2.0,0.0,1.0,0.0,0.0,,,,
13,Group stage,2026-06-23 00:00:00,England,Ghana,2.499929666519165,0.7568045258522034,1,1,401.63324414278895,2.2,0.7,1.6,1.3,0.0,2.2,1.6,0.33,17.0,5.0,0.0,1.0,0.0,0.0,,,,
13,Group stage,2026-06-23 00:00:00,Panama,Croatia,0.9415853023529053,1.7286449670791626,1,0,-181.15619886876584,1.5,1.0,2.4,0.9,0.0,1.5,2.4,0.33,2.0,7.0,0.0,1.0,0.0,0.0,,,,
13,Group stage,2026-06-23 00:00:00,Portugal,Uzbekistan,1.7791997194290161,0.8574758172035217,2,1,140.93756031782618,2.5,1.0,1.4,0.5,0.0,2.5,1.4,0.33,9.0,1.0,0.0,1.0,0.0,0.0,,,,
13,Group stage,2026-06-24 00:00:00,Bosnia and Herzegovina,Qatar,1.601793885231018,1.0730220079421997,1,0,59.15231174142491,1.9,1.1,0.7,1.6,0.0,1.9,0.7,0.33,2.0,2.0,0.0,1.0,0.0,0.0,,,,
13,Group stage,2026-06-24 00:00:00,Canada,Switzerland,1.158255696296692,0.9664275050163269,1,1,-48.89284065873153,1.0,0.3,1.9,0.6,0.0,1.0,1.9,0.33,3.0,13.0,1.0,0.0,0.0,0.0,,,,
13,Group stage,2026-06-24 00:00:00,Mexico,Czech Republic,1.8459320068359375,0.729013979434967,3,1,170.6012698587956,1.0,0.4,2.0,1.2,0.0,1.0,2.0,0.33,18.0,2.0,1.0,0.0,0.0,0.0,,,,
13,Group stage,2026-06-24 00:00:00,Morocco,Haiti,2.0307953357696533,0.5004265904426575,1,0,326.25834471571625,1.4,0.4,1.0,1.4,0.0,1.4,1.0,0.33,7.0,2.0,0.0,1.0,0.0,0.0,,,,
13,Group stage,2026-06-24 00:00:00,Scotland,Brazil,0.9782324433326721,1.831491231918335,2,1,-129.13725184115833,1.7,0.9,2.0,0.9,0.0,1.7,2.0,0.33,9.0,23.0,0.0,1.0,0.0,0.0,,,,
13,Group stage,2026-06-24 00:00:00,South Africa,South Korea,0.9167588353157043,1.9529393911361694,0,1,-241.66265092691674,1.4,1.2,1.4,1.6,0.0,1.4,1.4,0.33,4.0,12.0,0.0,1.0,0.0,0.0,,,,
13,Group stage,2026-06-25 00:00:00,Curaçao,Ivory Coast,0.7561209797859192,2.207847833633423,0,5,-233.41972462506533,1.4,2.0,1.8,0.7,0.0,1.4,1.8,0.33,1.0,4.0,0.0,1.0,0.0,0.0,,,,
13,Group stage,2026-06-25 00:00:00,Ecuador,Germany,1.1776070594787598,1.2663530111312866,1,3,32.90827849628545,1.3,0.4,2.7,0.8,0.0,1.3,2.7,0.33,5.0,21.0,0.0,1.0,0.0,0.0,,,,
13,Group stage,2026-06-25 00:00:00,Japan,Sweden,1.6302430629730225,1.1089445352554321,1,1,153.53713663232975,1.6,1.0,1.3,1.7,0.0,1.6,1.3,0.33,8.0,14.0,0.0,1.0,0.0,0.0,,,,
13,Group stage,2026-06-25 00:00:00,Paraguay,Australia,1.060634732246399,1.358375906944275,0,3,-55.880708557584285,0.8,1.1,1.4,1.1,0.0,0.8,1.4,0.33,9.0,7.0,0.0,1.0,0.0,0.0,,,,
13,Group stage,2026-06-25 00:00:00,Tunisia,Netherlands,0.8872619867324829,1.9328826665878296,1,0,-237.60132572362,1.5,1.3,2.4,0.8,0.0,1.5,2.4,0.33,7.0,12.0,0.0,1.0,0.0,0.0,,,,
13,Group stage,2026-06-25 00:00:00,United States,Turkey,1.2557533979415894,1.4577906131744385,1,1,-226.34447441419593,1.5,1.5,2.3,1.2,1.0,1.0,2.0,0.0,12.0,3.0,1.0,0.0,0.0,0.0,,,,
13,Group stage,2026-06-26 00:00:00,Cape Verde,Saudi Arabia,1.2478282451629639,1.3529443740844727,0,1,-29.81580388523048,1.5,1.4,0.9,1.6,0.0,1.5,0.9,0.33,1.0,7.0,0.0,1.0,0.0,0.0,,,,
13,Group stage,2026-06-26 00:00:00,Egypt,Iran,1.0228761434555054,1.2572987079620361,2,1,-51.91063695425578,1.3,0.7,1.3,0.8,0.0,1.3,1.3,0.33,4.0,7.0,0.0,1.0,0.0,0.0,,,,
13,Group stage,2026-06-26 00:00:00,New Zealand,Belgium,1.0099458694458008,1.822167992591858,1,4,-150.15487858964207,0.9,1.4,3.4,0.8,0.0,0.9,3.4,0.33,3.0,15.0,0.0,1.0,0.0,0.0,,,,
13,Group stage,2026-06-26 00:00:00,Norway,France,1.152833104133606,1.5849342346191406,5,3,-80.63876655390072,3.0,0.6,2.3,0.8,0.0,3.0,2.3,0.33,4.0,17.0,0.0,1.0,0.0,0.0,,,,
13,Group stage,2026-06-26 00:00:00,Senegal,Iraq,1.8958921432495117,0.6593801379203796,2,1,226.03207521263653,1.6,0.8,0.9,1.0,0.0,1.6,0.9,0.33,4.0,2.0,0.0,1.0,0.0,0.0,,,,
13,Group stage,2026-06-26 00:00:00,Uruguay,Spain,0.8357051014900208,1.932603120803833,1,4,-234.96100047687378,1.3,0.9,2.7,0.3,0.0,1.3,2.7,0.33,15.0,17.0,0.0,1.0,0.0,0.0,,,,
13,Group stage,2026-06-27 00:00:00,Algeria,Austria,1.4162791967391968,1.0473753213882446,2,1,94.7449749275645,2.0,0.5,2.3,0.8,0.0,2.0,2.3,0.33,5.0,8.0,0.0,1.0,0.0,0.0,,,,
13,Group stage,2026-06-27 00:00:00,Colombia,Portugal,1.2799922227859497,1.3845109939575195,2,1,-18.852332231144146,2.2,1.0,2.5,0.9,0.0,2.2,2.5,0.33,7.0,9.0,0.0,1.0,0.0,0.0,,,,
13,Group stage,2026-06-27 00:00:00,Croatia,Ghana,2.0466041564941406,0.7308896780014038,2,1,314.13365549587184,1.9,0.9,1.3,1.4,0.0,1.9,1.3,0.33,7.0,5.0,0.0,1.0,0.0,0.0,,,,
13,Group stage,2026-06-27 00:00:00,DR Congo,Uzbekistan,0.9712205529212952,1.221481204032898,2,0,-96.69998976307488,1.1,0.6,1.5,0.7,0.0,1.1,1.5,0.33,2.0,1.0,0.0,1.0,0.0,0.0,,,,
13,Group stage,2026-06-27 00:00:00,Jordan,Argentina,0.5302391052246094,2.7117919921875,0,4,-381.61798199600526,1.8,1.3,2.3,0.4,0.0,1.8,2.3,0.33,1.0,19.0,0.0,1.0,0.0,0.0,,,,
13,Group stage,2026-06-27 00:00:00,Panama,England,0.9072268605232239,1.8197927474975586,1,0,-130.74477027382795,1.5,0.9,2.2,0.5,0.0,1.5,2.2,0.33,2.0,17.0,0.0,1.0,0.0,0.0,,,,
13,Round of 32,2026-06-28 19:00:00,South Korea,Switzerland,1.1492475271224976,1.5320632457733154,2,3,-56.59801265212241,1.3,1.6,1.6,0.7,0.0,1.3,1.6,0.33,12.0,13.0,0.0,1.0,0.0,0.0,73.0,Switzerland,South Korea,False
13,Round of 32,2026-06-29 17:00:00,Scotland,Sweden,1.542081356048584,1.1047922372817993,1,2,111.87968197262308,1.9,1.0,1.2,1.6,0.0,1.9,1.2,0.33,9.0,14.0,0.0,1.0,0.0,0.0,74.0,Sweden,Scotland,False
13,Round of 32,2026-06-29 20:30:00,Germany,United States,2.0758230686187744,0.9050318598747253,2,0,222.9429960229986,3.0,0.7,1.6,1.4,1.0,3.0,1.0,1.0,21.0,12.0,0.0,1.0,0.0,0.0,75.0,Germany,United States,False
13,Round of 32,2026-06-30 01:00:00,Tunisia,Morocco,0.8427807092666626,1.4528639316558838,1,1,-187.45050015977813,1.4,1.1,1.4,0.3,1.0,0.0,2.0,0.0,7.0,7.0,0.0,1.0,0.0,0.0,76.0,Morocco,Tunisia,True
13,Round of 32,2026-06-30 17:00:00,Ivory Coast,Senegal,0.9926091432571411,1.3197951316833496,2,2,-105.76775150809681,2.1,0.7,1.7,0.8,1.0,1.0,1.0,0.0,4.0,4.0,0.0,1.0,0.0,0.0,77.0,Ivory Coast,Senegal,True
13,Round of 32,2026-06-30 21:00:00,Norway,Japan,1.713649868965149,0.9974632263183594,2,1,114.06686727578449,3.4,0.9,1.7,1.1,0.0,3.4,1.7,0.33,4.0,8.0,0.0,1.0,0.0,0.0,78.0,Norway,Japan,False
13,Round of 32,2026-07-01 01:00:00,Mexico,Brazil,1.1726008653640747,1.5550843477249146,3,2,-21.90443705439293,1.2,0.4,1.8,1.1,1.0,2.0,3.0,0.0,18.0,23.0,0.0,1.0,0.0,0.0,79.0,Mexico,Brazil,False
13,Round of 32,2026-07-01 16:00:00,Panama,DR Congo,1.314104676246643,0.8330925703048706,1,0,100.42958445277213,1.5,0.9,1.2,0.6,0.0,1.5,1.2,0.33,2.0,2.0,0.0,1.0,0.0,0.0,80.0,Panama,DR Congo,False
13,Round of 32,2026-07-01 20:00:00,Belgium,Saudi Arabia,2.1764729022979736,0.7339478135108948,2,1,268.4090250147842,3.2,0.9,1.0,1.4,0.0,3.2,1.0,0.33,15.0,7.0,0.0,1.0,0.0,0.0,81.0,Belgium,Saudi Arabia,False
13,Round of 32,2026-07-02 00:00:00,Turkey,Bosnia and Herzegovina,2.3082079887390137,0.7144277691841125,2,1,361.3625270718019,2.1,1.1,1.4,1.1,0.0,2.1,1.4,0.33,3.0,2.0,0.0,1.0,0.0,0.0,82.0,Turkey,Bosnia and Herzegovina,False
13,Round of 32,2026-07-02 19:00:00,Portugal,Croatia,1.262811303138733,1.1605113744735718,0,0,25.189816185069958,2.1,1.1,2.0,1.0,3.0,1.3333333333333333,1.3333333333333333,0.3333333333333333,9.0,7.0,0.0,1.0,0.0,0.0,83.0,Croatia,Portugal,True
13,Round of 32,2026-07-02 23:00:00,Spain,Argentina,1.5232677459716797,1.3597196340560913,0,2,90.81445166621916,2.8,0.4,2.6,0.3,0.0,2.8,2.6,0.33,17.0,19.0,0.0,1.0,0.0,0.0,84.0,Argentina,Spain,False
13,Round of 32,2026-07-03 03:00:00,Canada,Egypt,1.218015432357788,0.9138423800468445,1,0,84.04298489038479,0.8,0.4,1.4,0.8,0.0,0.8,1.4,0.33,3.0,4.0,0.0,1.0,0.0,0.0,85.0,Canada,Egypt,False
13,Round of 32,2026-07-03 18:00:00,Australia,New Zealand,1.8070544004440308,0.7320495247840881,4,0,203.24259236388798,1.6,1.1,1.0,1.7,5.0,1.8,0.2,1.0,7.0,3.0,0.0,1.0,0.0,0.0,86.0,Australia,New Zealand,False
13,Round of 32,2026-07-03 22:00:00,Algeria,Uruguay,1.123862862586975,1.2852476835250854,0,2,-9.411297033796927,2.1,0.5,1.1,1.3,1.0,0.0,0.0,0.0,5.0,15.0,0.0,1.0,0.0,0.0,87.0,Uruguay,Algeria,False
13,Round of 32,2026-07-04 01:30:00,Colombia,Ecuador,1.30190908908844,1.0283766984939575,3,0,94.04136948037831,2.1,1.1,1.4,0.7,2.0,0.0,0.5,0.0,7.0,5.0,0.0,1.0,0.0,0.0,88.0,Colombia,Ecuador,False
13,Round of 16,2026-07-04 17:00:00,Switzerland,Germany,1.1121251583099365,1.68608558177948,0,1,-65.49403631984501,1.6,0.9,2.9,0.6,2.0,2.0,2.5,0.0,13.0,21.0,0.0,1.0,0.0,0.0,89.0,Germany,Switzerland,False
13,Round of 16,2026-07-04 21:00:00,Sweden,Ivory Coast,1.3878198862075806,1.3665744066238403,0,1,-22.408732894133436,1.4,1.5,2.2,0.9,0.0,1.4,2.2,0.33,14.0,4.0,0.0,1.0,0.0,0.0,90.0,Ivory Coast,Sweden,False
13,Round of 16,2026-07-05 20:00:00,Morocco,Norway,1.038892149925232,1.2947288751602173,0,2,-94.1002791751157,1.2,0.4,2.5,0.9,0.0,1.2,2.5,0.33,7.0,4.0,0.0,1.0,0.0,0.0,91.0,Norway,Morocco,False
13,Round of 16,2026-07-06 00:00:00,Mexico,Panama,1.3085438013076782,0.9144881963729858,1,2,51.49200961941415,1.5,0.6,1.5,0.8,5.0,1.6,0.2,1.0,18.0,2.0,0.0,1.0,0.0,0.0,92.0,Panama,Mexico,False
13,Round of 16,2026-07-06 19:00:00,Croatia,Argentina,0.8194726705551147,1.8731287717819214,3,0,-196.82974994764436,1.6,1.0,2.5,0.3,1.0,0.0,3.0,0.0,7.0,19.0,0.0,1.0,0.0,0.0,93.0,Croatia,Argentina,False
13,Round of 16,2026-07-07 00:00:00,Belgium,Turkey,1.4479035139083862,1.3921200037002563,2,1,-34.72819054383285,2.8,1.0,2.3,0.6,0.0,2.8,2.3,0.33,15.0,3.0,0.0,1.0,0.0,0.0,94.0,Belgium,Turkey,False
13,Round of 16,2026-07-07 16:00:00,Australia,Colombia,1.0208539962768555,1.4927438497543335,0,1,-105.71025626366804,1.7,1.0,1.8,0.8,1.0,0.0,3.0,0.0,7.0,7.0,0.0,1.0,0.0,0.0,95.0,Colombia,Australia,False
13,Round of 16,2026-07-07 20:00:00,Canada,Uruguay,0.9621512293815613,1.2934874296188354,2,2,-93.74509705056971,0.8,0.4,1.3,1.3,2.0,1.0,2.0,0.0,3.0,15.0,0.0,1.0,0.0,0.0,96.0,Canada,Uruguay,True
13,Quarter-final,2026-07-09 20:00:00,Germany,Ivory Coast,1.5236940383911133,0.9301514625549316,2,2,151.97606888264386,2.6,0.6,2.2,0.8,1.0,1.0,1.0,0.0,21.0,4.0,0.0,1.0,0.0,0.0,97.0,Ivory Coast,Germany,True
13,Quarter-final,2026-07-10 19:00:00,Croatia,Belgium,1.4248404502868652,1.2701034545898438,3,2,83.03481546963599,1.9,1.0,3.0,1.1,1.0,0.0,0.0,0.0,7.0,15.0,0.0,1.0,0.0,0.0,98.0,Croatia,Belgium,False
13,Quarter-final,2026-07-11 21:00:00,Norway,Panama,1.648617148399353,0.8607594966888428,0,1,143.68641136632368,2.2,0.9,1.4,0.7,0.0,2.2,1.4,0.33,4.0,2.0,0.0,1.0,0.0,0.0,99.0,Panama,Norway,False
13,Quarter-final,2026-07-12 01:00:00,Colombia,Canada,1.40119469165802,0.7289665937423706,1,1,156.2132973473042,1.5,0.8,1.0,0.5,1.0,0.0,0.0,0.0,7.0,3.0,0.0,1.0,0.0,0.0,100.0,Canada,Colombia,True
13,Semi-final,2026-07-14 19:00:00,Ivory Coast,Croatia,1.0623096227645874,1.6901750564575195,3,1,-159.1094299191932,2.1,0.8,1.9,1.2,0.0,2.1,1.9,0.33,4.0,7.0,0.0,1.0,0.0,0.0,101.0,Ivory Coast,Croatia,False
13,Semi-final,2026-07-15 19:00:00,Panama,Canada,1.080560564994812,0.9334095120429993,1,2,21.831182353021404,1.2,0.7,1.1,0.6,2.0,0.5,2.0,0.0,2.0,3.0,0.0,1.0,0.0,0.0,102.0,Canada,Panama,False
13,Third-place playoff,2026-07-18 21:00:00,Croatia,Panama,1.333696961402893,1.0104886293411255,1,1,64.5347335082165,1.7,1.4,1.2,0.8,1.0,0.0,1.0,0.0,7.0,2.0,0.0,1.0,0.0,0.0,103.0,Croatia,Panama,True
13,Final,2026-07-19 19:00:00,Ivory Coast,Canada,1.0550916194915771,1.1676315069198608,2,3,-7.9513220682545125,2.1,0.9,1.3,0.7,1.0,0.0,0.0,0.0,4.0,3.0,0.0,1.0,0.0,0.0,104.0,Canada,Ivory Coast,False
14,Group stage,2026-06-11 00:00:00,Mexico,South Africa,2.1329286098480225,0.6023440957069397,1,1,297.64561459530705,1.1,1.0,1.5,1.1,0.0,1.1,1.5,0.33,17.0,3.0,1.0,0.0,0.0,0.0,,,,
14,Group stage,2026-06-11 00:00:00,South Korea,Czech Republic,1.656619668006897,0.9059049487113953,1,0,98.40437375226111,1.5,1.2,1.8,1.2,0.0,1.5,1.8,0.33,11.0,1.0,0.0,1.0,0.0,0.0,,,,
14,Group stage,2026-06-12 00:00:00,Canada,Bosnia and Herzegovina,2.178720712661743,0.6230993866920471,1,0,252.19701310772894,1.1,0.4,2.1,1.1,0.0,1.1,2.1,0.33,2.0,1.0,1.0,0.0,0.0,0.0,,,,
14,Group stage,2026-06-12 00:00:00,United States,Paraguay,1.3273921012878418,1.1478886604309082,2,0,-90.4406608260008,1.7,1.6,1.0,1.0,1.0,2.0,1.0,1.0,11.0,8.0,1.0,0.0,0.0,0.0,,,,
14,Group stage,2026-06-13 00:00:00,Australia,Turkey,1.306311845779419,1.4813357591629028,2,0,-47.69773714089274,1.5,0.9,2.1,1.4,0.0,1.5,2.1,0.33,6.0,2.0,0.0,1.0,0.0,0.0,,,,
14,Group stage,2026-06-13 00:00:00,Brazil,Morocco,1.3794176578521729,1.0310763120651245,2,0,71.7854817950124,1.8,0.8,1.8,0.5,1.0,1.0,2.0,0.0,22.0,6.0,0.0,1.0,0.0,0.0,,,,
14,Group stage,2026-06-13 00:00:00,Haiti,Scotland,0.8986091017723083,1.6037302017211914,1,2,-128.96035980586862,1.2,1.1,1.8,1.2,0.0,1.2,1.8,0.33,1.0,8.0,0.0,1.0,0.0,0.0,,,,
14,Group stage,2026-06-13 00:00:00,Qatar,Switzerland,0.5497463941574097,2.393497943878174,0,1,-360.84472108477416,0.9,1.9,2.5,0.8,0.0,0.9,2.5,0.33,1.0,12.0,0.0,1.0,0.0,0.0,,,,
14,Group stage,2026-06-14 00:00:00,Germany,Curaçao,2.8003809452056885,0.6807331442832947,2,2,361.1352259778141,2.3,1.1,1.6,1.3,0.0,2.3,1.6,0.33,20.0,0.0,0.0,1.0,0.0,0.0,,,,
14,Group stage,2026-06-14 00:00:00,Ivory Coast,Ecuador,0.7578378915786743,1.6096333265304565,2,1,-219.15155902699053,2.0,0.7,0.7,0.4,0.0,2.0,0.7,0.33,3.0,4.0,0.0,1.0,0.0,0.0,,,,
14,Group stage,2026-06-14 00:00:00,Netherlands,Japan,1.4094085693359375,1.0377333164215088,2,1,19.05367466640928,3.0,0.6,1.8,0.7,0.0,3.0,1.8,0.33,11.0,7.0,0.0,1.0,0.0,0.0,,,,
14,Group stage,2026-06-14 00:00:00,Sweden,Tunisia,1.4389334917068481,1.2469319105148315,1,0,22.565366858667858,1.6,1.8,1.4,1.0,0.0,1.6,1.4,0.33,13.0,6.0,0.0,1.0,0.0,0.0,,,,
14,Group stage,2026-06-15 00:00:00,Belgium,Egypt,1.4515180587768555,0.9129274487495422,2,1,99.79242592327387,3.5,1.0,1.3,0.8,1.0,1.0,2.0,0.0,14.0,3.0,0.0,1.0,0.0,0.0,,,,
14,Group stage,2026-06-15 00:00:00,Iran,New Zealand,1.6201878786087036,0.738328218460083,1,0,142.34033556219924,1.6,0.7,0.9,1.5,0.0,1.6,0.9,0.33,6.0,2.0,0.0,1.0,0.0,0.0,,,,
14,Group stage,2026-06-15 00:00:00,Saudi Arabia,Uruguay,0.7248218059539795,1.7654508352279663,1,3,-283.38107610897714,0.9,1.3,1.0,0.9,0.0,0.9,1.0,0.33,6.0,14.0,0.0,1.0,0.0,0.0,,,,
14,Group stage,2026-06-15 00:00:00,Spain,Cape Verde,3.966179609298706,0.5665221810340881,7,4,563.2850614519855,3.1,0.8,1.7,1.0,0.0,3.1,1.7,0.33,16.0,0.0,0.0,1.0,0.0,0.0,,,,
14,Group stage,2026-06-16 00:00:00,Argentina,Algeria,2.156207323074341,0.7074368596076965,2,0,323.48300707879844,2.5,0.4,2.3,0.5,0.0,2.5,2.3,0.33,18.0,4.0,0.0,1.0,0.0,0.0,,,,
14,Group stage,2026-06-16 00:00:00,Austria,Jordan,2.314819097518921,0.9839795827865601,0,3,80.9944962008201,2.8,0.5,2.0,1.5,0.0,2.8,2.0,0.33,7.0,0.0,0.0,1.0,0.0,0.0,,,,
14,Group stage,2026-06-16 00:00:00,France,Senegal,2.243558645248413,0.8569515347480774,4,0,209.2497238875883,2.7,1.1,2.5,0.6,0.0,2.7,2.5,0.33,16.0,3.0,0.0,1.0,0.0,0.0,,,,
14,Group stage,2026-06-16 00:00:00,Iraq,Norway,0.7500935196876526,1.7158862352371216,0,0,-223.33641759859006,1.1,0.7,3.1,0.6,0.0,1.1,3.1,0.33,1.0,3.0,0.0,1.0,0.0,0.0,,,,
14,Group stage,2026-06-17 00:00:00,England,Croatia,1.630310297012329,1.0758646726608276,1,0,94.46756707201507,2.2,0.5,2.9,0.8,0.0,2.2,2.9,0.33,16.0,6.0,0.0,1.0,0.0,0.0,,,,
14,Group stage,2026-06-17 00:00:00,Ghana,Panama,0.8218146562576294,1.872027039527893,0,1,-237.5714618522527,1.5,1.3,1.3,0.8,0.0,1.5,1.3,0.33,4.0,1.0,0.0,1.0,0.0,0.0,,,,
14,Group stage,2026-06-17 00:00:00,Portugal,DR Congo,2.063178300857544,0.639021098613739,0,1,275.4864091486654,2.6,1.0,1.2,0.3,0.0,2.6,1.2,0.33,8.0,1.0,0.0,1.0,0.0,0.0,,,,
14,Group stage,2026-06-17 00:00:00,Uzbekistan,Colombia,0.7373384833335876,1.79137122631073,0,0,-213.1223064060914,1.5,0.7,2.1,1.0,0.0,1.5,2.1,0.33,0.0,6.0,0.0,1.0,0.0,0.0,,,,
14,Group stage,2026-06-18 00:00:00,Canada,Qatar,2.088071823120117,0.4281400740146637,2,0,329.2118321064054,1.0,0.4,0.9,1.7,1.0,2.0,0.0,1.0,3.0,2.0,1.0,0.0,0.0,0.0,,,,
14,Group stage,2026-06-18 00:00:00,Czech Republic,South Africa,1.482462763786316,1.1218441724777222,1,2,71.39291214006926,1.6,1.3,1.5,1.1,0.0,1.6,1.5,0.33,2.0,4.0,0.0,1.0,0.0,0.0,,,,
14,Group stage,2026-06-18 00:00:00,Mexico,South Korea,1.4503753185272217,0.9390170574188232,1,0,35.446119479219306,1.0,0.9,1.4,1.2,1.0,2.0,2.0,0.0,18.0,12.0,1.0,0.0,0.0,0.0,,,,
14,Group stage,2026-06-18 00:00:00,Switzerland,Bosnia and Herzegovina,2.3324618339538574,0.6992522478103638,0,0,311.15256020962124,2.2,0.6,2.0,1.2,0.0,2.2,2.0,0.33,13.0,2.0,0.0,1.0,0.0,0.0,,,,
14,Group stage,2026-06-19 00:00:00,Brazil,Haiti,2.761026620864868,0.615915060043335,0,2,414.27862161109033,2.0,0.8,1.2,1.2,0.0,2.0,1.2,0.33,23.0,2.0,0.0,1.0,0.0,0.0,,,,
14,Group stage,2026-06-19 00:00:00,Scotland,Morocco,0.9951155185699463,1.4646412134170532,0,2,-103.16926788723208,1.9,1.0,1.5,0.5,0.0,1.9,1.5,0.33,9.0,7.0,0.0,1.0,0.0,0.0,,,,
14,Group stage,2026-06-19 00:00:00,Turkey,Paraguay,1.3635380268096924,1.130715250968933,3,0,35.952706746544436,1.9,1.5,0.8,1.2,0.0,1.9,0.8,0.33,3.0,9.0,0.0,1.0,0.0,0.0,,,,
14,Group stage,2026-06-19 00:00:00,United States,Australia,1.3241499662399292,1.1843585968017578,2,0,-93.4498834669273,1.7,1.5,1.6,0.9,1.0,2.0,1.0,1.0,12.0,7.0,1.0,0.0,0.0,0.0,,,,
14,Group stage,2026-06-20 00:00:00,Ecuador,Curaçao,2.1671247482299805,0.6380810737609863,2,1,326.96667244178843,0.8,0.6,1.7,1.4,0.0,0.8,1.7,0.33,5.0,1.0,0.0,1.0,0.0,0.0,,,,
14,Group stage,2026-06-20 00:00:00,Germany,Ivory Coast,1.7755941152572632,0.9576311111450195,0,0,113.14543659222227,2.4,1.1,1.9,0.8,0.0,2.4,1.9,0.33,21.0,4.0,0.0,1.0,0.0,0.0,,,,
14,Group stage,2026-06-20 00:00:00,Netherlands,Sweden,2.27946138381958,0.977743923664093,5,1,239.76283661348316,3.0,0.7,1.5,1.8,0.0,3.0,1.5,0.33,12.0,14.0,0.0,1.0,0.0,0.0,,,,
14,Group stage,2026-06-20 00:00:00,Tunisia,Japan,0.805319607257843,1.8080836534500122,3,2,-242.6702564949237,1.3,1.0,1.9,0.8,0.0,1.3,1.9,0.33,7.0,8.0,0.0,1.0,0.0,0.0,,,,
14,Group stage,2026-06-21 00:00:00,Belgium,Iran,1.5206336975097656,1.1566935777664185,1,2,24.435706710535896,3.6,1.0,1.5,0.7,0.0,3.6,1.5,0.33,15.0,7.0,0.0,1.0,0.0,0.0,,,,
14,Group stage,2026-06-21 00:00:00,New Zealand,Egypt,1.068148136138916,1.3803881406784058,0,2,-60.46589175764802,0.8,1.6,1.4,0.7,1.0,0.0,1.0,0.0,3.0,4.0,0.0,1.0,0.0,0.0,,,,
14,Group stage,2026-06-21 00:00:00,Spain,Saudi Arabia,3.422685146331787,0.48369017243385315,3,0,554.2423085500152,3.3,0.8,1.0,1.6,0.0,3.3,1.0,0.33,17.0,7.0,0.0,1.0,0.0,0.0,,,,
14,Group stage,2026-06-21 00:00:00,Uruguay,Cape Verde,2.3712472915649414,0.6939460635185242,1,0,329.7771420148583,1.3,0.8,1.8,1.7,0.0,1.3,1.8,0.33,15.0,1.0,0.0,1.0,0.0,0.0,,,,
14,Group stage,2026-06-22 00:00:00,Argentina,Austria,2.477749824523926,0.7459104061126709,4,0,386.31072698258913,2.3,0.3,2.6,0.7,0.0,2.3,2.6,0.33,19.0,8.0,0.0,1.0,0.0,0.0,,,,
14,Group stage,2026-06-22 00:00:00,France,Iraq,2.5830445289611816,0.47105276584625244,5,2,400.83119051233666,2.7,0.6,1.0,0.7,0.0,2.7,1.0,0.33,17.0,2.0,0.0,1.0,0.0,0.0,,,,
14,Group stage,2026-06-22 00:00:00,Jordan,Algeria,1.1725680828094482,1.2831248044967651,0,1,9.423643321851387,2.1,1.2,1.8,0.6,0.0,2.1,1.8,0.33,1.0,5.0,0.0,1.0,0.0,0.0,,,,
14,Group stage,2026-06-22 00:00:00,Norway,Senegal,1.5393508672714233,0.9978658556938171,2,2,49.64670063640256,2.8,0.6,1.7,1.0,0.0,2.8,1.7,0.33,4.0,4.0,0.0,1.0,0.0,0.0,,,,
14,Group stage,2026-06-23 00:00:00,Colombia,DR Congo,1.8394871950149536,0.6873967051506042,2,1,215.2761641797906,2.1,1.0,1.2,0.3,0.0,2.1,1.2,0.33,7.0,2.0,0.0,1.0,0.0,0.0,,,,
14,Group stage,2026-06-23 00:00:00,England,Ghana,2.7677698135375977,0.7096185684204102,1,1,491.63324414278895,2.2,0.5,1.4,1.2,0.0,2.2,1.4,0.33,17.0,5.0,0.0,1.0,0.0,0.0,,,,
14,Group stage,2026-06-23 00:00:00,Panama,Croatia,1.017938494682312,1.3832517862319946,2,3,-91.15619886876584,1.4,0.8,2.2,0.9,0.0,1.4,2.2,0.33,2.0,7.0,0.0,1.0,0.0,0.0,,,,
14,Group stage,2026-06-23 00:00:00,Portugal,Uzbekistan,1.7307695150375366,0.8520946502685547,1,0,140.93756031782618,2.4,1.0,1.3,0.5,0.0,2.4,1.3,0.33,9.0,1.0,0.0,1.0,0.0,0.0,,,,
14,Group stage,2026-06-24 00:00:00,Bosnia and Herzegovina,Qatar,1.6065809726715088,1.0105894804000854,0,1,91.49035884869363,1.9,1.0,0.7,1.7,0.0,1.9,0.7,0.33,2.0,2.0,0.0,1.0,0.0,0.0,,,,
14,Group stage,2026-06-24 00:00:00,Canada,Switzerland,1.193053960800171,0.9240984320640564,0,0,-16.554793551462808,1.1,0.3,1.8,0.6,0.0,1.1,1.8,0.33,3.0,13.0,1.0,0.0,0.0,0.0,,,,
14,Group stage,2026-06-24 00:00:00,Mexico,Czech Republic,2.0274996757507324,0.6374197602272034,5,0,232.23938085337,1.1,0.5,1.6,1.0,0.0,1.1,1.6,0.33,18.0,2.0,1.0,0.0,0.0,0.0,,,,
14,Group stage,2026-06-24 00:00:00,Morocco,Haiti,1.884545087814331,0.7031092643737793,1,1,220.43585774719645,1.5,0.5,1.3,1.0,0.0,1.5,1.3,0.33,7.0,2.0,0.0,1.0,0.0,0.0,,,,
14,Group stage,2026-06-24 00:00:00,Scotland,Brazil,0.8943703770637512,1.9596281051635742,0,2,-196.22706597323213,1.5,1.2,1.9,1.0,0.0,1.5,1.9,0.33,9.0,23.0,0.0,1.0,0.0,0.0,,,,
14,Group stage,2026-06-24 00:00:00,South Africa,South Korea,1.0055482387542725,1.6954151391983032,0,0,-158.30131159996222,1.7,1.2,1.0,1.3,0.0,1.7,1.0,0.33,4.0,12.0,0.0,1.0,0.0,0.0,,,,
14,Group stage,2026-06-25 00:00:00,Curaçao,Ivory Coast,0.765285849571228,1.9906914234161377,0,3,-218.69681608038263,1.7,1.4,1.9,0.7,0.0,1.7,1.9,0.33,1.0,4.0,0.0,1.0,0.0,0.0,,,,
14,Group stage,2026-06-25 00:00:00,Ecuador,Germany,1.2063417434692383,1.35208261013031,0,1,29.858053536391253,1.0,0.7,2.4,0.9,0.0,1.0,2.4,0.33,5.0,21.0,0.0,1.0,0.0,0.0,,,,
14,Group stage,2026-06-25 00:00:00,Japan,Sweden,1.8401378393173218,1.118254542350769,2,2,138.50477239743782,1.5,1.1,1.2,2.0,0.0,1.5,1.2,0.33,8.0,14.0,0.0,1.0,0.0,0.0,,,,
14,Group stage,2026-06-25 00:00:00,Paraguay,Australia,1.028822898864746,1.3973398208618164,0,0,-93.46845931601047,0.8,1.4,1.4,1.0,0.0,0.8,1.4,0.33,9.0,7.0,0.0,1.0,0.0,0.0,,,,
14,Group stage,2026-06-25 00:00:00,Tunisia,Netherlands,0.7447587251663208,1.9450496435165405,2,3,-292.9452250044144,1.6,1.1,2.7,0.8,0.0,1.6,2.7,0.33,7.0,12.0,0.0,1.0,0.0,0.0,,,,
14,Group stage,2026-06-25 00:00:00,United States,Turkey,1.5964677333831787,1.1910669803619385,2,1,-41.80387308130821,1.8,1.3,2.2,1.4,1.0,1.0,2.0,0.0,12.0,3.0,1.0,0.0,0.0,0.0,,,,
14,Group stage,2026-06-26 00:00:00,Cape Verde,Saudi Arabia,1.3562575578689575,1.4840646982192993,2,1,-20.60548665209103,1.7,1.7,0.9,1.9,0.0,1.7,0.9,0.33,1.0,7.0,0.0,1.0,0.0,0.0,,,,
14,Group stage,2026-06-26 00:00:00,Egypt,Iran,0.9455720782279968,1.3441336154937744,0,2,-113.44188064239893,1.4,0.6,1.5,0.6,0.0,1.4,1.5,0.33,4.0,7.0,0.0,1.0,0.0,0.0,,,,
14,Group stage,2026-06-26 00:00:00,New Zealand,Belgium,0.8690226674079895,2.1152517795562744,1,3,-208.62363490149892,0.7,1.6,3.3,0.9,0.0,0.7,3.3,0.33,3.0,15.0,0.0,1.0,0.0,0.0,,,,
14,Group stage,2026-06-26 00:00:00,Norway,France,0.9147228002548218,2.243175983428955,2,3,-225.2654347847092,2.9,0.8,3.0,0.8,0.0,2.9,3.0,0.33,4.0,17.0,0.0,1.0,0.0,0.0,,,,
14,Group stage,2026-06-26 00:00:00,Senegal,Iraq,1.661916971206665,0.8443865776062012,2,1,153.442885162101,1.6,1.2,1.1,1.2,0.0,1.6,1.1,0.33,4.0,2.0,0.0,1.0,0.0,0.0,,,,
14,Group stage,2026-06-26 00:00:00,Uruguay,Spain,0.9269752502441406,2.3092684745788574,1,4,-237.73561502975826,1.2,0.8,3.4,0.6,0.0,1.2,3.4,0.33,15.0,17.0,0.0,1.0,0.0,0.0,,,,
14,Group stage,2026-06-27 00:00:00,Algeria,Austria,1.5141534805297852,1.0347998142242432,3,0,80.42300855568283,1.7,0.6,2.2,1.1,0.0,1.7,2.2,0.33,5.0,8.0,0.0,1.0,0.0,0.0,,,,
14,Group stage,2026-06-27 00:00:00,Colombia,Portugal,1.3832629919052124,1.2316864728927612,1,1,34.410562360223366,2.2,1.0,2.3,0.8,0.0,2.2,2.3,0.33,7.0,9.0,0.0,1.0,0.0,0.0,,,,
14,Group stage,2026-06-27 00:00:00,Croatia,Ghana,2.084226131439209,0.6354907155036926,1,0,348.73712224061774,2.0,1.0,1.1,1.3,0.0,2.0,1.1,0.33,7.0,5.0,0.0,1.0,0.0,0.0,,,,
14,Group stage,2026-06-27 00:00:00,DR Congo,Uzbekistan,1.0226209163665771,1.0324511528015137,3,0,-29.962884354442394,1.2,0.5,1.3,0.6,0.0,1.2,1.3,0.33,2.0,1.0,0.0,1.0,0.0,0.0,,,,
14,Group stage,2026-06-27 00:00:00,Jordan,Argentina,0.5144108533859253,2.680964231491089,0,1,-380.0589518459785,1.9,1.0,2.6,0.3,0.0,1.9,2.6,0.33,1.0,19.0,0.0,1.0,0.0,0.0,,,,
14,Group stage,2026-06-27 00:00:00,Panama,England,0.7514103651046753,2.026700019836426,2,2,-225.34823701857385,1.5,1.0,2.2,0.3,0.0,1.5,2.2,0.33,2.0,17.0,0.0,1.0,0.0,0.0,,,,
14,Round of 32,2026-06-28 19:00:00,South Africa,Switzerland,0.8211895227432251,1.6867128610610962,2,1,-196.7898218556445,1.4,1.2,1.4,0.6,0.0,1.4,1.4,0.33,4.0,13.0,0.0,1.0,0.0,0.0,73.0,South Africa,Switzerland,False
14,Round of 32,2026-06-29 17:00:00,Brazil,Sweden,2.338045358657837,0.883482038974762,1,0,241.60594097438616,1.8,1.0,1.2,2.0,0.0,1.8,1.2,0.33,23.0,14.0,0.0,1.0,0.0,0.0,74.0,Brazil,Sweden,False
14,Round of 32,2026-06-29 20:30:00,Ivory Coast,Turkey,1.2657866477966309,1.3427188396453857,3,1,-49.692116219153604,2.0,0.7,2.0,1.4,0.0,2.0,2.0,0.33,4.0,3.0,0.0,1.0,0.0,0.0,75.0,Ivory Coast,Turkey,False
14,Round of 32,2026-06-30 01:00:00,Netherlands,Haiti,2.4963555335998535,0.7134321928024292,1,0,295.99694999860435,2.9,0.9,1.4,1.1,0.0,2.9,1.4,0.33,12.0,2.0,0.0,1.0,0.0,0.0,76.0,Netherlands,Haiti,False
14,Round of 32,2026-06-30 17:00:00,Germany,Senegal,1.6800665855407715,1.070535659790039,1,0,55.815697528866394,2.5,0.7,1.7,1.2,0.0,2.5,1.7,0.33,21.0,4.0,0.0,1.0,0.0,0.0,77.0,Germany,Senegal,False
14,Round of 32,2026-06-30 21:00:00,France,Tunisia,2.262420415878296,0.7788763642311096,1,0,426.4025098437319,3.1,1.0,1.6,1.2,1.0,0.0,1.0,0.0,17.0,7.0,0.0,1.0,0.0,0.0,78.0,France,Tunisia,False
14,Round of 32,2026-07-01 01:00:00,Mexico,Morocco,1.165412425994873,1.1110000610351562,1,1,4.653762126007223,1.5,0.4,1.5,0.5,0.0,1.5,1.5,0.33,18.0,7.0,0.0,1.0,0.0,0.0,79.0,Morocco,Mexico,True
14,Round of 32,2026-07-01 16:00:00,Croatia,Portugal,1.045581340789795,1.2399444580078125,2,1,-24.45482862129461,2.0,1.0,1.9,0.9,3.0,1.3333333333333333,1.3333333333333333,0.3333333333333333,7.0,9.0,0.0,1.0,0.0,0.0,80.0,Croatia,Portugal,False
14,Round of 32,2026-07-01 20:00:00,Iran,South Korea,1.3892099857330322,0.8881037831306458,0,1,101.90820752076547,1.7,0.5,0.8,1.3,0.0,1.7,0.8,0.33,7.0,12.0,0.0,1.0,0.0,0.0,81.0,South Korea,Iran,False
14,Round of 32,2026-07-02 00:00:00,United States,Ecuador,1.13707435131073,1.1616382598876953,1,0,-10.401930240094089,2.0,1.2,1.0,0.8,1.0,1.0,1.0,0.0,12.0,5.0,0.0,1.0,0.0,0.0,82.0,United States,Ecuador,False
14,Round of 32,2026-07-02 19:00:00,Colombia,England,1.1281654834747314,1.5815258026123047,0,3,-12.41336354042437,2.0,1.1,2.2,0.5,0.0,2.0,2.2,0.33,7.0,17.0,0.0,1.0,0.0,0.0,83.0,England,Colombia,False
14,Round of 32,2026-07-02 23:00:00,Spain,Algeria,2.1930344104766846,0.7037026882171631,2,1,336.2493807761075,3.5,0.7,1.9,0.5,0.0,3.5,1.9,0.33,17.0,5.0,0.0,1.0,0.0,0.0,84.0,Spain,Algeria,False
14,Round of 32,2026-07-03 03:00:00,Canada,Jordan,1.436015248298645,0.8922139406204224,1,0,80.65185996321134,0.8,0.3,1.7,1.0,0.0,0.8,1.7,0.33,3.0,1.0,0.0,1.0,0.0,0.0,85.0,Canada,Jordan,False
14,Round of 32,2026-07-03 18:00:00,Australia,Belgium,1.2390860319137573,1.4426003694534302,0,0,-10.806478642627326,1.3,1.0,3.0,1.0,0.0,1.3,3.0,0.33,7.0,15.0,0.0,1.0,0.0,0.0,86.0,Australia,Belgium,True
14,Round of 32,2026-07-03 22:00:00,Argentina,Uruguay,1.7616069316864014,0.9294655919075012,1,2,237.43346328253347,2.6,0.2,1.0,1.2,2.0,0.5,1.0,0.5,19.0,15.0,0.0,1.0,0.0,0.0,87.0,Uruguay,Argentina,False
14,Round of 32,2026-07-04 01:30:00,DR Congo,Panama,1.2054345607757568,1.0817450284957886,2,2,-3.5555090183727316,1.4,0.5,1.6,1.2,0.0,1.4,1.6,0.33,2.0,2.0,0.0,1.0,0.0,0.0,88.0,Panama,DR Congo,True
14,Round of 16,2026-07-04 17:00:00,South Africa,Ivory Coast,1.0019539594650269,1.4439069032669067,1,3,-149.88155924608805,1.3,1.2,2.2,0.8,1.0,1.0,1.0,0.0,4.0,4.0,0.0,1.0,0.0,0.0,89.0,Ivory Coast,South Africa,False
14,Round of 16,2026-07-04 21:00:00,Brazil,Germany,1.3089334964752197,1.587827444076538,2,1,36.553917772098885,1.9,0.9,2.3,0.6,0.0,1.9,2.3,0.33,23.0,21.0,0.0,1.0,0.0,0.0,90.0,Brazil,Germany,False
14,Round of 16,2026-07-05 20:00:00,Netherlands,France,1.0265661478042603,1.4401817321777344,2,1,-110.2150344435961,2.7,0.7,3.0,0.9,3.0,0.3333333333333333,2.0,0.0,12.0,17.0,0.0,1.0,0.0,0.0,91.0,Netherlands,France,False
14,Round of 16,2026-07-06 00:00:00,Morocco,Croatia,1.1182836294174194,1.0810637474060059,1,0,-31.644337187565498,1.3,0.6,1.8,1.1,2.0,0.5,1.0,0.0,7.0,7.0,0.0,1.0,0.0,0.0,92.0,Morocco,Croatia,False
14,Round of 16,2026-07-06 19:00:00,England,Spain,0.9502369165420532,1.720697045326233,1,2,-152.68821587023535,2.0,0.5,3.1,0.8,1.0,1.0,2.0,0.0,17.0,17.0,0.0,1.0,0.0,0.0,93.0,Spain,England,False
14,Round of 16,2026-07-07 00:00:00,South Korea,United States,1.1485074758529663,1.340251088142395,2,3,-61.43342044290989,0.7,1.1,1.9,1.2,1.0,2.0,0.0,1.0,12.0,12.0,0.0,1.0,0.0,0.0,94.0,United States,South Korea,False
14,Round of 16,2026-07-07 16:00:00,Australia,Panama,1.396068811416626,1.0628546476364136,1,1,41.627270788366786,1.0,0.9,1.7,1.3,0.0,1.0,1.7,0.33,7.0,2.0,0.0,1.0,0.0,0.0,95.0,Panama,Australia,True
14,Round of 16,2026-07-07 20:00:00,Canada,Uruguay,0.9509257078170776,1.301903247833252,0,4,-98.72897619962282,0.8,0.3,1.2,1.3,2.0,1.0,2.0,0.0,3.0,15.0,0.0,1.0,0.0,0.0,96.0,Uruguay,Canada,False
14,Quarter-final,2026-07-09 20:00:00,Ivory Coast,Brazil,1.031612753868103,1.88169264793396,2,3,-114.14855028383727,2.4,0.8,1.6,1.0,0.0,2.4,1.6,0.33,4.0,23.0,0.0,1.0,0.0,0.0,97.0,Brazil,Ivory Coast,False
14,Quarter-final,2026-07-10 19:00:00,Spain,United States,2.3395817279815674,0.9136107563972473,3,0,288.2296576882027,3.1,0.9,2.1,1.3,0.0,3.1,2.1,0.33,17.0,12.0,0.0,1.0,0.0,0.0,98.0,Spain,United States,False
14,Quarter-final,2026-07-11 21:00:00,Netherlands,Morocco,1.607029676437378,0.9994248747825623,2,1,94.54885867986923,2.5,0.8,1.3,0.6,0.0,2.5,1.3,0.33,12.0,7.0,0.0,1.0,0.0,0.0,99.0,Netherlands,Morocco,False
14,Quarter-final,2026-07-12 01:00:00,Panama,Uruguay,0.9862924814224243,1.7017238140106201,0,3,-131.73745517201223,1.5,1.2,1.5,1.3,1.0,1.0,3.0,0.0,2.0,15.0,0.0,1.0,0.0,0.0,100.0,Uruguay,Panama,False
14,Semi-final,2026-07-14 19:00:00,Brazil,Spain,1.1253993511199951,2.1252574920654297,0,2,-205.86226980888887,1.7,0.9,3.0,0.9,1.0,3.0,3.0,0.0,23.0,17.0,0.0,1.0,0.0,0.0,101.0,Spain,Brazil,False
14,Semi-final,2026-07-15 19:00:00,Netherlands,Uruguay,1.5074751377105713,1.3567510843276978,1,4,47.01465787239886,2.3,0.9,1.6,1.2,0.0,2.3,1.6,0.33,12.0,15.0,0.0,1.0,0.0,0.0,102.0,Uruguay,Netherlands,False
14,Third-place playoff,2026-07-18 21:00:00,Brazil,Netherlands,1.3440476655960083,1.3832894563674927,1,2,-14.084368269970355,1.5,1.1,2.3,1.2,0.0,1.5,2.3,0.33,23.0,12.0,0.0,1.0,0.0,0.0,103.0,Netherlands,Brazil,False
14,Final,2026-07-19 19:00:00,Spain,Uruguay,1.8861029148101807,1.2731155157089233,0,0,161.81669753744723,2.8,0.9,2.0,1.3,1.0,4.0,1.0,1.0,17.0,15.0,0.0,1.0,0.0,0.0,104.0,Spain,Uruguay,True
15,Group stage,2026-06-11 00:00:00,Mexico,South Africa,2.1329286098480225,0.6023440957069397,3,2,297.64561459530705,1.1,1.0,1.5,1.1,0.0,1.1,1.5,0.33,17.0,3.0,1.0,0.0,0.0,0.0,,,,
15,Group stage,2026-06-11 00:00:00,South Korea,Czech Republic,1.656619668006897,0.9059049487113953,5,2,98.40437375226111,1.5,1.2,1.8,1.2,0.0,1.5,1.8,0.33,11.0,1.0,0.0,1.0,0.0,0.0,,,,
15,Group stage,2026-06-12 00:00:00,Canada,Bosnia and Herzegovina,2.178720712661743,0.6230993866920471,0,0,252.19701310772894,1.1,0.4,2.1,1.1,0.0,1.1,2.1,0.33,2.0,1.0,1.0,0.0,0.0,0.0,,,,
15,Group stage,2026-06-12 00:00:00,United States,Paraguay,1.3273921012878418,1.1478886604309082,1,1,-90.4406608260008,1.7,1.6,1.0,1.0,1.0,2.0,1.0,1.0,11.0,8.0,1.0,0.0,0.0,0.0,,,,
15,Group stage,2026-06-13 00:00:00,Australia,Turkey,1.306311845779419,1.4813357591629028,1,2,-47.69773714089274,1.5,0.9,2.1,1.4,0.0,1.5,2.1,0.33,6.0,2.0,0.0,1.0,0.0,0.0,,,,
15,Group stage,2026-06-13 00:00:00,Brazil,Morocco,1.3794176578521729,1.0310763120651245,0,3,71.7854817950124,1.8,0.8,1.8,0.5,1.0,1.0,2.0,0.0,22.0,6.0,0.0,1.0,0.0,0.0,,,,
15,Group stage,2026-06-13 00:00:00,Haiti,Scotland,0.8986091017723083,1.6037302017211914,1,2,-128.96035980586862,1.2,1.1,1.8,1.2,0.0,1.2,1.8,0.33,1.0,8.0,0.0,1.0,0.0,0.0,,,,
15,Group stage,2026-06-13 00:00:00,Qatar,Switzerland,0.5497463941574097,2.393497943878174,1,0,-360.84472108477416,0.9,1.9,2.5,0.8,0.0,0.9,2.5,0.33,1.0,12.0,0.0,1.0,0.0,0.0,,,,
15,Group stage,2026-06-14 00:00:00,Germany,Curaçao,2.8003809452056885,0.6807331442832947,1,0,361.1352259778141,2.3,1.1,1.6,1.3,0.0,2.3,1.6,0.33,20.0,0.0,0.0,1.0,0.0,0.0,,,,
15,Group stage,2026-06-14 00:00:00,Ivory Coast,Ecuador,0.7578378915786743,1.6096333265304565,0,1,-219.15155902699053,2.0,0.7,0.7,0.4,0.0,2.0,0.7,0.33,3.0,4.0,0.0,1.0,0.0,0.0,,,,
15,Group stage,2026-06-14 00:00:00,Netherlands,Japan,1.4094085693359375,1.0377333164215088,4,0,19.05367466640928,3.0,0.6,1.8,0.7,0.0,3.0,1.8,0.33,11.0,7.0,0.0,1.0,0.0,0.0,,,,
15,Group stage,2026-06-14 00:00:00,Sweden,Tunisia,1.4389334917068481,1.2469319105148315,0,3,22.565366858667858,1.6,1.8,1.4,1.0,0.0,1.6,1.4,0.33,13.0,6.0,0.0,1.0,0.0,0.0,,,,
15,Group stage,2026-06-15 00:00:00,Belgium,Egypt,1.4515180587768555,0.9129274487495422,1,1,99.79242592327387,3.5,1.0,1.3,0.8,1.0,1.0,2.0,0.0,14.0,3.0,0.0,1.0,0.0,0.0,,,,
15,Group stage,2026-06-15 00:00:00,Iran,New Zealand,1.6201878786087036,0.738328218460083,1,0,142.34033556219924,1.6,0.7,0.9,1.5,0.0,1.6,0.9,0.33,6.0,2.0,0.0,1.0,0.0,0.0,,,,
15,Group stage,2026-06-15 00:00:00,Saudi Arabia,Uruguay,0.7248218059539795,1.7654508352279663,0,1,-283.38107610897714,0.9,1.3,1.0,0.9,0.0,0.9,1.0,0.33,6.0,14.0,0.0,1.0,0.0,0.0,,,,
15,Group stage,2026-06-15 00:00:00,Spain,Cape Verde,3.966179609298706,0.5665221810340881,3,0,563.2850614519855,3.1,0.8,1.7,1.0,0.0,3.1,1.7,0.33,16.0,0.0,0.0,1.0,0.0,0.0,,,,
15,Group stage,2026-06-16 00:00:00,Argentina,Algeria,2.156207323074341,0.7074368596076965,0,0,323.48300707879844,2.5,0.4,2.3,0.5,0.0,2.5,2.3,0.33,18.0,4.0,0.0,1.0,0.0,0.0,,,,
15,Group stage,2026-06-16 00:00:00,Austria,Jordan,2.314819097518921,0.9839795827865601,6,0,80.9944962008201,2.8,0.5,2.0,1.5,0.0,2.8,2.0,0.33,7.0,0.0,0.0,1.0,0.0,0.0,,,,
15,Group stage,2026-06-16 00:00:00,France,Senegal,2.243558645248413,0.8569515347480774,3,1,209.2497238875883,2.7,1.1,2.5,0.6,0.0,2.7,2.5,0.33,16.0,3.0,0.0,1.0,0.0,0.0,,,,
15,Group stage,2026-06-16 00:00:00,Iraq,Norway,0.7500935196876526,1.7158862352371216,4,3,-223.33641759859006,1.1,0.7,3.1,0.6,0.0,1.1,3.1,0.33,1.0,3.0,0.0,1.0,0.0,0.0,,,,
15,Group stage,2026-06-17 00:00:00,England,Croatia,1.630310297012329,1.0758646726608276,0,0,94.46756707201507,2.2,0.5,2.9,0.8,0.0,2.2,2.9,0.33,16.0,6.0,0.0,1.0,0.0,0.0,,,,
15,Group stage,2026-06-17 00:00:00,Ghana,Panama,0.8218146562576294,1.872027039527893,1,3,-237.5714618522527,1.5,1.3,1.3,0.8,0.0,1.5,1.3,0.33,4.0,1.0,0.0,1.0,0.0,0.0,,,,
15,Group stage,2026-06-17 00:00:00,Portugal,DR Congo,2.063178300857544,0.639021098613739,2,0,275.4864091486654,2.6,1.0,1.2,0.3,0.0,2.6,1.2,0.33,8.0,1.0,0.0,1.0,0.0,0.0,,,,
15,Group stage,2026-06-17 00:00:00,Uzbekistan,Colombia,0.7373384833335876,1.79137122631073,0,1,-213.1223064060914,1.5,0.7,2.1,1.0,0.0,1.5,2.1,0.33,0.0,6.0,0.0,1.0,0.0,0.0,,,,
15,Group stage,2026-06-18 00:00:00,Canada,Qatar,1.9637309312820435,0.570898175239563,0,0,239.21183210640538,0.9,0.4,1.0,1.6,1.0,2.0,0.0,1.0,3.0,2.0,1.0,0.0,0.0,0.0,,,,
15,Group stage,2026-06-18 00:00:00,Czech Republic,South Africa,1.5826561450958252,1.2115833759307861,0,2,85.10049089078416,1.8,1.7,1.6,1.3,0.0,1.8,1.6,0.33,2.0,4.0,0.0,1.0,0.0,0.0,,,,
15,Group stage,2026-06-18 00:00:00,Mexico,South Korea,1.5026352405548096,0.9996530413627625,0,3,49.15369822993421,1.2,1.0,1.8,1.4,1.0,2.0,2.0,0.0,18.0,12.0,1.0,0.0,0.0,0.0,,,,
15,Group stage,2026-06-18 00:00:00,Switzerland,Bosnia and Herzegovina,2.121507406234741,0.7832953333854675,4,1,221.15256020962124,2.1,0.7,2.0,1.1,0.0,2.1,2.0,0.33,13.0,2.0,0.0,1.0,0.0,0.0,,,,
15,Group stage,2026-06-19 00:00:00,Brazil,Haiti,2.339338541030884,0.6480190753936768,0,2,315.2506882094183,1.8,1.1,1.2,1.2,0.0,1.8,1.2,0.33,23.0,2.0,0.0,1.0,0.0,0.0,,,,
15,Group stage,2026-06-19 00:00:00,Scotland,Morocco,0.8408780694007874,1.622544527053833,1,2,-202.19720128890413,1.9,1.0,1.8,0.3,0.0,1.9,1.8,0.33,9.0,7.0,0.0,1.0,0.0,0.0,,,,
15,Group stage,2026-06-19 00:00:00,Turkey,Paraguay,1.525843858718872,1.0953317880630493,2,1,68.41174891909031,2.1,1.4,0.9,1.1,0.0,2.1,0.9,0.33,3.0,9.0,0.0,1.0,0.0,0.0,,,,
15,Group stage,2026-06-19 00:00:00,United States,Australia,1.4478901624679565,1.1599645614624023,1,0,-60.990841294381426,1.6,1.6,1.5,1.1,1.0,2.0,1.0,1.0,12.0,7.0,1.0,0.0,0.0,0.0,,,,
15,Group stage,2026-06-20 00:00:00,Ecuador,Curaçao,2.4521894454956055,0.5749546885490417,2,1,416.96667244178843,0.8,0.4,1.5,1.3,0.0,0.8,1.5,0.33,5.0,1.0,0.0,1.0,0.0,0.0,,,,
15,Group stage,2026-06-20 00:00:00,Germany,Ivory Coast,2.0273492336273193,0.8136948943138123,0,2,203.14543659222227,2.3,0.9,1.7,0.8,0.0,2.3,1.7,0.33,21.0,4.0,0.0,1.0,0.0,0.0,,,,
15,Group stage,2026-06-20 00:00:00,Netherlands,Sweden,2.7147958278656006,0.9065873622894287,7,3,348.5339913360622,3.2,0.6,1.4,2.1,0.0,3.2,1.4,0.33,12.0,14.0,0.0,1.0,0.0,0.0,,,,
15,Group stage,2026-06-20 00:00:00,Tunisia,Japan,1.000909447669983,1.5476831197738647,0,2,-133.8991017723447,1.6,0.9,1.8,1.0,0.0,1.6,1.8,0.33,7.0,8.0,0.0,1.0,0.0,0.0,,,,
15,Group stage,2026-06-21 00:00:00,Belgium,Iran,1.3428148031234741,1.266203761100769,3,0,-5.5642932894641035,3.5,1.0,1.5,0.7,0.0,3.5,1.5,0.33,15.0,7.0,0.0,1.0,0.0,0.0,,,,
15,Group stage,2026-06-21 00:00:00,New Zealand,Egypt,1.0108411312103271,1.3822163343429565,1,2,-90.46589175764802,0.8,1.6,1.4,0.6,1.0,0.0,1.0,0.0,3.0,4.0,0.0,1.0,0.0,0.0,,,,
15,Group stage,2026-06-21 00:00:00,Spain,Saudi Arabia,3.0343856811523438,0.4673179090023041,2,0,549.3326254945928,2.9,0.4,0.9,1.4,0.0,2.9,0.9,0.33,17.0,7.0,0.0,1.0,0.0,0.0,,,,
15,Group stage,2026-06-21 00:00:00,Uruguay,Cape Verde,2.193833827972412,0.6695301532745361,3,0,324.8674589594359,1.1,0.7,1.4,1.3,0.0,1.1,1.4,0.33,15.0,1.0,0.0,1.0,0.0,0.0,,,,
15,Group stage,2026-06-22 00:00:00,Argentina,Austria,2.0883071422576904,0.8153572678565979,2,0,238.6031471172446,2.1,0.3,3.2,0.4,0.0,2.1,3.2,0.33,19.0,8.0,0.0,1.0,0.0,0.0,,,,
15,Group stage,2026-06-22 00:00:00,France,Iraq,2.459794282913208,0.6384613513946533,1,0,365.6411408625281,2.6,0.7,1.4,1.0,0.0,2.6,1.4,0.33,17.0,2.0,0.0,1.0,0.0,0.0,,,,
15,Group stage,2026-06-22 00:00:00,Jordan,Algeria,0.9624674916267395,1.884948492050171,1,1,-138.28393654349316,1.8,1.8,1.8,0.4,0.0,1.8,1.8,0.33,1.0,5.0,0.0,1.0,0.0,0.0,,,,
15,Group stage,2026-06-22 00:00:00,Norway,Senegal,1.4014232158660889,1.203364610671997,3,3,14.456650986594013,3.1,1.0,1.8,0.9,0.0,3.1,1.8,0.33,4.0,4.0,0.0,1.0,0.0,0.0,,,,
15,Group stage,2026-06-23 00:00:00,Colombia,DR Congo,2.012890577316284,0.6260747909545898,1,2,310.3753177041035,2.2,1.0,1.1,0.5,0.0,2.2,1.1,0.33,7.0,2.0,0.0,1.0,0.0,0.0,,,,
15,Group stage,2026-06-23 00:00:00,England,Ghana,2.59574556350708,0.7113896608352661,1,0,467.72361999173404,2.1,0.5,1.5,1.4,0.0,2.1,1.5,0.33,17.0,5.0,0.0,1.0,0.0,0.0,,,,
15,Group stage,2026-06-23 00:00:00,Panama,Croatia,1.0037145614624023,1.5502814054489136,1,4,-115.06582301982075,1.6,0.9,2.2,0.8,0.0,1.6,2.2,0.33,2.0,7.0,0.0,1.0,0.0,0.0,,,,
15,Group stage,2026-06-23 00:00:00,Portugal,Uzbekistan,2.075049638748169,0.7716727256774902,3,0,236.03671384213908,2.6,0.9,1.3,0.6,0.0,2.6,1.3,0.33,9.0,1.0,0.0,1.0,0.0,0.0,,,,
15,Group stage,2026-06-24 00:00:00,Bosnia and Herzegovina,Qatar,1.2690106630325317,1.2912695407867432,0,1,-12.459094286655954,2.0,1.3,0.8,1.4,0.0,2.0,0.8,0.33,2.0,2.0,0.0,1.0,0.0,0.0,,,,
15,Group stage,2026-06-24 00:00:00,Canada,Switzerland,1.1570193767547607,0.99172443151474,1,0,-60.504246686812394,0.8,0.3,2.1,0.8,0.0,0.8,2.1,0.33,3.0,13.0,1.0,0.0,0.0,0.0,,,,
15,Group stage,2026-06-24 00:00:00,Mexico,Czech Republic,2.073720932006836,0.695564866065979,1,1,205.6477621496549,1.2,0.9,1.7,1.4,0.0,1.2,1.7,0.33,18.0,2.0,1.0,0.0,0.0,0.0,,,,
15,Group stage,2026-06-24 00:00:00,Morocco,Haiti,2.073296546936035,0.6299293637275696,1,0,306.73947477777324,1.8,0.4,1.3,1.0,0.0,1.8,1.3,0.33,7.0,2.0,0.0,1.0,0.0,0.0,,,,
15,Group stage,2026-06-24 00:00:00,Scotland,Brazil,1.0676900148391724,1.7343608140945435,2,3,-84.47481620046483,1.6,1.2,1.7,1.3,0.0,1.6,1.7,0.33,9.0,23.0,0.0,1.0,0.0,0.0,,,,
15,Group stage,2026-06-24 00:00:00,South Africa,South Korea,0.7825431823730469,2.007277488708496,0,5,-277.4777728022475,1.8,1.3,1.7,1.4,0.0,1.8,1.7,0.33,4.0,12.0,0.0,1.0,0.0,0.0,,,,
15,Group stage,2026-06-25 00:00:00,Curaçao,Ivory Coast,0.7313477396965027,2.0260441303253174,1,4,-244.9924780962931,1.5,1.3,1.9,0.7,0.0,1.5,1.9,0.33,1.0,4.0,0.0,1.0,0.0,0.0,,,,
15,Group stage,2026-06-25 00:00:00,Ecuador,Germany,1.337843894958496,1.231484293937683,0,2,116.15371555230172,1.0,0.5,2.3,0.9,0.0,1.0,2.3,0.33,5.0,21.0,0.0,1.0,0.0,0.0,,,,
15,Group stage,2026-06-25 00:00:00,Japan,Sweden,2.310260772705078,1.0073950290679932,0,3,264.9473968510108,1.4,1.0,1.3,2.5,0.0,1.4,1.3,0.33,8.0,14.0,0.0,1.0,0.0,0.0,,,,
15,Group stage,2026-06-25 00:00:00,Paraguay,Australia,1.2836294174194336,1.0738203525543213,1,0,33.577971800640626,1.0,1.2,1.3,1.1,0.0,1.0,1.3,0.33,9.0,7.0,0.0,1.0,0.0,0.0,,,,
15,Group stage,2026-06-25 00:00:00,Tunisia,Netherlands,0.779761791229248,2.0376639366149902,2,2,-301.0930129814567,1.6,1.0,3.1,0.9,0.0,1.6,3.1,0.33,7.0,12.0,0.0,1.0,0.0,0.0,,,,
15,Group stage,2026-06-25 00:00:00,United States,Turkey,1.4010173082351685,1.3772400617599487,0,2,-158.0251033651889,1.6,1.4,2.3,1.4,1.0,1.0,2.0,0.0,12.0,3.0,1.0,0.0,0.0,0.0,,,,
15,Group stage,2026-06-26 00:00:00,Cape Verde,Saudi Arabia,1.2045727968215942,1.4539231061935425,2,1,-32.21332207761134,1.3,1.5,0.8,1.6,0.0,1.3,0.8,0.33,1.0,7.0,0.0,1.0,0.0,0.0,,,,
15,Group stage,2026-06-26 00:00:00,Egypt,Iran,1.054724097251892,1.0898455381393433,0,0,-12.880803266163639,1.4,0.6,1.3,0.8,0.0,1.4,1.3,0.33,4.0,7.0,0.0,1.0,0.0,0.0,,,,
15,Group stage,2026-06-26 00:00:00,New Zealand,Belgium,0.8339651226997375,2.204671859741211,3,1,-249.1847122777342,0.8,1.6,3.4,0.7,0.0,0.8,3.4,0.33,3.0,15.0,0.0,1.0,0.0,0.0,,,,
15,Group stage,2026-06-26 00:00:00,Norway,France,0.9892948865890503,2.3296902179718018,0,2,-244.07890977038505,3.3,1.3,2.5,0.7,0.0,3.3,2.5,0.33,4.0,17.0,0.0,1.0,0.0,0.0,,,,
15,Group stage,2026-06-26 00:00:00,Senegal,Iraq,1.5651389360427856,0.8852828741073608,3,2,122.63645944739392,1.8,1.2,1.3,1.1,0.0,1.8,1.3,0.33,4.0,2.0,0.0,1.0,0.0,0.0,,,,
15,Group stage,2026-06-26 00:00:00,Uruguay,Spain,0.8517042398452759,1.986746907234192,2,2,-235.9471457150828,1.2,0.7,2.9,0.2,0.0,1.2,2.9,0.33,15.0,17.0,0.0,1.0,0.0,0.0,,,,
15,Group stage,2026-06-27 00:00:00,Algeria,Austria,1.1264325380325317,1.2717453241348267,1,1,-34.17725716849441,1.7,0.5,2.8,0.6,0.0,1.7,2.8,0.33,5.0,8.0,0.0,1.0,0.0,0.0,,,,
15,Group stage,2026-06-27 00:00:00,Colombia,Portugal,1.1997015476226807,1.5192127227783203,0,2,-68.5638803205211,2.2,1.1,2.7,0.7,0.0,2.2,2.7,0.33,7.0,9.0,0.0,1.0,0.0,0.0,,,,
15,Group stage,2026-06-27 00:00:00,Croatia,Ghana,2.5472421646118164,0.6037650108337402,3,0,428.70654829469186,2.1,0.8,1.1,1.5,0.0,2.1,1.1,0.33,7.0,5.0,0.0,1.0,0.0,0.0,,,,
15,Group stage,2026-06-27 00:00:00,DR Congo,Uzbekistan,1.0830023288726807,1.048917531967163,0,0,2.8132512776762724,1.2,0.6,1.3,0.9,0.0,1.2,1.3,0.33,2.0,1.0,0.0,1.0,0.0,0.0,,,,
15,Group stage,2026-06-27 00:00:00,Jordan,Argentina,0.462220698595047,2.9145097732543945,0,5,-424.73907937344393,1.7,1.6,2.2,0.3,0.0,1.7,2.2,0.33,1.0,19.0,0.0,1.0,0.0,0.0,,,,
15,Group stage,2026-06-27 00:00:00,Panama,England,0.7109374403953552,2.056178569793701,0,2,-233.1369113747578,1.6,1.2,2.1,0.2,0.0,1.6,2.1,0.33,2.0,17.0,0.0,1.0,0.0,0.0,,,,
15,Round of 32,2026-06-28 19:00:00,Mexico,Canada,1.07768976688385,0.853289008140564,1,0,-5.332996479804024,1.2,0.9,0.6,0.3,2.0,1.0,0.0,0.5,18.0,3.0,0.0,1.0,0.0,0.0,73.0,Mexico,Canada,False
15,Round of 32,2026-06-29 17:00:00,Morocco,Tunisia,1.7680864334106445,0.7149083018302917,2,0,271.59946897227746,1.8,0.3,1.6,1.0,1.0,2.0,0.0,1.0,7.0,7.0,0.0,1.0,0.0,0.0,74.0,Morocco,Tunisia,False
15,Round of 32,2026-06-29 20:30:00,Ivory Coast,Scotland,1.5010422468185425,1.1236019134521484,0,0,66.49081534625452,2.1,0.8,1.8,1.5,1.0,1.0,0.0,1.0,4.0,9.0,0.0,1.0,0.0,0.0,75.0,Ivory Coast,Scotland,True
15,Round of 32,2026-06-30 01:00:00,Netherlands,Haiti,2.406002998352051,0.7241747379302979,4,0,311.7828278740585,3.2,1.0,1.3,1.1,0.0,3.2,1.3,0.33,12.0,2.0,0.0,1.0,0.0,0.0,76.0,Netherlands,Haiti,False
15,Round of 32,2026-06-30 17:00:00,Germany,Senegal,1.616351842880249,1.1282583475112915,1,3,49.05725769746323,2.5,0.7,2.0,1.3,0.0,2.5,2.0,0.33,21.0,4.0,0.0,1.0,0.0,0.0,77.0,Senegal,Germany,False
15,Round of 32,2026-06-30 21:00:00,France,United States,2.2509095668792725,0.8852345943450928,1,0,372.94230944202764,2.5,0.7,1.6,1.4,0.0,2.5,1.6,0.33,17.0,12.0,0.0,1.0,0.0,0.0,78.0,France,United States,False
15,Round of 32,2026-07-01 01:00:00,South Korea,Ecuador,1.3782929182052612,1.0901312828063965,3,3,32.28507872532873,2.0,1.4,1.0,0.7,0.0,2.0,1.0,0.33,12.0,5.0,0.0,1.0,0.0,0.0,79.0,South Korea,Ecuador,True
15,Round of 32,2026-07-01 16:00:00,Croatia,Colombia,1.498145341873169,1.1202348470687866,0,2,59.711592913147115,2.3,0.8,1.9,1.3,1.0,2.0,1.0,1.0,7.0,7.0,0.0,1.0,0.0,0.0,80.0,Colombia,Croatia,False
15,Round of 32,2026-07-01 20:00:00,Egypt,Algeria,1.070680022239685,1.108102798461914,1,1,-31.91776588770449,1.3,0.6,1.7,0.5,1.0,1.0,1.0,0.0,4.0,5.0,0.0,1.0,0.0,0.0,81.0,Egypt,Algeria,True
15,Round of 32,2026-07-02 00:00:00,Turkey,Switzerland,1.5928484201431274,1.0229748487472534,2,0,162.75862950577675,2.2,1.2,1.7,0.9,0.0,2.2,1.7,0.33,3.0,13.0,0.0,1.0,0.0,0.0,82.0,Turkey,Switzerland,False
15,Round of 32,2026-07-02 19:00:00,DR Congo,England,0.5883244872093201,1.858453631401062,0,1,-288.38275955616746,1.1,0.6,2.1,0.2,0.0,1.1,2.1,0.33,2.0,17.0,0.0,1.0,0.0,0.0,83.0,England,DR Congo,False
15,Round of 32,2026-07-02 23:00:00,Spain,Austria,2.248058557510376,0.7490523457527161,4,0,314.17744267196804,2.8,0.4,2.8,0.7,0.0,2.8,2.8,0.33,17.0,8.0,0.0,1.0,0.0,0.0,84.0,Spain,Austria,False
15,Round of 32,2026-07-03 03:00:00,Qatar,Iran,0.8377413153648376,1.424088478088379,2,1,-168.84392359165122,0.7,1.2,1.3,0.7,3.0,1.6666666666666667,2.0,0.6666666666666666,2.0,7.0,0.0,1.0,0.0,0.0,85.0,Qatar,Iran,False
15,Round of 32,2026-07-03 18:00:00,Paraguay,Belgium,1.374695062637329,1.3108032941818237,2,3,36.27580787995703,1.1,1.2,2.9,1.0,0.0,1.1,2.9,0.33,9.0,15.0,0.0,1.0,0.0,0.0,86.0,Belgium,Paraguay,False
15,Round of 32,2026-07-03 22:00:00,Argentina,Uruguay,1.5621305704116821,1.0152838230133057,2,2,173.8042615803588,2.6,0.2,1.1,0.9,2.0,0.5,1.0,0.5,19.0,15.0,0.0,1.0,0.0,0.0,87.0,Argentina,Uruguay,True
15,Round of 32,2026-07-04 01:30:00,Portugal,Iraq,2.414290428161621,0.6743423938751221,2,0,351.404768968134,2.4,0.7,1.5,1.4,0.0,2.4,1.5,0.33,9.0,2.0,0.0,1.0,0.0,0.0,88.0,Portugal,Iraq,False
15,Round of 16,2026-07-04 17:00:00,Mexico,Ivory Coast,1.1720095872879028,1.190794587135315,0,0,0.527579175144183,1.3,0.9,2.0,0.8,0.0,1.3,2.0,0.33,18.0,4.0,0.0,1.0,0.0,0.0,89.0,Ivory Coast,Mexico,True
15,Round of 16,2026-07-04 21:00:00,Morocco,Senegal,1.6257704496383667,0.9047275185585022,1,1,104.49333650413905,1.7,0.3,2.0,1.4,1.0,3.0,0.0,1.0,7.0,4.0,0.0,1.0,0.0,0.0,90.0,Senegal,Morocco,True
15,Round of 16,2026-07-05 20:00:00,Netherlands,France,1.051221251487732,1.4722983837127686,4,0,-116.45390730866461,3.3,0.8,2.4,0.6,3.0,0.3333333333333333,2.0,0.0,12.0,17.0,0.0,1.0,0.0,0.0,91.0,Netherlands,France,False
15,Round of 16,2026-07-06 00:00:00,South Korea,Colombia,1.381917953491211,1.3709906339645386,1,1,4.963211085866078,2.1,1.5,1.5,1.0,1.0,2.0,2.0,0.0,12.0,7.0,0.0,1.0,0.0,0.0,92.0,Colombia,South Korea,True
15,Round of 16,2026-07-06 19:00:00,England,Spain,0.9376198053359985,1.424841284751892,3,0,-126.24855569558804,1.7,0.2,2.6,0.4,1.0,1.0,2.0,0.0,17.0,17.0,0.0,1.0,0.0,0.0,93.0,England,Spain,False
15,Round of 16,2026-07-07 00:00:00,Egypt,Turkey,0.9301808476448059,1.5597175359725952,2,2,-196.25976266123303,1.4,0.7,2.4,0.6,0.0,1.4,2.4,0.33,4.0,3.0,0.0,1.0,0.0,0.0,94.0,Egypt,Turkey,True
15,Round of 16,2026-07-07 16:00:00,Belgium,Portugal,1.0592697858810425,1.9089081287384033,1,4,-215.83732415627514,2.6,1.2,2.3,0.5,0.0,2.6,2.3,0.33,15.0,9.0,0.0,1.0,0.0,0.0,95.0,Portugal,Belgium,False
15,Round of 16,2026-07-07 20:00:00,Qatar,Argentina,0.5218325853347778,3.192883253097534,1,1,-478.4895374587584,0.8,0.9,2.5,0.4,0.0,0.8,2.5,0.33,2.0,19.0,0.0,1.0,0.0,0.0,96.0,Argentina,Qatar,True
15,Quarter-final,2026-07-09 20:00:00,Ivory Coast,Senegal,1.1205438375473022,1.2827696800231934,1,0,-91.34841514589061,1.9,0.7,1.8,1.4,1.0,1.0,1.0,0.0,4.0,4.0,0.0,1.0,0.0,0.0,97.0,Ivory Coast,Senegal,False
15,Quarter-final,2026-07-10 19:00:00,England,Egypt,1.7687231302261353,0.7274962663650513,1,1,256.66571602424483,1.7,0.2,1.3,0.8,0.0,1.7,1.3,0.33,17.0,4.0,0.0,1.0,0.0,0.0,98.0,Egypt,England,True
15,Quarter-final,2026-07-11 21:00:00,Netherlands,Colombia,1.7097837924957275,0.988844096660614,1,1,87.02838123899028,3.3,0.8,1.2,1.1,0.0,3.3,1.2,0.33,12.0,7.0,0.0,1.0,0.0,0.0,99.0,Colombia,Netherlands,True
15,Quarter-final,2026-07-12 01:00:00,Portugal,Argentina,1.1583268642425537,1.657822608947754,0,3,-54.74133061670409,2.6,0.6,2.6,0.4,0.0,2.6,2.6,0.33,9.0,19.0,0.0,1.0,0.0,0.0,100.0,Argentina,Portugal,False
15,Semi-final,2026-07-14 19:00:00,Ivory Coast,Egypt,1.0821245908737183,1.0516231060028076,2,1,-0.9747643262933252,1.7,0.5,1.1,0.7,1.0,2.0,3.0,0.0,4.0,4.0,0.0,1.0,0.0,0.0,101.0,Ivory Coast,Egypt,False
15,Semi-final,2026-07-15 19:00:00,Colombia,Argentina,0.9297234416007996,1.4798232316970825,0,0,-153.6539896771651,1.3,1.2,2.8,0.4,3.0,1.0,1.0,0.3333333333333333,7.0,19.0,0.0,1.0,0.0,0.0,102.0,Colombia,Argentina,True
15,Third-place playoff,2026-07-18 21:00:00,Egypt,Argentina,0.7167991995811462,2.0324759483337402,3,3,-272.39102894357893,1.2,0.8,2.2,0.4,0.0,1.2,2.2,0.33,4.0,19.0,0.0,1.0,0.0,0.0,103.0,Argentina,Egypt,True
15,Final,2026-07-19 19:00:00,Ivory Coast,Colombia,0.9666838049888611,1.4095618724822998,0,2,-144.47401776925176,1.6,0.6,1.1,1.1,0.0,1.6,1.1,0.33,4.0,7.0,0.0,1.0,0.0,0.0,104.0,Colombia,Ivory Coast,False
16,Group stage,2026-06-11 00:00:00,Mexico,South Africa,2.1329286098480225,0.6023440957069397,5,1,297.64561459530705,1.1,1.0,1.5,1.1,0.0,1.1,1.5,0.33,17.0,3.0,1.0,0.0,0.0,0.0,,,,
16,Group stage,2026-06-11 00:00:00,South Korea,Czech Republic,1.656619668006897,0.9059049487113953,1,2,98.40437375226111,1.5,1.2,1.8,1.2,0.0,1.5,1.8,0.33,11.0,1.0,0.0,1.0,0.0,0.0,,,,
16,Group stage,2026-06-12 00:00:00,Canada,Bosnia and Herzegovina,2.178720712661743,0.6230993866920471,3,0,252.19701310772894,1.1,0.4,2.1,1.1,0.0,1.1,2.1,0.33,2.0,1.0,1.0,0.0,0.0,0.0,,,,
16,Group stage,2026-06-12 00:00:00,United States,Paraguay,1.3273921012878418,1.1478886604309082,1,0,-90.4406608260008,1.7,1.6,1.0,1.0,1.0,2.0,1.0,1.0,11.0,8.0,1.0,0.0,0.0,0.0,,,,
16,Group stage,2026-06-13 00:00:00,Australia,Turkey,1.306311845779419,1.4813357591629028,0,1,-47.69773714089274,1.5,0.9,2.1,1.4,0.0,1.5,2.1,0.33,6.0,2.0,0.0,1.0,0.0,0.0,,,,
16,Group stage,2026-06-13 00:00:00,Brazil,Morocco,1.3794176578521729,1.0310763120651245,2,0,71.7854817950124,1.8,0.8,1.8,0.5,1.0,1.0,2.0,0.0,22.0,6.0,0.0,1.0,0.0,0.0,,,,
16,Group stage,2026-06-13 00:00:00,Haiti,Scotland,0.8986091017723083,1.6037302017211914,0,1,-128.96035980586862,1.2,1.1,1.8,1.2,0.0,1.2,1.8,0.33,1.0,8.0,0.0,1.0,0.0,0.0,,,,
16,Group stage,2026-06-13 00:00:00,Qatar,Switzerland,0.5497463941574097,2.393497943878174,0,3,-360.84472108477416,0.9,1.9,2.5,0.8,0.0,0.9,2.5,0.33,1.0,12.0,0.0,1.0,0.0,0.0,,,,
16,Group stage,2026-06-14 00:00:00,Germany,Curaçao,2.8003809452056885,0.6807331442832947,5,0,361.1352259778141,2.3,1.1,1.6,1.3,0.0,2.3,1.6,0.33,20.0,0.0,0.0,1.0,0.0,0.0,,,,
16,Group stage,2026-06-14 00:00:00,Ivory Coast,Ecuador,0.7578378915786743,1.6096333265304565,1,0,-219.15155902699053,2.0,0.7,0.7,0.4,0.0,2.0,0.7,0.33,3.0,4.0,0.0,1.0,0.0,0.0,,,,
16,Group stage,2026-06-14 00:00:00,Netherlands,Japan,1.4094085693359375,1.0377333164215088,0,2,19.05367466640928,3.0,0.6,1.8,0.7,0.0,3.0,1.8,0.33,11.0,7.0,0.0,1.0,0.0,0.0,,,,
16,Group stage,2026-06-14 00:00:00,Sweden,Tunisia,1.4389334917068481,1.2469319105148315,0,2,22.565366858667858,1.6,1.8,1.4,1.0,0.0,1.6,1.4,0.33,13.0,6.0,0.0,1.0,0.0,0.0,,,,
16,Group stage,2026-06-15 00:00:00,Belgium,Egypt,1.4515180587768555,0.9129274487495422,3,0,99.79242592327387,3.5,1.0,1.3,0.8,1.0,1.0,2.0,0.0,14.0,3.0,0.0,1.0,0.0,0.0,,,,
16,Group stage,2026-06-15 00:00:00,Iran,New Zealand,1.6201878786087036,0.738328218460083,0,0,142.34033556219924,1.6,0.7,0.9,1.5,0.0,1.6,0.9,0.33,6.0,2.0,0.0,1.0,0.0,0.0,,,,
16,Group stage,2026-06-15 00:00:00,Saudi Arabia,Uruguay,0.7248218059539795,1.7654508352279663,0,1,-283.38107610897714,0.9,1.3,1.0,0.9,0.0,0.9,1.0,0.33,6.0,14.0,0.0,1.0,0.0,0.0,,,,
16,Group stage,2026-06-15 00:00:00,Spain,Cape Verde,3.966179609298706,0.5665221810340881,6,0,563.2850614519855,3.1,0.8,1.7,1.0,0.0,3.1,1.7,0.33,16.0,0.0,0.0,1.0,0.0,0.0,,,,
16,Group stage,2026-06-16 00:00:00,Argentina,Algeria,2.156207323074341,0.7074368596076965,2,0,323.48300707879844,2.5,0.4,2.3,0.5,0.0,2.5,2.3,0.33,18.0,4.0,0.0,1.0,0.0,0.0,,,,
16,Group stage,2026-06-16 00:00:00,Austria,Jordan,2.314819097518921,0.9839795827865601,1,1,80.9944962008201,2.8,0.5,2.0,1.5,0.0,2.8,2.0,0.33,7.0,0.0,0.0,1.0,0.0,0.0,,,,
16,Group stage,2026-06-16 00:00:00,France,Senegal,2.243558645248413,0.8569515347480774,3,2,209.2497238875883,2.7,1.1,2.5,0.6,0.0,2.7,2.5,0.33,16.0,3.0,0.0,1.0,0.0,0.0,,,,
16,Group stage,2026-06-16 00:00:00,Iraq,Norway,0.7500935196876526,1.7158862352371216,0,5,-223.33641759859006,1.1,0.7,3.1,0.6,0.0,1.1,3.1,0.33,1.0,3.0,0.0,1.0,0.0,0.0,,,,
16,Group stage,2026-06-17 00:00:00,England,Croatia,1.630310297012329,1.0758646726608276,2,3,94.46756707201507,2.2,0.5,2.9,0.8,0.0,2.2,2.9,0.33,16.0,6.0,0.0,1.0,0.0,0.0,,,,
16,Group stage,2026-06-17 00:00:00,Ghana,Panama,0.8218146562576294,1.872027039527893,3,4,-237.5714618522527,1.5,1.3,1.3,0.8,0.0,1.5,1.3,0.33,4.0,1.0,0.0,1.0,0.0,0.0,,,,
16,Group stage,2026-06-17 00:00:00,Portugal,DR Congo,2.063178300857544,0.639021098613739,3,1,275.4864091486654,2.6,1.0,1.2,0.3,0.0,2.6,1.2,0.33,8.0,1.0,0.0,1.0,0.0,0.0,,,,
16,Group stage,2026-06-17 00:00:00,Uzbekistan,Colombia,0.7373384833335876,1.79137122631073,1,1,-213.1223064060914,1.5,0.7,2.1,1.0,0.0,1.5,2.1,0.33,0.0,6.0,0.0,1.0,0.0,0.0,,,,
16,Group stage,2026-06-18 00:00:00,Canada,Qatar,2.2226412296295166,0.4300467371940613,1,0,339.45782890272676,1.2,0.4,0.9,1.9,1.0,2.0,0.0,1.0,3.0,2.0,1.0,0.0,0.0,0.0,,,,
16,Group stage,2026-06-18 00:00:00,Czech Republic,South Africa,1.783503532409668,0.9724615216255188,2,2,166.22477039550836,1.8,1.3,1.5,1.5,0.0,1.8,1.5,0.33,2.0,4.0,0.0,1.0,0.0,0.0,,,,
16,Group stage,2026-06-18 00:00:00,Mexico,South Korea,1.652403473854065,0.9211689829826355,2,0,130.2779777346584,1.4,0.9,1.4,1.4,1.0,2.0,2.0,0.0,18.0,12.0,1.0,0.0,0.0,0.0,,,,
16,Group stage,2026-06-18 00:00:00,Switzerland,Bosnia and Herzegovina,2.4193789958953857,0.7116455435752869,4,1,321.3985570059426,2.4,0.6,2.0,1.4,0.0,2.4,2.0,0.33,13.0,2.0,0.0,1.0,0.0,0.0,,,,
16,Group stage,2026-06-19 00:00:00,Brazil,Haiti,2.745812177658081,0.5629161596298218,3,0,414.27862161109033,2.0,0.8,1.1,1.1,0.0,2.0,1.1,0.33,23.0,2.0,0.0,1.0,0.0,0.0,,,,
16,Group stage,2026-06-19 00:00:00,Scotland,Morocco,0.9958783984184265,1.4518293142318726,0,2,-103.16926788723208,1.8,0.9,1.5,0.5,0.0,1.8,1.5,0.33,9.0,7.0,0.0,1.0,0.0,0.0,,,,
16,Group stage,2026-06-19 00:00:00,Turkey,Paraguay,1.4504351615905762,0.9423785209655762,1,0,98.41174891909031,2.0,1.3,0.8,1.1,0.0,2.0,0.8,0.33,3.0,9.0,0.0,1.0,0.0,0.0,,,,
16,Group stage,2026-06-19 00:00:00,United States,Australia,1.4529263973236084,1.0441551208496094,3,1,-30.990841294381426,1.6,1.5,1.4,1.0,1.0,2.0,1.0,1.0,12.0,7.0,1.0,0.0,0.0,0.0,,,,
16,Group stage,2026-06-20 00:00:00,Ecuador,Curaçao,2.3366386890411377,0.6384405493736267,3,0,363.6367773473819,0.7,0.5,1.5,1.7,0.0,0.7,1.5,0.33,5.0,1.0,0.0,1.0,0.0,0.0,,,,
16,Group stage,2026-06-20 00:00:00,Germany,Ivory Coast,1.7737822532653809,0.8891798853874207,3,1,149.81554149781573,2.7,0.9,1.8,0.7,0.0,2.7,1.8,0.33,21.0,4.0,0.0,1.0,0.0,0.0,,,,
16,Group stage,2026-06-20 00:00:00,Netherlands,Sweden,2.620959520339966,1.0371332168579102,4,5,239.91390469118755,2.8,0.8,1.4,2.0,0.0,2.8,1.4,0.33,12.0,14.0,0.0,1.0,0.0,0.0,,,,
16,Group stage,2026-06-20 00:00:00,Tunisia,Japan,0.8166211247444153,1.8165446519851685,1,3,-242.5191884172193,1.5,0.9,2.0,0.6,0.0,1.5,2.0,0.33,7.0,8.0,0.0,1.0,0.0,0.0,,,,
16,Group stage,2026-06-21 00:00:00,Belgium,Iran,1.617368221282959,1.063462495803833,1,1,70.64517145745549,3.7,0.9,1.4,0.7,0.0,3.7,1.4,0.33,15.0,7.0,0.0,1.0,0.0,0.0,,,,
16,Group stage,2026-06-21 00:00:00,New Zealand,Egypt,1.0939607620239258,1.191528558731079,0,0,-14.256427010728203,0.8,1.5,1.3,0.8,1.0,0.0,1.0,0.0,3.0,4.0,0.0,1.0,0.0,0.0,,,,
16,Group stage,2026-06-21 00:00:00,Spain,Saudi Arabia,3.194719076156616,0.4407113790512085,3,0,550.17854135224,3.2,0.4,0.9,1.4,0.0,3.2,0.9,0.33,17.0,7.0,0.0,1.0,0.0,0.0,,,,
16,Group stage,2026-06-21 00:00:00,Uruguay,Cape Verde,2.2788450717926025,0.6738775968551636,1,1,325.71337481708315,1.1,0.7,1.4,1.6,0.0,1.1,1.4,0.33,15.0,1.0,0.0,1.0,0.0,0.0,,,,
16,Group stage,2026-06-22 00:00:00,Argentina,Austria,2.3502707481384277,0.774960994720459,2,1,328.658503473755,2.3,0.3,2.7,0.5,0.0,2.3,2.7,0.33,19.0,8.0,0.0,1.0,0.0,0.0,,,,
16,Group stage,2026-06-22 00:00:00,France,Iraq,2.7877464294433594,0.4918016195297241,4,0,431.7167012450209,2.6,0.8,1.0,1.2,0.0,2.6,1.0,0.33,17.0,2.0,0.0,1.0,0.0,0.0,,,,
16,Group stage,2026-06-22 00:00:00,Jordan,Algeria,1.045411229133606,1.5329865217208862,0,3,-48.228580186982754,1.9,1.3,1.8,0.6,0.0,1.9,1.8,0.33,1.0,5.0,0.0,1.0,0.0,0.0,,,,
16,Group stage,2026-06-22 00:00:00,Norway,Senegal,1.6650280952453613,1.0097917318344116,1,0,80.53221136908678,3.3,0.6,1.9,0.9,0.0,3.3,1.9,0.33,4.0,4.0,0.0,1.0,0.0,0.0,,,,
16,Group stage,2026-06-23 00:00:00,Colombia,DR Congo,1.9883320331573486,0.6977513432502747,2,0,280.3753177041035,2.2,1.1,1.2,0.6,0.0,2.2,1.2,0.33,7.0,2.0,0.0,1.0,0.0,0.0,,,,
16,Group stage,2026-06-23 00:00:00,England,Ghana,2.6859652996063232,0.7704680562019348,2,1,431.63324414278895,2.3,0.8,1.7,1.5,0.0,2.3,1.7,0.33,17.0,5.0,0.0,1.0,0.0,0.0,,,,
16,Group stage,2026-06-23 00:00:00,Panama,Croatia,1.1063343286514282,1.6427278518676758,1,3,-151.15619886876584,1.7,1.1,2.5,1.0,0.0,1.7,2.5,0.33,2.0,7.0,0.0,1.0,0.0,0.0,,,,
16,Group stage,2026-06-23 00:00:00,Portugal,Uzbekistan,2.0704145431518555,0.8032850623130798,0,0,206.03671384213908,2.7,1.0,1.4,0.6,0.0,2.7,1.4,0.33,9.0,1.0,0.0,1.0,0.0,0.0,,,,
16,Group stage,2026-06-24 00:00:00,Bosnia and Herzegovina,Qatar,1.7361329793930054,1.1845417022705078,3,2,52.98910062868231,2.0,1.6,0.7,1.8,0.0,2.0,0.7,0.33,2.0,2.0,0.0,1.0,0.0,0.0,,,,
16,Group stage,2026-06-24 00:00:00,Canada,Switzerland,1.1891793012619019,1.026537299156189,1,2,-54.604135088807425,1.2,0.3,2.4,0.7,0.0,1.2,2.4,0.33,3.0,13.0,1.0,0.0,0.0,0.0,,,,
16,Group stage,2026-06-24 00:00:00,Mexico,Czech Republic,1.9571818113327026,0.6732824444770813,4,0,184.36857955862774,1.6,0.5,1.9,1.0,0.0,1.6,1.9,0.33,18.0,2.0,1.0,0.0,0.0,0.0,,,,
16,Group stage,2026-06-24 00:00:00,Morocco,Haiti,2.061569929122925,0.5143042802810669,2,1,311.70096866197923,1.5,0.5,1.0,1.2,0.0,1.5,1.0,0.33,7.0,2.0,0.0,1.0,0.0,0.0,,,,
16,Group stage,2026-06-24 00:00:00,Scotland,Brazil,0.7346776723861694,2.130425453186035,0,1,-287.4921768880149,1.4,1.1,2.2,0.8,0.0,1.4,2.2,0.33,9.0,23.0,0.0,1.0,0.0,0.0,,,,
16,Group stage,2026-06-24 00:00:00,South Africa,South Korea,1.1707972288131714,1.9090629816055298,1,2,-155.83582940558267,1.7,1.7,1.0,1.6,0.0,1.7,1.0,0.33,4.0,12.0,0.0,1.0,0.0,0.0,,,,
16,Group stage,2026-06-25 00:00:00,Curaçao,Ivory Coast,0.7530967593193054,2.1706151962280273,0,0,-222.80892842889216,1.4,1.8,1.9,0.9,0.0,1.4,1.9,0.33,1.0,4.0,0.0,1.0,0.0,0.0,,,,
16,Group stage,2026-06-25 00:00:00,Ecuador,Germany,1.0667039155960083,1.494035005569458,2,0,-39.370043926286144,1.0,0.5,3.0,0.8,0.0,1.0,3.0,0.33,5.0,21.0,0.0,1.0,0.0,0.0,,,,
16,Group stage,2026-06-25 00:00:00,Japan,Sweden,2.2928543090820312,0.9652659893035889,3,0,285.7012316976027,1.7,0.7,1.5,2.1,0.0,1.7,1.5,0.33,8.0,14.0,0.0,1.0,0.0,0.0,,,,
16,Group stage,2026-06-25 00:00:00,Paraguay,Australia,1.1964378356933594,1.0962309837341309,1,2,15.555222921338554,0.8,1.1,1.3,1.2,0.0,0.8,1.3,0.33,9.0,7.0,0.0,1.0,0.0,0.0,,,,
16,Group stage,2026-06-25 00:00:00,Tunisia,Netherlands,1.117572546005249,1.6998000144958496,2,2,-136.5523898455283,1.6,1.1,2.4,1.3,0.0,1.6,2.4,0.33,7.0,12.0,0.0,1.0,0.0,0.0,,,,
16,Group stage,2026-06-25 00:00:00,United States,Turkey,1.3372416496276855,1.3040926456451416,1,1,-116.04785224449097,1.8,1.4,2.1,1.2,1.0,1.0,2.0,0.0,12.0,3.0,1.0,0.0,0.0,0.0,,,,
16,Group stage,2026-06-26 00:00:00,Cape Verde,Saudi Arabia,1.2640838623046875,1.3696774244308472,2,0,3.572742275319797,1.4,1.6,0.8,1.7,0.0,1.4,0.8,0.33,1.0,7.0,0.0,1.0,0.0,0.0,,,,
16,Group stage,2026-06-26 00:00:00,Egypt,Iran,0.9622496962547302,1.3573713302612305,1,1,-112.03902675764448,1.1,0.7,1.3,0.6,0.0,1.1,1.3,0.33,4.0,7.0,0.0,1.0,0.0,0.0,,,,
16,Group stage,2026-06-26 00:00:00,New Zealand,Belgium,0.9276806116104126,1.9699105024337769,2,1,-182.44541828009278,0.7,1.3,3.4,0.7,0.0,0.7,3.4,0.33,3.0,15.0,0.0,1.0,0.0,0.0,,,,
16,Group stage,2026-06-26 00:00:00,Norway,France,1.173473834991455,1.779066801071167,0,2,-141.8813871011332,3.3,0.6,2.8,0.8,0.0,3.3,2.8,0.33,4.0,17.0,0.0,1.0,0.0,0.0,,,,
16,Group stage,2026-06-26 00:00:00,Senegal,Iraq,1.8909779787063599,0.7887235879898071,2,2,180.2703223421065,1.6,1.0,0.9,1.6,0.0,1.6,0.9,0.33,4.0,2.0,0.0,1.0,0.0,0.0,,,,
16,Group stage,2026-06-26 00:00:00,Uruguay,Spain,0.7423427104949951,2.1349053382873535,1,1,-273.4250417833084,1.0,0.8,3.3,0.2,0.0,1.0,3.3,0.33,15.0,17.0,0.0,1.0,0.0,0.0,,,,
16,Group stage,2026-06-27 00:00:00,Algeria,Austria,1.2608249187469482,1.120214819908142,1,1,34.093722287981336,1.9,0.6,2.4,0.7,0.0,1.9,2.4,0.33,5.0,8.0,0.0,1.0,0.0,0.0,,,,
16,Group stage,2026-06-27 00:00:00,Colombia,Portugal,1.3771255016326904,1.3706468343734741,1,2,5.199374084111014,2.3,1.0,2.5,0.8,0.0,2.3,2.5,0.33,7.0,9.0,0.0,1.0,0.0,0.0,,,,
16,Group stage,2026-06-27 00:00:00,Croatia,Ghana,2.736147165298462,0.8007059693336487,3,2,444.27605738888883,2.3,1.0,1.4,1.7,0.0,2.3,1.4,0.33,7.0,5.0,0.0,1.0,0.0,0.0,,,,
16,Group stage,2026-06-27 00:00:00,DR Congo,Uzbekistan,0.914770781993866,1.361555576324463,1,0,-130.95000312695583,1.1,0.8,1.4,0.6,0.0,1.1,1.4,0.33,2.0,1.0,0.0,1.0,0.0,0.0,,,,
16,Group stage,2026-06-27 00:00:00,Jordan,Argentina,0.47237536311149597,3.2799601554870605,0,1,-449.0341125959453,1.7,1.3,2.4,0.4,0.0,1.7,2.4,0.33,1.0,19.0,0.0,1.0,0.0,0.0,,,,
16,Group stage,2026-06-27 00:00:00,Panama,England,0.8637909889221191,2.0348196029663086,1,2,-200.88717216684495,1.7,1.3,2.4,0.6,0.0,1.7,2.4,0.33,2.0,17.0,0.0,1.0,0.0,0.0,,,,
16,Round of 32,2026-06-28 19:00:00,Czech Republic,Canada,1.0139515399932861,1.3967653512954712,3,0,-91.07277595597338,1.7,1.4,1.0,0.5,0.0,1.7,1.0,0.33,2.0,3.0,0.0,1.0,0.0,0.0,73.0,Czech Republic,Canada,False
16,Round of 32,2026-06-29 17:00:00,Brazil,Tunisia,2.1064088344573975,0.6948477029800415,3,0,318.6115490911809,2.0,0.8,1.6,1.1,2.0,3.0,1.0,0.5,23.0,7.0,0.0,1.0,0.0,0.0,74.0,Brazil,Tunisia,False
16,Round of 32,2026-06-29 20:30:00,Ecuador,Scotland,1.749161720275879,0.8351264595985413,2,0,228.97608863135315,1.2,0.5,1.4,1.2,0.0,1.2,1.4,0.33,5.0,9.0,0.0,1.0,0.0,0.0,75.0,Ecuador,Scotland,False
16,Round of 32,2026-06-30 01:00:00,Japan,Morocco,1.3353931903839111,0.9562035202980042,0,0,86.7641116483328,2.0,0.7,1.6,0.5,0.0,2.0,1.6,0.33,8.0,7.0,0.0,1.0,0.0,0.0,76.0,Morocco,Japan,True
16,Round of 32,2026-06-30 17:00:00,Germany,Norway,1.5269190073013306,1.2578299045562744,0,4,-20.431476186734244,3.0,0.8,3.2,0.8,0.0,3.0,3.2,0.33,21.0,4.0,0.0,1.0,0.0,0.0,77.0,Norway,Germany,False
16,Round of 32,2026-06-30 21:00:00,France,Australia,2.2905914783477783,0.7811659574508667,0,0,310.9422488947773,2.8,0.8,1.4,1.3,1.0,4.0,1.0,1.0,17.0,7.0,0.0,1.0,0.0,0.0,78.0,Australia,France,True
16,Round of 32,2026-07-01 01:00:00,Mexico,Cape Verde,2.2950432300567627,0.7107098698616028,0,0,282.27129290836524,1.9,0.4,1.4,1.6,0.0,1.9,1.4,0.33,18.0,1.0,0.0,1.0,0.0,0.0,79.0,Mexico,Cape Verde,True
16,Round of 32,2026-07-01 16:00:00,Croatia,DR Congo,2.0534303188323975,0.7217888832092285,2,2,273.5650019316695,2.5,1.2,1.1,0.8,0.0,2.5,1.1,0.33,7.0,2.0,0.0,1.0,0.0,0.0,80.0,Croatia,DR Congo,True
16,Round of 32,2026-07-01 20:00:00,New Zealand,South Korea,1.2384021282196045,1.3408281803131104,1,1,-34.52205744257458,0.9,1.3,1.0,1.7,0.0,0.9,1.0,0.33,3.0,12.0,0.0,1.0,0.0,0.0,81.0,South Korea,New Zealand,True
16,Round of 32,2026-07-02 00:00:00,United States,Ivory Coast,1.5625399351119995,1.080573558807373,1,4,88.0818048617457,1.9,1.3,1.7,0.9,0.0,1.9,1.7,0.33,12.0,4.0,0.0,1.0,0.0,0.0,82.0,Ivory Coast,United States,False
16,Round of 32,2026-07-02 19:00:00,Colombia,England,1.168524980545044,1.779342532157898,2,2,-41.18580544971633,2.1,1.2,2.4,0.7,0.0,2.1,2.4,0.33,7.0,17.0,0.0,1.0,0.0,0.0,83.0,England,Colombia,True
16,Round of 32,2026-07-02 23:00:00,Spain,Algeria,2.162968397140503,0.6713088750839233,4,1,325.2376505338832,3.1,0.3,1.9,0.6,0.0,3.1,1.9,0.33,17.0,5.0,0.0,1.0,0.0,0.0,84.0,Spain,Algeria,False
16,Round of 32,2026-07-03 03:00:00,Switzerland,Iran,1.5615816116333008,0.8735310435295105,2,2,125.94739120814916,2.2,0.8,1.4,0.6,0.0,2.2,1.4,0.33,13.0,7.0,0.0,1.0,0.0,0.0,85.0,Switzerland,Iran,True
16,Round of 32,2026-07-03 18:00:00,Turkey,Belgium,1.4598233699798584,1.255122184753418,1,1,106.99866577629177,1.9,1.1,2.9,0.9,0.0,1.9,2.9,0.33,3.0,15.0,0.0,1.0,0.0,0.0,86.0,Belgium,Turkey,True
16,Round of 32,2026-07-03 22:00:00,Argentina,Uruguay,1.5860406160354614,0.8851584792137146,0,0,226.2153543822276,2.4,0.3,0.8,0.9,2.0,0.5,1.0,0.5,19.0,15.0,0.0,1.0,0.0,0.0,87.0,Uruguay,Argentina,True
16,Round of 32,2026-07-04 01:30:00,Portugal,Panama,2.2786784172058105,0.7903813123703003,1,0,244.11848089503405,2.2,0.9,1.7,1.5,0.0,2.2,1.7,0.33,9.0,2.0,0.0,1.0,0.0,0.0,88.0,Portugal,Panama,False
16,Round of 16,2026-07-04 17:00:00,Czech Republic,Ecuador,0.8018498420715332,1.7431910037994385,0,1,-200.65106793513064,1.9,1.3,1.3,0.5,0.0,1.9,1.3,0.33,2.0,5.0,0.0,1.0,0.0,0.0,89.0,Ecuador,Czech Republic,False
16,Round of 16,2026-07-04 21:00:00,Brazil,Norway,1.7229211330413818,1.103200912475586,2,1,79.64088430662878,2.3,0.7,2.5,0.7,0.0,2.3,2.5,0.33,23.0,4.0,0.0,1.0,0.0,0.0,90.0,Brazil,Norway,False
16,Round of 16,2026-07-05 20:00:00,Morocco,Australia,1.3832581043243408,0.8787574172019958,2,2,96.58309194977437,1.3,0.5,1.1,1.2,0.0,1.3,1.1,0.33,7.0,7.0,0.0,1.0,0.0,0.0,91.0,Australia,Morocco,True
16,Round of 16,2026-07-06 00:00:00,Mexico,Croatia,1.3103009462356567,1.406294822692871,0,2,-49.44191831585408,1.9,0.4,2.3,1.4,0.0,1.9,2.3,0.33,18.0,7.0,0.0,1.0,0.0,0.0,92.0,Croatia,Mexico,False
16,Round of 16,2026-07-06 19:00:00,England,Spain,0.9863311052322388,1.7624436616897583,0,0,-140.46478103511345,2.1,0.9,2.9,0.4,1.0,1.0,2.0,0.0,17.0,17.0,0.0,1.0,0.0,0.0,93.0,Spain,England,True
16,Round of 16,2026-07-07 00:00:00,South Korea,Ivory Coast,1.2414649724960327,1.335532307624817,0,0,-3.1661301350495705,0.9,1.6,2.0,1.0,1.0,0.0,4.0,0.0,12.0,4.0,0.0,1.0,0.0,0.0,94.0,Ivory Coast,South Korea,True
16,Round of 16,2026-07-07 16:00:00,Belgium,Portugal,1.1338155269622803,1.7168090343475342,1,3,-153.00729585535237,2.4,1.0,2.0,0.7,0.0,2.4,2.0,0.33,15.0,9.0,0.0,1.0,0.0,0.0,95.0,Portugal,Belgium,False
16,Round of 16,2026-07-07 20:00:00,Switzerland,Uruguay,1.2300877571105957,1.3805899620056152,0,1,-9.701132105683428,2.1,1.0,0.8,0.9,0.0,2.1,0.8,0.33,13.0,15.0,0.0,1.0,0.0,0.0,96.0,Uruguay,Switzerland,False
16,Quarter-final,2026-07-09 20:00:00,Ecuador,Brazil,0.9905189871788025,1.3466498851776123,1,5,-82.09813844552605,1.3,0.4,2.0,0.8,2.0,0.0,0.5,0.0,5.0,23.0,0.0,1.0,0.0,0.0,97.0,Brazil,Ecuador,False
16,Quarter-final,2026-07-10 19:00:00,Spain,Ivory Coast,2.196448802947998,0.6924847364425659,5,4,350.1531107693704,2.7,0.4,1.9,0.9,0.0,2.7,1.9,0.33,17.0,4.0,0.0,1.0,0.0,0.0,98.0,Spain,Ivory Coast,False
16,Quarter-final,2026-07-11 21:00:00,Australia,Croatia,1.1655783653259277,1.7244257926940918,1,1,-136.07135186393907,1.2,1.4,2.5,1.4,0.0,1.2,2.5,0.33,7.0,7.0,0.0,1.0,0.0,0.0,99.0,Australia,Croatia,True
16,Quarter-final,2026-07-12 01:00:00,Portugal,Uruguay,1.2921419143676758,1.1258069276809692,0,1,57.461419810010284,2.2,0.8,0.8,0.9,1.0,2.0,0.0,1.0,9.0,15.0,0.0,1.0,0.0,0.0,100.0,Uruguay,Portugal,False
16,Semi-final,2026-07-14 19:00:00,Brazil,Spain,1.2488677501678467,1.7687164545059204,3,0,-62.86390905016083,2.3,0.6,2.8,0.8,1.0,3.0,3.0,0.0,23.0,17.0,0.0,1.0,0.0,0.0,101.0,Brazil,Spain,False
16,Semi-final,2026-07-15 19:00:00,Australia,Uruguay,0.9783959984779358,1.4472905397415161,2,5,-82.74872147249403,1.2,1.3,0.7,0.8,0.0,1.2,0.7,0.33,7.0,15.0,0.0,1.0,0.0,0.0,102.0,Uruguay,Australia,False
16,Third-place playoff,2026-07-18 21:00:00,Spain,Australia,2.1645469665527344,0.903423547744751,1,0,223.39147797089572,2.4,1.1,1.4,1.7,0.0,2.4,1.4,0.33,17.0,7.0,0.0,1.0,0.0,0.0,103.0,Spain,Australia,False
16,Final,2026-07-19 19:00:00,Brazil,Uruguay,1.3241291046142578,1.10685396194458,2,1,121.11805344249888,2.4,0.6,1.2,1.0,3.0,0.3333333333333333,1.0,0.0,23.0,15.0,0.0,1.0,0.0,0.0,104.0,Brazil,Uruguay,False
17,Group stage,2026-06-11 00:00:00,Mexico,South Africa,2.1329286098480225,0.6023440957069397,2,0,297.64561459530705,1.1,1.0,1.5,1.1,0.0,1.1,1.5,0.33,17.0,3.0,1.0,0.0,0.0,0.0,,,,
17,Group stage,2026-06-11 00:00:00,South Korea,Czech Republic,1.656619668006897,0.9059049487113953,1,3,98.40437375226111,1.5,1.2,1.8,1.2,0.0,1.5,1.8,0.33,11.0,1.0,0.0,1.0,0.0,0.0,,,,
17,Group stage,2026-06-12 00:00:00,Canada,Bosnia and Herzegovina,2.178720712661743,0.6230993866920471,2,0,252.19701310772894,1.1,0.4,2.1,1.1,0.0,1.1,2.1,0.33,2.0,1.0,1.0,0.0,0.0,0.0,,,,
17,Group stage,2026-06-12 00:00:00,United States,Paraguay,1.3273921012878418,1.1478886604309082,2,0,-90.4406608260008,1.7,1.6,1.0,1.0,1.0,2.0,1.0,1.0,11.0,8.0,1.0,0.0,0.0,0.0,,,,
17,Group stage,2026-06-13 00:00:00,Australia,Turkey,1.306311845779419,1.4813357591629028,1,2,-47.69773714089274,1.5,0.9,2.1,1.4,0.0,1.5,2.1,0.33,6.0,2.0,0.0,1.0,0.0,0.0,,,,
17,Group stage,2026-06-13 00:00:00,Brazil,Morocco,1.3794176578521729,1.0310763120651245,1,3,71.7854817950124,1.8,0.8,1.8,0.5,1.0,1.0,2.0,0.0,22.0,6.0,0.0,1.0,0.0,0.0,,,,
17,Group stage,2026-06-13 00:00:00,Haiti,Scotland,0.8986091017723083,1.6037302017211914,0,5,-128.96035980586862,1.2,1.1,1.8,1.2,0.0,1.2,1.8,0.33,1.0,8.0,0.0,1.0,0.0,0.0,,,,
17,Group stage,2026-06-13 00:00:00,Qatar,Switzerland,0.5497463941574097,2.393497943878174,0,4,-360.84472108477416,0.9,1.9,2.5,0.8,0.0,0.9,2.5,0.33,1.0,12.0,0.0,1.0,0.0,0.0,,,,
17,Group stage,2026-06-14 00:00:00,Germany,Curaçao,2.8003809452056885,0.6807331442832947,3,0,361.1352259778141,2.3,1.1,1.6,1.3,0.0,2.3,1.6,0.33,20.0,0.0,0.0,1.0,0.0,0.0,,,,
17,Group stage,2026-06-14 00:00:00,Ivory Coast,Ecuador,0.7578378915786743,1.6096333265304565,0,3,-219.15155902699053,2.0,0.7,0.7,0.4,0.0,2.0,0.7,0.33,3.0,4.0,0.0,1.0,0.0,0.0,,,,
17,Group stage,2026-06-14 00:00:00,Netherlands,Japan,1.4094085693359375,1.0377333164215088,2,0,19.05367466640928,3.0,0.6,1.8,0.7,0.0,3.0,1.8,0.33,11.0,7.0,0.0,1.0,0.0,0.0,,,,
17,Group stage,2026-06-14 00:00:00,Sweden,Tunisia,1.4389334917068481,1.2469319105148315,2,0,22.565366858667858,1.6,1.8,1.4,1.0,0.0,1.6,1.4,0.33,13.0,6.0,0.0,1.0,0.0,0.0,,,,
17,Group stage,2026-06-15 00:00:00,Belgium,Egypt,1.4515180587768555,0.9129274487495422,1,1,99.79242592327387,3.5,1.0,1.3,0.8,1.0,1.0,2.0,0.0,14.0,3.0,0.0,1.0,0.0,0.0,,,,
17,Group stage,2026-06-15 00:00:00,Iran,New Zealand,1.6201878786087036,0.738328218460083,2,0,142.34033556219924,1.6,0.7,0.9,1.5,0.0,1.6,0.9,0.33,6.0,2.0,0.0,1.0,0.0,0.0,,,,
17,Group stage,2026-06-15 00:00:00,Saudi Arabia,Uruguay,0.7248218059539795,1.7654508352279663,0,1,-283.38107610897714,0.9,1.3,1.0,0.9,0.0,0.9,1.0,0.33,6.0,14.0,0.0,1.0,0.0,0.0,,,,
17,Group stage,2026-06-15 00:00:00,Spain,Cape Verde,3.966179609298706,0.5665221810340881,2,1,563.2850614519855,3.1,0.8,1.7,1.0,0.0,3.1,1.7,0.33,16.0,0.0,0.0,1.0,0.0,0.0,,,,
17,Group stage,2026-06-16 00:00:00,Argentina,Algeria,2.156207323074341,0.7074368596076965,3,0,323.48300707879844,2.5,0.4,2.3,0.5,0.0,2.5,2.3,0.33,18.0,4.0,0.0,1.0,0.0,0.0,,,,
17,Group stage,2026-06-16 00:00:00,Austria,Jordan,2.314819097518921,0.9839795827865601,3,0,80.9944962008201,2.8,0.5,2.0,1.5,0.0,2.8,2.0,0.33,7.0,0.0,0.0,1.0,0.0,0.0,,,,
17,Group stage,2026-06-16 00:00:00,France,Senegal,2.243558645248413,0.8569515347480774,3,0,209.2497238875883,2.7,1.1,2.5,0.6,0.0,2.7,2.5,0.33,16.0,3.0,0.0,1.0,0.0,0.0,,,,
17,Group stage,2026-06-16 00:00:00,Iraq,Norway,0.7500935196876526,1.7158862352371216,2,3,-223.33641759859006,1.1,0.7,3.1,0.6,0.0,1.1,3.1,0.33,1.0,3.0,0.0,1.0,0.0,0.0,,,,
17,Group stage,2026-06-17 00:00:00,England,Croatia,1.630310297012329,1.0758646726608276,2,1,94.46756707201507,2.2,0.5,2.9,0.8,0.0,2.2,2.9,0.33,16.0,6.0,0.0,1.0,0.0,0.0,,,,
17,Group stage,2026-06-17 00:00:00,Ghana,Panama,0.8218146562576294,1.872027039527893,1,3,-237.5714618522527,1.5,1.3,1.3,0.8,0.0,1.5,1.3,0.33,4.0,1.0,0.0,1.0,0.0,0.0,,,,
17,Group stage,2026-06-17 00:00:00,Portugal,DR Congo,2.063178300857544,0.639021098613739,4,0,275.4864091486654,2.6,1.0,1.2,0.3,0.0,2.6,1.2,0.33,8.0,1.0,0.0,1.0,0.0,0.0,,,,
17,Group stage,2026-06-17 00:00:00,Uzbekistan,Colombia,0.7373384833335876,1.79137122631073,1,2,-213.1223064060914,1.5,0.7,2.1,1.0,0.0,1.5,2.1,0.33,0.0,6.0,0.0,1.0,0.0,0.0,,,,
17,Group stage,2026-06-18 00:00:00,Canada,Qatar,2.3861992359161377,0.4293593168258667,1,0,338.54750625103316,1.1,0.4,0.9,2.0,1.0,2.0,0.0,1.0,3.0,2.0,1.0,0.0,0.0,0.0,,,,
17,Group stage,2026-06-18 00:00:00,Czech Republic,South Africa,1.762105107307434,0.9076847434043884,2,0,183.29235983413014,1.9,1.3,1.4,1.2,0.0,1.9,1.4,0.33,2.0,4.0,0.0,1.0,0.0,0.0,,,,
17,Group stage,2026-06-18 00:00:00,Mexico,South Korea,1.672228217124939,0.9721960425376892,1,1,147.3455671732802,1.1,0.8,1.4,1.5,1.0,2.0,2.0,0.0,18.0,12.0,1.0,0.0,0.0,0.0,,,,
17,Group stage,2026-06-18 00:00:00,Switzerland,Bosnia and Herzegovina,2.415785551071167,0.7042526006698608,5,0,320.488234354249,2.5,0.6,2.0,1.3,0.0,2.5,2.0,0.33,13.0,2.0,0.0,1.0,0.0,0.0,,,,
17,Group stage,2026-06-19 00:00:00,Brazil,Haiti,2.376556634902954,0.611064076423645,2,0,343.6279780826119,1.9,1.1,1.1,1.5,0.0,1.9,1.1,0.33,23.0,2.0,0.0,1.0,0.0,0.0,,,,
17,Group stage,2026-06-19 00:00:00,Scotland,Morocco,0.9273426532745361,1.7245603799819946,0,2,-173.81991141571052,2.2,0.9,1.8,0.4,0.0,2.2,1.8,0.33,9.0,7.0,0.0,1.0,0.0,0.0,,,,
17,Group stage,2026-06-19 00:00:00,Turkey,Paraguay,1.5429823398590088,0.9561086893081665,1,1,112.99914318295032,2.1,1.4,0.8,1.2,0.0,2.1,0.8,0.33,3.0,9.0,0.0,1.0,0.0,0.0,,,,
17,Group stage,2026-06-19 00:00:00,United States,Australia,1.4989818334579468,1.0702208280563354,2,0,-16.40344703052142,1.7,1.5,1.5,1.1,1.0,2.0,1.0,1.0,12.0,7.0,1.0,0.0,0.0,0.0,,,,
17,Group stage,2026-06-20 00:00:00,Ecuador,Curaçao,2.6830432415008545,0.5952373147010803,4,0,431.9011689527406,1.0,0.4,1.5,1.5,0.0,1.0,1.5,0.33,5.0,1.0,0.0,1.0,0.0,0.0,,,,
17,Group stage,2026-06-20 00:00:00,Germany,Ivory Coast,2.1000988483428955,0.8041180372238159,2,0,218.07993310317443,2.5,0.9,1.7,1.0,0.0,2.5,1.7,0.33,21.0,4.0,0.0,1.0,0.0,0.0,,,,
17,Group stage,2026-06-20 00:00:00,Netherlands,Sweden,2.2583255767822266,0.9669995903968811,3,3,239.91390469118755,3.0,0.6,1.6,1.8,0.0,3.0,1.6,0.33,12.0,14.0,0.0,1.0,0.0,0.0,,,,
17,Group stage,2026-06-20 00:00:00,Tunisia,Japan,0.8039268851280212,1.8091953992843628,2,1,-242.5191884172193,1.3,1.1,1.8,0.8,0.0,1.3,1.8,0.33,7.0,8.0,0.0,1.0,0.0,0.0,,,,
17,Group stage,2026-06-21 00:00:00,Belgium,Iran,1.3358654975891113,1.2686880826950073,1,0,-14.741171972790426,3.5,1.0,1.6,0.7,0.0,3.5,1.6,0.33,15.0,7.0,0.0,1.0,0.0,0.0,,,,
17,Group stage,2026-06-21 00:00:00,New Zealand,Egypt,1.008407473564148,1.4612267017364502,1,1,-99.64277044097435,0.8,1.7,1.4,0.6,1.0,0.0,1.0,0.0,3.0,4.0,0.0,1.0,0.0,0.0,,,,
17,Group stage,2026-06-21 00:00:00,Spain,Saudi Arabia,3.1117913722991943,0.48013749718666077,3,1,547.6407937792978,2.8,0.5,0.9,1.4,0.0,2.8,0.9,0.33,17.0,7.0,0.0,1.0,0.0,0.0,,,,
17,Group stage,2026-06-21 00:00:00,Uruguay,Cape Verde,2.2316153049468994,0.6616294384002686,3,0,323.17562724414097,1.1,0.7,1.5,1.2,0.0,1.1,1.5,0.33,15.0,1.0,0.0,1.0,0.0,0.0,,,,
17,Group stage,2026-06-22 00:00:00,Argentina,Austria,2.219991445541382,0.7652232646942139,4,1,283.32757279246994,2.4,0.3,2.9,0.4,0.0,2.4,2.9,0.33,19.0,8.0,0.0,1.0,0.0,0.0,,,,
17,Group stage,2026-06-22 00:00:00,France,Iraq,2.706507444381714,0.5856500864028931,2,1,429.1011739624005,2.6,0.6,1.2,1.0,0.0,2.6,1.2,0.33,17.0,2.0,0.0,1.0,0.0,0.0,,,,
17,Group stage,2026-06-22 00:00:00,Jordan,Algeria,1.0193032026290894,1.6574584245681763,2,2,-93.55951086826781,1.8,1.5,1.8,0.7,0.0,1.8,1.8,0.33,1.0,5.0,0.0,1.0,0.0,0.0,,,,
17,Group stage,2026-06-22 00:00:00,Norway,Senegal,1.618474006652832,1.029939889907837,1,2,77.91668408646638,3.1,0.8,1.7,0.9,0.0,3.1,1.7,0.33,4.0,4.0,0.0,1.0,0.0,0.0,,,,
17,Group stage,2026-06-23 00:00:00,Colombia,DR Congo,2.0863828659057617,0.6387361884117126,1,2,314.1996828473384,2.3,1.1,1.1,0.7,0.0,2.3,1.1,0.33,7.0,2.0,0.0,1.0,0.0,0.0,,,,
17,Group stage,2026-06-23 00:00:00,England,Ghana,2.835958242416382,0.7241363525390625,2,0,497.72361999173404,2.3,0.6,1.5,1.4,0.0,2.3,1.5,0.33,17.0,5.0,0.0,1.0,0.0,0.0,,,,
17,Group stage,2026-06-23 00:00:00,Panama,Croatia,1.088775634765625,1.4594273567199707,1,1,-85.06582301982075,1.6,0.9,2.3,1.0,0.0,1.6,2.3,0.33,2.0,7.0,0.0,1.0,0.0,0.0,,,,
17,Group stage,2026-06-23 00:00:00,Portugal,Uzbekistan,2.1392147541046143,0.7740318775177002,3,1,239.86107898537398,2.8,0.9,1.4,0.7,0.0,2.8,1.4,0.33,9.0,1.0,0.0,1.0,0.0,0.0,,,,
17,Group stage,2026-06-24 00:00:00,Bosnia and Herzegovina,Qatar,1.7619251012802124,1.166843295097351,2,0,53.47911877168599,1.9,1.6,0.7,1.9,0.0,1.9,0.7,0.33,2.0,2.0,0.0,1.0,0.0,0.0,,,,
17,Group stage,2026-06-24 00:00:00,Canada,Switzerland,1.2036340236663818,1.038873314857483,5,1,-59.274775067520295,1.1,0.3,2.6,0.6,0.0,1.1,2.6,0.33,3.0,13.0,1.0,0.0,0.0,0.0,,,,
17,Group stage,2026-06-24 00:00:00,Mexico,Czech Republic,1.5892385244369507,0.8073467016220093,1,2,89.32132853143958,1.2,0.5,2.0,0.8,0.0,1.2,2.0,0.33,18.0,2.0,1.0,0.0,0.0,0.0,,,,
17,Group stage,2026-06-24 00:00:00,Morocco,Haiti,2.5577964782714844,0.44356027245521545,4,0,415.3091380692738,1.8,0.4,1.0,1.5,0.0,1.8,1.0,0.33,7.0,2.0,0.0,1.0,0.0,0.0,,,,
17,Group stage,2026-06-24 00:00:00,Scotland,Brazil,0.977034330368042,2.050258159637451,1,1,-172.40163335226634,1.8,1.1,2.0,1.1,0.0,1.8,2.0,0.33,9.0,23.0,0.0,1.0,0.0,0.0,,,,
17,Group stage,2026-06-24 00:00:00,South Africa,South Korea,0.9619829058647156,1.8297443389892578,0,2,-208.46471597477466,1.4,1.4,1.1,1.6,0.0,1.4,1.1,0.33,4.0,12.0,0.0,1.0,0.0,0.0,,,,
17,Group stage,2026-06-25 00:00:00,Curaçao,Ivory Coast,0.9670222401618958,1.9068365097045898,0,3,-155.08450600178776,1.4,1.7,1.7,1.1,0.0,1.4,1.7,0.33,1.0,4.0,0.0,1.0,0.0,0.0,,,,
17,Group stage,2026-06-25 00:00:00,Ecuador,Germany,1.1760294437408447,1.2812741994857788,1,1,36.10442176292054,1.4,0.4,2.7,0.7,0.0,1.4,2.7,0.33,5.0,21.0,0.0,1.0,0.0,0.0,,,,
17,Group stage,2026-06-25 00:00:00,Japan,Sweden,1.5708529949188232,1.2349580526351929,0,1,69.74793448772152,1.3,1.0,1.5,1.8,0.0,1.3,1.5,0.33,8.0,14.0,0.0,1.0,0.0,0.0,,,,
17,Group stage,2026-06-25 00:00:00,Paraguay,Australia,1.2710273265838623,1.080297589302063,1,2,30.316660665309428,0.9,1.2,1.3,1.2,0.0,0.9,1.3,0.33,9.0,7.0,0.0,1.0,0.0,0.0,,,,
17,Group stage,2026-06-25 00:00:00,Tunisia,Netherlands,0.7550337314605713,1.8926270008087158,1,3,-280.59909263564714,1.5,1.1,2.5,0.9,0.0,1.5,2.5,0.33,7.0,12.0,0.0,1.0,0.0,0.0,,,,
17,Group stage,2026-06-25 00:00:00,United States,Turkey,1.454007863998413,1.22348153591156,0,1,-72.11162597280008,1.8,1.3,2.2,1.4,1.0,1.0,2.0,0.0,12.0,3.0,1.0,0.0,0.0,0.0,,,,
17,Group stage,2026-06-26 00:00:00,Cape Verde,Saudi Arabia,1.222273588180542,1.3364059925079346,3,1,-30.605923112933397,1.4,1.4,0.9,1.7,0.0,1.4,0.9,0.33,1.0,7.0,0.0,1.0,0.0,0.0,,,,
17,Group stage,2026-06-26 00:00:00,Egypt,Iran,0.9539191126823425,1.2476563453674316,1,2,-74.86221203008677,1.3,0.6,1.4,0.6,0.0,1.3,1.4,0.33,4.0,7.0,0.0,1.0,0.0,0.0,,,,
17,Group stage,2026-06-26 00:00:00,New Zealand,Belgium,0.8548294305801392,2.0795888900756836,1,2,-205.55706088046372,0.8,1.6,3.2,0.7,0.0,0.8,3.2,0.33,3.0,15.0,0.0,1.0,0.0,0.0,,,,
17,Group stage,2026-06-26 00:00:00,Norway,France,0.9876197576522827,2.3163444995880127,1,2,-221.06964631433698,3.1,1.0,2.6,0.7,0.0,3.1,2.6,0.33,4.0,17.0,0.0,1.0,0.0,0.0,,,,
17,Group stage,2026-06-26 00:00:00,Senegal,Iraq,1.9096181392669678,0.7687349915504456,1,0,212.70712979160112,1.6,1.0,1.2,1.2,0.0,1.6,1.2,0.33,4.0,2.0,0.0,1.0,0.0,0.0,,,,
17,Group stage,2026-06-26 00:00:00,Uruguay,Spain,0.8921118974685669,2.00583553314209,1,3,-234.17088124917086,1.2,0.7,2.9,0.4,0.0,1.2,2.9,0.33,15.0,17.0,0.0,1.0,0.0,0.0,,,,
17,Group stage,2026-06-27 00:00:00,Algeria,Austria,1.158571481704712,1.4729113578796387,2,0,-59.09176584800048,1.8,0.9,2.6,0.8,0.0,1.8,2.6,0.33,5.0,8.0,0.0,1.0,0.0,0.0,,,,
17,Group stage,2026-06-27 00:00:00,Colombia,Portugal,1.2624707221984863,1.5187855958938599,0,3,-69.16245657941545,2.3,1.2,2.9,0.8,0.0,2.3,2.9,0.33,7.0,9.0,0.0,1.0,0.0,0.0,,,,
17,Group stage,2026-06-27 00:00:00,Croatia,Ghana,2.167473316192627,0.6227332353591919,3,1,356.82911666916993,1.9,1.0,1.1,1.6,0.0,1.9,1.1,0.33,7.0,5.0,0.0,1.0,0.0,0.0,,,,
17,Group stage,2026-06-27 00:00:00,DR Congo,Uzbekistan,1.172572135925293,1.102840542793274,0,2,-4.236902749899173,1.2,0.8,1.5,1.0,0.0,1.2,1.5,0.33,2.0,1.0,0.0,1.0,0.0,0.0,,,,
17,Group stage,2026-06-27 00:00:00,Jordan,Argentina,0.4658420979976654,3.5522425174713135,0,4,-454.57786906205683,1.8,1.4,2.7,0.4,0.0,1.8,2.7,0.33,1.0,19.0,0.0,1.0,0.0,0.0,,,,
17,Group stage,2026-06-27 00:00:00,Panama,England,0.7532944083213806,2.0209929943084717,0,1,-221.25947974923588,1.6,0.9,2.4,0.3,0.0,1.6,2.4,0.33,2.0,17.0,0.0,1.0,0.0,0.0,,,,
17,Round of 32,2026-06-28 19:00:00,Mexico,Switzerland,1.1748911142349243,1.3619087934494019,0,1,-14.3604286803602,1.2,0.6,2.3,1.1,1.0,2.0,4.0,0.0,18.0,13.0,0.0,1.0,0.0,0.0,73.0,Switzerland,Mexico,False
17,Round of 32,2026-06-29 17:00:00,Morocco,Sweden,1.8462005853652954,0.942226231098175,3,1,203.04860487078963,2.1,0.3,1.4,1.6,0.0,2.1,1.4,0.33,7.0,14.0,0.0,1.0,0.0,0.0,74.0,Morocco,Sweden,False
17,Round of 32,2026-06-29 20:30:00,Ecuador,Brazil,1.2833994626998901,1.260542869567871,1,1,47.41729046506248,1.5,0.5,1.8,1.2,2.0,0.0,0.5,0.0,5.0,23.0,0.0,1.0,0.0,0.0,75.0,Brazil,Ecuador,True
17,Round of 32,2026-06-30 01:00:00,Netherlands,Scotland,2.118288278579712,1.0498547554016113,5,4,197.82203713169315,2.7,0.9,1.9,1.2,1.0,4.0,0.0,1.0,12.0,9.0,0.0,1.0,0.0,0.0,76.0,Netherlands,Scotland,False
17,Round of 32,2026-06-30 17:00:00,Germany,Senegal,1.6925687789916992,0.9950541257858276,4,1,60.58175075810482,2.8,0.6,1.6,0.9,0.0,2.8,1.6,0.33,21.0,4.0,0.0,1.0,0.0,0.0,77.0,Germany,Senegal,False
17,Round of 32,2026-06-30 21:00:00,France,Australia,2.285250186920166,0.7777917981147766,0,3,299.8274522208799,2.6,0.8,1.4,1.3,1.0,4.0,1.0,1.0,17.0,7.0,0.0,1.0,0.0,0.0,78.0,Australia,France,False
17,Round of 32,2026-07-01 01:00:00,Czech Republic,Cape Verde,2.1367950439453125,0.8027833700180054,0,0,209.41669327862087,2.0,0.9,1.5,1.5,0.0,2.0,1.5,0.33,2.0,1.0,0.0,1.0,0.0,0.0,79.0,Cape Verde,Czech Republic,True
17,Round of 32,2026-07-01 16:00:00,England,Norway,2.1996753215789795,0.8656811714172363,4,0,186.74377685440368,2.3,0.3,3.1,1.2,0.0,2.3,3.1,0.33,17.0,4.0,0.0,1.0,0.0,0.0,80.0,England,Norway,False
17,Round of 32,2026-07-01 20:00:00,Belgium,South Korea,1.850215196609497,1.1543099880218506,2,0,87.06050185927552,2.8,0.8,1.1,1.6,0.0,2.8,1.1,0.33,15.0,12.0,0.0,1.0,0.0,0.0,81.0,Belgium,South Korea,False
17,Round of 32,2026-07-02 00:00:00,Turkey,Ivory Coast,1.8723971843719482,0.8319228887557983,4,2,219.6936311606828,2.0,1.2,1.8,1.1,0.0,2.0,1.8,0.33,3.0,4.0,0.0,1.0,0.0,0.0,82.0,Turkey,Ivory Coast,False
17,Round of 32,2026-07-02 19:00:00,Uzbekistan,Croatia,0.9451736807823181,1.617724895477295,1,1,-115.14584901712692,1.4,1.0,2.1,1.1,0.0,1.4,2.1,0.33,1.0,7.0,0.0,1.0,0.0,0.0,83.0,Croatia,Uzbekistan,True
17,Round of 32,2026-07-02 23:00:00,Spain,Algeria,2.246845006942749,0.6736279726028442,0,0,360.0528961287173,2.9,0.5,1.9,0.8,0.0,2.9,1.9,0.33,17.0,5.0,0.0,1.0,0.0,0.0,84.0,Algeria,Spain,True
17,Round of 32,2026-07-03 03:00:00,Canada,Austria,1.4146099090576172,0.915481448173523,0,2,114.28791540907991,1.3,0.4,2.5,1.0,0.0,1.3,2.5,0.33,3.0,8.0,0.0,1.0,0.0,0.0,85.0,Austria,Canada,False
17,Round of 32,2026-07-03 18:00:00,United States,Iran,1.1286145448684692,1.2977635860443115,0,1,-38.641137299700176,1.8,1.2,1.6,0.6,1.0,1.0,0.0,1.0,12.0,7.0,0.0,1.0,0.0,0.0,86.0,Iran,United States,False
17,Round of 32,2026-07-03 22:00:00,Argentina,Uruguay,1.779018521308899,0.8535111546516418,0,3,243.10659357700524,3.0,0.3,1.0,1.0,2.0,0.5,1.0,0.5,19.0,15.0,0.0,1.0,0.0,0.0,87.0,Uruguay,Argentina,False
17,Round of 32,2026-07-04 01:30:00,Portugal,Panama,2.306858539581299,0.7377793788909912,6,1,252.61645842035568,2.7,0.8,1.5,1.0,0.0,2.7,1.5,0.33,9.0,2.0,0.0,1.0,0.0,0.0,88.0,Portugal,Panama,False
17,Round of 16,2026-07-04 17:00:00,Switzerland,Brazil,1.0980768203735352,1.7272237539291382,1,2,-86.52739768834272,2.1,1.1,1.9,1.2,1.0,0.0,1.0,0.0,13.0,23.0,0.0,1.0,0.0,0.0,89.0,Brazil,Switzerland,False
17,Round of 16,2026-07-04 21:00:00,Morocco,Germany,1.2835357189178467,1.4880744218826294,1,2,33.39076986959981,2.1,0.4,2.9,0.6,0.0,2.1,2.9,0.33,7.0,21.0,0.0,1.0,0.0,0.0,90.0,Germany,Morocco,False
17,Round of 16,2026-07-05 20:00:00,Netherlands,Australia,1.7141859531402588,1.0080702304840088,1,0,96.0198656573491,2.9,1.1,1.4,1.2,0.0,2.9,1.4,0.33,12.0,7.0,0.0,1.0,0.0,0.0,91.0,Netherlands,Australia,False
17,Round of 16,2026-07-06 00:00:00,Cape Verde,England,0.5126526951789856,2.81750226020813,1,3,-408.58328387892243,1.4,1.5,2.2,0.3,0.0,1.4,2.2,0.33,1.0,17.0,0.0,1.0,0.0,0.0,92.0,England,Cape Verde,False
17,Round of 16,2026-07-06 19:00:00,Croatia,Algeria,1.280810832977295,1.088998794555664,2,2,44.57631434501377,1.8,1.2,1.6,0.8,0.0,1.8,1.6,0.33,7.0,5.0,0.0,1.0,0.0,0.0,93.0,Algeria,Croatia,True
17,Round of 16,2026-07-07 00:00:00,Belgium,Turkey,1.4420766830444336,1.3646483421325684,1,2,-45.901098887242824,2.4,0.8,2.4,0.8,0.0,2.4,2.4,0.33,15.0,3.0,0.0,1.0,0.0,0.0,94.0,Turkey,Belgium,False
17,Round of 16,2026-07-07 16:00:00,Iran,Portugal,0.8732705116271973,1.6396747827529907,0,1,-214.4339508145622,1.4,0.6,3.0,0.7,0.0,1.4,3.0,0.33,7.0,9.0,0.0,1.0,0.0,0.0,95.0,Portugal,Iran,False
17,Round of 16,2026-07-07 20:00:00,Austria,Uruguay,1.0414605140686035,1.9279414415359497,2,1,-159.76487382955133,2.5,0.9,1.3,1.0,0.0,2.5,1.3,0.33,8.0,15.0,0.0,1.0,0.0,0.0,96.0,Austria,Uruguay,False
17,Quarter-final,2026-07-09 20:00:00,Brazil,Germany,1.1942031383514404,1.7286670207977295,2,3,-37.08874968188752,1.6,1.3,2.7,0.7,0.0,1.6,2.7,0.33,23.0,21.0,0.0,1.0,0.0,0.0,97.0,Germany,Brazil,False
17,Quarter-final,2026-07-10 19:00:00,Algeria,Turkey,1.0462356805801392,1.4271438121795654,2,1,-74.71430200317582,1.7,1.0,2.0,0.8,0.0,1.7,2.0,0.33,5.0,3.0,0.0,1.0,0.0,0.0,98.0,Algeria,Turkey,False
17,Quarter-final,2026-07-11 21:00:00,Netherlands,England,1.0947626829147339,1.6950995922088623,1,2,-68.62422752189445,2.6,1.1,2.2,0.4,1.0,1.0,2.0,0.0,12.0,17.0,0.0,1.0,0.0,0.0,99.0,England,Netherlands,False
17,Quarter-final,2026-07-12 01:00:00,Portugal,Austria,2.0261871814727783,0.8023932576179504,4,1,216.1999068435723,3.0,0.7,1.7,1.0,0.0,3.0,1.7,0.33,9.0,8.0,0.0,1.0,0.0,0.0,100.0,Portugal,Austria,False
17,Semi-final,2026-07-14 19:00:00,Germany,Algeria,1.805038571357727,0.9007293581962585,2,0,106.51120233537586,2.9,0.9,1.6,1.0,0.0,2.9,1.6,0.33,21.0,5.0,0.0,1.0,0.0,0.0,101.0,Germany,Algeria,False
17,Semi-final,2026-07-15 19:00:00,England,Portugal,1.235085368156433,1.3165946006774902,0,1,-4.253918947406419,1.9,0.5,3.2,0.6,0.0,1.9,3.2,0.33,17.0,9.0,0.0,1.0,0.0,0.0,102.0,Portugal,England,False
17,Third-place playoff,2026-07-18 21:00:00,Algeria,England,0.8455430269241333,1.9067487716674805,0,1,-170.06254609930852,1.5,1.2,1.7,0.6,0.0,1.5,1.7,0.33,5.0,17.0,0.0,1.0,0.0,0.0,103.0,England,Algeria,False
17,Final,2026-07-19 19:00:00,Germany,Portugal,1.1824185848236084,1.4577058553695679,1,1,-63.82838597453542,2.9,0.9,3.3,0.4,1.0,1.0,2.0,0.0,21.0,9.0,0.0,1.0,0.0,0.0,104.0,Portugal,Germany,True
18,Group stage,2026-06-11 00:00:00,Mexico,South Africa,2.1329286098480225,0.6023440957069397,4,2,297.64561459530705,1.1,1.0,1.5,1.1,0.0,1.1,1.5,0.33,17.0,3.0,1.0,0.0,0.0,0.0,,,,
18,Group stage,2026-06-11 00:00:00,South Korea,Czech Republic,1.656619668006897,0.9059049487113953,0,2,98.40437375226111,1.5,1.2,1.8,1.2,0.0,1.5,1.8,0.33,11.0,1.0,0.0,1.0,0.0,0.0,,,,
18,Group stage,2026-06-12 00:00:00,Canada,Bosnia and Herzegovina,2.178720712661743,0.6230993866920471,2,1,252.19701310772894,1.1,0.4,2.1,1.1,0.0,1.1,2.1,0.33,2.0,1.0,1.0,0.0,0.0,0.0,,,,
18,Group stage,2026-06-12 00:00:00,United States,Paraguay,1.3273921012878418,1.1478886604309082,1,2,-90.4406608260008,1.7,1.6,1.0,1.0,1.0,2.0,1.0,1.0,11.0,8.0,1.0,0.0,0.0,0.0,,,,
18,Group stage,2026-06-13 00:00:00,Australia,Turkey,1.306311845779419,1.4813357591629028,4,2,-47.69773714089274,1.5,0.9,2.1,1.4,0.0,1.5,2.1,0.33,6.0,2.0,0.0,1.0,0.0,0.0,,,,
18,Group stage,2026-06-13 00:00:00,Brazil,Morocco,1.3794176578521729,1.0310763120651245,1,0,71.7854817950124,1.8,0.8,1.8,0.5,1.0,1.0,2.0,0.0,22.0,6.0,0.0,1.0,0.0,0.0,,,,
18,Group stage,2026-06-13 00:00:00,Haiti,Scotland,0.8986091017723083,1.6037302017211914,1,1,-128.96035980586862,1.2,1.1,1.8,1.2,0.0,1.2,1.8,0.33,1.0,8.0,0.0,1.0,0.0,0.0,,,,
18,Group stage,2026-06-13 00:00:00,Qatar,Switzerland,0.5497463941574097,2.393497943878174,1,1,-360.84472108477416,0.9,1.9,2.5,0.8,0.0,0.9,2.5,0.33,1.0,12.0,0.0,1.0,0.0,0.0,,,,
18,Group stage,2026-06-14 00:00:00,Germany,Curaçao,2.8003809452056885,0.6807331442832947,3,1,361.1352259778141,2.3,1.1,1.6,1.3,0.0,2.3,1.6,0.33,20.0,0.0,0.0,1.0,0.0,0.0,,,,
18,Group stage,2026-06-14 00:00:00,Ivory Coast,Ecuador,0.7578378915786743,1.6096333265304565,0,3,-219.15155902699053,2.0,0.7,0.7,0.4,0.0,2.0,0.7,0.33,3.0,4.0,0.0,1.0,0.0,0.0,,,,
18,Group stage,2026-06-14 00:00:00,Netherlands,Japan,1.4094085693359375,1.0377333164215088,1,0,19.05367466640928,3.0,0.6,1.8,0.7,0.0,3.0,1.8,0.33,11.0,7.0,0.0,1.0,0.0,0.0,,,,
18,Group stage,2026-06-14 00:00:00,Sweden,Tunisia,1.4389334917068481,1.2469319105148315,2,1,22.565366858667858,1.6,1.8,1.4,1.0,0.0,1.6,1.4,0.33,13.0,6.0,0.0,1.0,0.0,0.0,,,,
18,Group stage,2026-06-15 00:00:00,Belgium,Egypt,1.4515180587768555,0.9129274487495422,1,0,99.79242592327387,3.5,1.0,1.3,0.8,1.0,1.0,2.0,0.0,14.0,3.0,0.0,1.0,0.0,0.0,,,,
18,Group stage,2026-06-15 00:00:00,Iran,New Zealand,1.6201878786087036,0.738328218460083,0,1,142.34033556219924,1.6,0.7,0.9,1.5,0.0,1.6,0.9,0.33,6.0,2.0,0.0,1.0,0.0,0.0,,,,
18,Group stage,2026-06-15 00:00:00,Saudi Arabia,Uruguay,0.7248218059539795,1.7654508352279663,0,0,-283.38107610897714,0.9,1.3,1.0,0.9,0.0,0.9,1.0,0.33,6.0,14.0,0.0,1.0,0.0,0.0,,,,
18,Group stage,2026-06-15 00:00:00,Spain,Cape Verde,3.966179609298706,0.5665221810340881,6,0,563.2850614519855,3.1,0.8,1.7,1.0,0.0,3.1,1.7,0.33,16.0,0.0,0.0,1.0,0.0,0.0,,,,
18,Group stage,2026-06-16 00:00:00,Argentina,Algeria,2.156207323074341,0.7074368596076965,2,0,323.48300707879844,2.5,0.4,2.3,0.5,0.0,2.5,2.3,0.33,18.0,4.0,0.0,1.0,0.0,0.0,,,,
18,Group stage,2026-06-16 00:00:00,Austria,Jordan,2.314819097518921,0.9839795827865601,4,0,80.9944962008201,2.8,0.5,2.0,1.5,0.0,2.8,2.0,0.33,7.0,0.0,0.0,1.0,0.0,0.0,,,,
18,Group stage,2026-06-16 00:00:00,France,Senegal,2.243558645248413,0.8569515347480774,1,1,209.2497238875883,2.7,1.1,2.5,0.6,0.0,2.7,2.5,0.33,16.0,3.0,0.0,1.0,0.0,0.0,,,,
18,Group stage,2026-06-16 00:00:00,Iraq,Norway,0.7500935196876526,1.7158862352371216,0,1,-223.33641759859006,1.1,0.7,3.1,0.6,0.0,1.1,3.1,0.33,1.0,3.0,0.0,1.0,0.0,0.0,,,,
18,Group stage,2026-06-17 00:00:00,England,Croatia,1.630310297012329,1.0758646726608276,2,0,94.46756707201507,2.2,0.5,2.9,0.8,0.0,2.2,2.9,0.33,16.0,6.0,0.0,1.0,0.0,0.0,,,,
18,Group stage,2026-06-17 00:00:00,Ghana,Panama,0.8218146562576294,1.872027039527893,0,2,-237.5714618522527,1.5,1.3,1.3,0.8,0.0,1.5,1.3,0.33,4.0,1.0,0.0,1.0,0.0,0.0,,,,
18,Group stage,2026-06-17 00:00:00,Portugal,DR Congo,2.063178300857544,0.639021098613739,2,2,275.4864091486654,2.6,1.0,1.2,0.3,0.0,2.6,1.2,0.33,8.0,1.0,0.0,1.0,0.0,0.0,,,,
18,Group stage,2026-06-17 00:00:00,Uzbekistan,Colombia,0.7373384833335876,1.79137122631073,0,1,-213.1223064060914,1.5,0.7,2.1,1.0,0.0,1.5,2.1,0.33,0.0,6.0,0.0,1.0,0.0,0.0,,,,
18,Group stage,2026-06-18 00:00:00,Canada,Qatar,2.1320736408233643,0.45336854457855225,2,0,299.2118321064054,1.1,0.5,1.0,1.7,1.0,2.0,0.0,1.0,3.0,2.0,1.0,0.0,0.0,0.0,,,,
18,Group stage,2026-06-18 00:00:00,Czech Republic,South Africa,1.7654517889022827,0.8885564804077148,3,1,183.29235983413014,1.8,1.2,1.6,1.4,0.0,1.8,1.6,0.33,2.0,4.0,0.0,1.0,0.0,0.0,,,,
18,Group stage,2026-06-18 00:00:00,Mexico,South Korea,1.6531169414520264,0.9347694516181946,3,0,147.3455671732802,1.3,1.0,1.3,1.4,1.0,2.0,2.0,0.0,18.0,12.0,1.0,0.0,0.0,0.0,,,,
18,Group stage,2026-06-18 00:00:00,Switzerland,Bosnia and Herzegovina,2.333515167236328,0.7457178831100464,2,2,281.15256020962124,2.2,0.7,2.1,1.3,0.0,2.2,2.1,0.33,13.0,2.0,0.0,1.0,0.0,0.0,,,,
18,Group stage,2026-06-19 00:00:00,Brazil,Haiti,2.3802549839019775,0.6112824082374573,2,1,372.33448841443465,1.9,0.8,1.2,1.1,0.0,1.9,1.2,0.33,23.0,2.0,0.0,1.0,0.0,0.0,,,,
18,Group stage,2026-06-19 00:00:00,Scotland,Morocco,0.9408405423164368,1.535299301147461,1,0,-145.11340108388777,1.8,1.0,1.5,0.4,0.0,1.8,1.5,0.33,9.0,7.0,0.0,1.0,0.0,0.0,,,,
18,Group stage,2026-06-19 00:00:00,Turkey,Paraguay,1.235363245010376,1.5321621894836426,1,0,-38.63468751731557,2.1,1.7,1.0,1.1,0.0,2.1,1.0,0.33,3.0,9.0,0.0,1.0,0.0,0.0,,,,
18,Group stage,2026-06-19 00:00:00,United States,Australia,1.218361496925354,1.427880048751831,2,0,-168.0372777307873,1.6,1.7,1.8,1.1,1.0,2.0,1.0,1.0,12.0,7.0,1.0,0.0,0.0,0.0,,,,
18,Group stage,2026-06-20 00:00:00,Ecuador,Curaçao,2.676652431488037,0.5985035300254822,0,1,430.23364272634217,1.0,0.4,1.6,1.5,0.0,1.0,1.6,0.33,5.0,1.0,0.0,1.0,0.0,0.0,,,,
18,Group stage,2026-06-20 00:00:00,Germany,Ivory Coast,2.097902774810791,0.8135637640953064,1,0,216.412406876776,2.5,1.0,1.7,1.0,0.0,2.5,1.7,0.33,21.0,4.0,0.0,1.0,0.0,0.0,,,,
18,Group stage,2026-06-20 00:00:00,Netherlands,Sweden,2.288139581680298,0.9901195168495178,1,1,239.76283661348316,2.9,0.6,1.6,1.9,0.0,2.9,1.6,0.33,12.0,14.0,0.0,1.0,0.0,0.0,,,,
18,Group stage,2026-06-20 00:00:00,Tunisia,Japan,0.8150612711906433,1.823997139930725,0,2,-242.6702564949237,1.4,1.1,1.8,0.7,0.0,1.4,1.8,0.33,7.0,8.0,0.0,1.0,0.0,0.0,,,,
18,Group stage,2026-06-21 00:00:00,Belgium,Iran,1.6385360956192017,1.0382848978042603,0,0,84.4357067105359,3.5,0.9,1.4,0.8,0.0,3.5,1.4,0.33,15.0,7.0,0.0,1.0,0.0,0.0,,,,
18,Group stage,2026-06-21 00:00:00,New Zealand,Egypt,1.1024550199508667,1.1796962022781372,1,0,-0.4658917576480235,0.9,1.5,1.3,0.6,1.0,0.0,1.0,0.0,3.0,4.0,0.0,1.0,0.0,0.0,,,,
18,Group stage,2026-06-21 00:00:00,Spain,Saudi Arabia,3.0730679035186768,0.47658488154411316,2,0,520.17854135224,3.2,0.4,0.9,1.3,0.0,3.2,0.9,0.33,17.0,7.0,0.0,1.0,0.0,0.0,,,,
18,Group stage,2026-06-21 00:00:00,Uruguay,Cape Verde,2.2545478343963623,0.6749271750450134,1,1,295.71337481708315,1.0,0.7,1.4,1.6,0.0,1.0,1.4,0.33,15.0,1.0,0.0,1.0,0.0,0.0,,,,
18,Group stage,2026-06-22 00:00:00,Argentina,Austria,2.265134811401367,0.7756901979446411,5,1,278.41943090072823,2.3,0.3,3.0,0.4,0.0,2.3,3.0,0.33,19.0,8.0,0.0,1.0,0.0,0.0,,,,
18,Group stage,2026-06-22 00:00:00,France,Iraq,2.3854968547821045,0.5002785325050354,1,0,388.7210746627834,2.4,0.7,1.0,0.8,0.0,2.4,1.0,0.33,17.0,2.0,0.0,1.0,0.0,0.0,,,,
18,Group stage,2026-06-22 00:00:00,Jordan,Algeria,1.0294359922409058,1.7271006107330322,1,2,-98.46765276000951,1.8,1.6,1.8,0.6,0.0,1.8,1.8,0.33,1.0,5.0,0.0,1.0,0.0,0.0,,,,
18,Group stage,2026-06-22 00:00:00,Norway,Senegal,1.4025331735610962,1.0031976699829102,1,2,37.53658478684929,2.9,0.6,1.8,0.7,0.0,2.9,1.8,0.33,4.0,4.0,0.0,1.0,0.0,0.0,,,,
18,Group stage,2026-06-23 00:00:00,Colombia,DR Congo,1.8997457027435303,0.7193173766136169,1,1,275.2761641797906,2.2,1.0,1.3,0.5,0.0,2.2,1.3,0.33,7.0,2.0,0.0,1.0,0.0,0.0,,,,
18,Group stage,2026-06-23 00:00:00,England,Ghana,2.7920682430267334,0.7158810496330261,6,2,508.74274823022756,2.3,0.5,1.4,1.3,0.0,2.3,1.4,0.33,17.0,5.0,0.0,1.0,0.0,0.0,,,,
18,Group stage,2026-06-23 00:00:00,Panama,Croatia,1.0846474170684814,1.393350601196289,0,1,-74.04669478132723,1.5,0.8,2.2,1.0,0.0,1.5,2.2,0.33,2.0,7.0,0.0,1.0,0.0,0.0,,,,
18,Group stage,2026-06-23 00:00:00,Portugal,Uzbekistan,2.0308420658111572,0.7973358035087585,1,1,200.93756031782618,2.6,1.1,1.3,0.6,0.0,2.6,1.3,0.33,9.0,1.0,0.0,1.0,0.0,0.0,,,,
18,Group stage,2026-06-24 00:00:00,Bosnia and Herzegovina,Qatar,1.910121202468872,1.1709778308868408,2,3,61.34266728738703,2.2,1.3,0.8,1.7,0.0,2.2,0.8,0.33,2.0,2.0,0.0,1.0,0.0,0.0,,,,
18,Group stage,2026-06-24 00:00:00,Canada,Switzerland,1.276229977607727,0.9814625382423401,0,0,13.29751488723059,1.2,0.4,2.0,0.9,0.0,1.2,2.0,0.33,3.0,13.0,1.0,0.0,0.0,0.0,,,,
18,Group stage,2026-06-24 00:00:00,Mexico,Czech Republic,1.7732641696929932,0.7433933615684509,4,0,128.0540733565631,1.6,0.6,2.0,0.8,0.0,1.6,2.0,0.33,18.0,2.0,1.0,0.0,0.0,0.0,,,,
18,Group stage,2026-06-24 00:00:00,Morocco,Haiti,1.7987697124481201,0.7037508487701416,2,1,217.22087531979878,1.3,0.5,1.2,1.1,0.0,1.3,1.2,0.33,7.0,2.0,0.0,1.0,0.0,0.0,,,,
18,Group stage,2026-06-24 00:00:00,Scotland,Brazil,0.8120385408401489,2.128070116043091,1,2,-229.1238171525231,1.5,1.0,2.0,0.9,0.0,1.5,2.0,0.33,9.0,23.0,0.0,1.0,0.0,0.0,,,,
18,Group stage,2026-06-24 00:00:00,South Africa,South Korea,1.0723239183425903,1.9500772953033447,1,5,-169.73197114965114,1.7,1.7,0.9,1.7,0.0,1.7,0.9,0.33,4.0,12.0,0.0,1.0,0.0,0.0,,,,
18,Group stage,2026-06-25 00:00:00,Curaçao,Ivory Coast,1.019036889076233,1.586423635482788,1,1,-95.97793532290643,1.6,1.3,1.7,1.0,0.0,1.6,1.7,0.33,1.0,4.0,0.0,1.0,0.0,0.0,,,,
18,Group stage,2026-06-25 00:00:00,Ecuador,Germany,1.096493124961853,1.4367655515670776,1,1,-19.667096463163944,1.0,0.5,2.6,0.8,0.0,1.0,2.6,0.33,5.0,21.0,0.0,1.0,0.0,0.0,,,,
18,Group stage,2026-06-25 00:00:00,Japan,Sweden,1.6361503601074219,1.0736860036849976,1,1,163.90251528643194,1.4,0.7,1.3,1.7,0.0,1.4,1.3,0.33,8.0,14.0,0.0,1.0,0.0,0.0,,,,
18,Group stage,2026-06-25 00:00:00,Paraguay,Australia,1.217778205871582,1.2138904333114624,6,2,4.432774894205522,1.0,1.1,1.6,1.2,0.0,1.0,1.6,0.33,9.0,7.0,0.0,1.0,0.0,0.0,,,,
18,Group stage,2026-06-25 00:00:00,Tunisia,Netherlands,0.7062296867370605,1.9739261865615845,3,5,-318.3429678934085,1.4,1.2,2.2,0.7,0.0,1.4,2.2,0.33,7.0,12.0,0.0,1.0,0.0,0.0,,,,
18,Group stage,2026-06-25 00:00:00,United States,Turkey,1.6200182437896729,1.3568793535232544,1,1,-93.07742739881223,1.7,1.5,2.2,1.6,1.0,1.0,2.0,0.0,12.0,3.0,1.0,0.0,0.0,0.0,,,,
18,Group stage,2026-06-26 00:00:00,Cape Verde,Saudi Arabia,1.147682785987854,1.3463417291641235,1,1,-27.65255956658416,1.4,1.6,0.8,1.5,0.0,1.4,0.8,0.33,1.0,7.0,0.0,1.0,0.0,0.0,,,,
18,Group stage,2026-06-26 00:00:00,Egypt,Iran,0.9611420631408691,1.2671836614608765,0,2,-95.7727293449077,1.1,0.6,1.2,0.6,0.0,1.1,1.2,0.33,4.0,7.0,0.0,1.0,0.0,0.0,,,,
18,Group stage,2026-06-26 00:00:00,New Zealand,Belgium,1.0362924337387085,1.6220635175704956,1,0,-106.29278619899014,0.9,1.3,3.1,0.6,0.0,0.9,3.1,0.33,3.0,15.0,0.0,1.0,0.0,0.0,,,,
18,Group stage,2026-06-26 00:00:00,Norway,France,0.9873059391975403,2.1238479614257812,0,5,-178.4071824429675,2.9,0.8,2.3,0.7,0.0,2.9,2.3,0.33,4.0,17.0,0.0,1.0,0.0,0.0,,,,
18,Group stage,2026-06-26 00:00:00,Senegal,Iraq,1.8005071878433228,0.6360797882080078,2,0,250.8048645194658,1.7,0.8,0.9,0.9,0.0,1.7,0.9,0.33,4.0,2.0,0.0,1.0,0.0,0.0,,,,
18,Group stage,2026-06-26 00:00:00,Uruguay,Spain,0.7277283668518066,2.224752426147461,1,3,-302.19973994140446,0.9,0.8,3.2,0.2,0.0,0.9,3.2,0.33,15.0,17.0,0.0,1.0,0.0,0.0,,,,
18,Group stage,2026-06-27 00:00:00,Algeria,Austria,1.209735631942749,1.2336022853851318,0,0,-28.692202763524392,1.8,0.7,2.7,0.9,0.0,1.8,2.7,0.33,5.0,8.0,0.0,1.0,0.0,0.0,,,,
18,Group stage,2026-06-27 00:00:00,Colombia,Portugal,1.5037240982055664,1.2448111772537231,2,0,35.24553725787132,2.2,1.0,2.5,1.0,0.0,2.2,2.5,0.33,7.0,9.0,0.0,1.0,0.0,0.0,,,,
18,Group stage,2026-06-27 00:00:00,Croatia,Ghana,2.427886962890625,0.6663793325424194,1,0,377.5722526568984,1.8,0.9,1.2,1.9,0.0,1.8,1.2,0.33,7.0,5.0,0.0,1.0,0.0,0.0,,,,
18,Group stage,2026-06-27 00:00:00,DR Congo,Uzbekistan,1.0400525331497192,1.0335041284561157,1,2,-30.797859252090348,1.3,0.6,1.4,0.7,0.0,1.3,1.4,0.33,2.0,1.0,0.0,1.0,0.0,0.0,,,,
18,Group stage,2026-06-27 00:00:00,Jordan,Argentina,0.474341481924057,3.5966858863830566,1,4,-486.7263326904931,1.7,1.5,2.7,0.4,0.0,1.7,2.7,0.33,1.0,19.0,0.0,1.0,0.0,0.0,,,,
18,Group stage,2026-06-27 00:00:00,Panama,England,0.7364878058433533,2.044297933578491,2,0,-264.0408722139514,1.4,0.8,2.8,0.4,0.0,1.4,2.8,0.33,2.0,17.0,0.0,1.0,0.0,0.0,,,,
18,Round of 32,2026-06-28 19:00:00,Czech Republic,Qatar,2.0138978958129883,0.7637580037117004,1,0,207.08021164761522,1.8,1.2,0.9,1.7,0.0,1.8,0.9,0.33,2.0,2.0,0.0,1.0,0.0,0.0,73.0,Czech Republic,Qatar,False
18,Round of 32,2026-06-29 17:00:00,Brazil,Sweden,1.9989302158355713,0.8288790583610535,1,0,266.67060047076484,1.9,1.0,1.2,1.6,0.0,1.9,1.2,0.33,23.0,14.0,0.0,1.0,0.0,0.0,74.0,Brazil,Sweden,False
18,Round of 32,2026-06-29 20:30:00,Germany,Turkey,1.7267049551010132,1.130109190940857,0,0,63.982975507836045,2.7,0.7,2.0,1.5,1.0,2.0,3.0,0.0,21.0,3.0,0.0,1.0,0.0,0.0,75.0,Turkey,Germany,True
18,Round of 32,2026-06-30 01:00:00,Netherlands,Scotland,2.0539748668670654,1.0038776397705078,3,1,190.87886172676008,2.6,0.9,1.6,1.2,1.0,4.0,0.0,1.0,12.0,9.0,0.0,1.0,0.0,0.0,76.0,Netherlands,Scotland,False
18,Round of 32,2026-06-30 17:00:00,Curaçao,Senegal,0.6291835904121399,2.1822900772094727,0,1,-322.4140561599702,1.7,1.4,1.8,0.7,0.0,1.7,1.8,0.33,1.0,4.0,0.0,1.0,0.0,0.0,77.0,Senegal,Curaçao,False
18,Round of 32,2026-06-30 21:00:00,France,Japan,1.918297529220581,0.8395993709564209,2,0,190.72746945243307,2.6,0.7,1.5,0.8,0.0,2.6,1.5,0.33,17.0,8.0,0.0,1.0,0.0,0.0,78.0,France,Japan,False
18,Round of 32,2026-07-01 01:00:00,Mexico,Ecuador,1.1558094024658203,0.9638250470161438,0,1,23.679103163878153,1.9,0.5,1.1,0.6,2.0,0.5,0.5,0.0,18.0,5.0,0.0,1.0,0.0,0.0,79.0,Ecuador,Mexico,False
18,Round of 32,2026-07-01 16:00:00,Panama,Algeria,1.2584348917007446,1.037551999092102,2,1,58.002505513198685,1.5,0.8,1.7,0.6,0.0,1.5,1.7,0.33,2.0,5.0,0.0,1.0,0.0,0.0,80.0,Panama,Algeria,False
18,Round of 32,2026-07-01 20:00:00,New Zealand,South Korea,1.3647849559783936,1.2198752164840698,1,3,25.978474518813073,1.0,1.2,1.2,1.8,0.0,1.0,1.2,0.33,3.0,12.0,0.0,1.0,0.0,0.0,81.0,South Korea,New Zealand,False
18,Round of 32,2026-07-02 00:00:00,Paraguay,Switzerland,1.4065778255462646,1.168649673461914,1,0,61.82264981294156,1.6,1.3,1.6,0.9,0.0,1.6,1.6,0.33,9.0,13.0,0.0,1.0,0.0,0.0,82.0,Paraguay,Switzerland,False
18,Round of 32,2026-07-02 19:00:00,Uzbekistan,England,0.8207346796989441,1.9726897478103638,0,4,-176.92577630919754,1.3,0.8,2.6,0.6,0.0,1.3,2.6,0.33,1.0,17.0,0.0,1.0,0.0,0.0,83.0,England,Uzbekistan,False
18,Round of 32,2026-07-02 23:00:00,Spain,Austria,2.3687562942504883,0.7146571278572083,2,0,352.8137413930099,3.2,0.3,2.6,0.9,0.0,3.2,2.6,0.33,17.0,8.0,0.0,1.0,0.0,0.0,84.0,Spain,Austria,False
18,Round of 32,2026-07-03 03:00:00,Canada,Belgium,1.123410940170288,1.2044868469238281,0,3,14.828862711631473,0.9,0.4,2.5,0.7,1.0,0.0,1.0,0.0,3.0,15.0,0.0,1.0,0.0,0.0,85.0,Belgium,Canada,False
18,Round of 32,2026-07-03 18:00:00,United States,Iran,1.15835702419281,1.3097800016403198,2,1,-40.6108300803553,1.8,1.4,1.4,0.5,1.0,1.0,0.0,1.0,12.0,7.0,0.0,1.0,0.0,0.0,86.0,United States,Iran,False
18,Round of 32,2026-07-03 22:00:00,Argentina,Cape Verde,3.5240721702575684,0.5683416128158569,5,0,539.2704922457021,3.0,0.4,1.3,1.7,0.0,3.0,1.3,0.33,19.0,1.0,0.0,1.0,0.0,0.0,87.0,Argentina,Cape Verde,False
18,Round of 32,2026-07-04 01:30:00,Colombia,Croatia,1.3364025354385376,0.9777154922485352,1,0,103.68688324997652,2.1,1.0,1.8,0.9,1.0,1.0,2.0,0.0,7.0,7.0,0.0,1.0,0.0,0.0,88.0,Colombia,Croatia,False
18,Round of 16,2026-07-04 17:00:00,Czech Republic,Turkey,0.9742142558097839,1.3815536499023438,2,0,-125.86066194544105,1.8,1.1,2.0,0.9,2.0,1.0,2.0,0.0,2.0,3.0,0.0,1.0,0.0,0.0,89.0,Czech Republic,Turkey,False
18,Round of 16,2026-07-04 21:00:00,Brazil,Senegal,1.427764892578125,0.919460654258728,1,3,104.88168087375766,2.0,0.9,1.6,0.7,2.0,2.0,2.0,0.5,23.0,4.0,0.0,1.0,0.0,0.0,90.0,Senegal,Brazil,False
18,Round of 16,2026-07-05 20:00:00,Netherlands,France,0.9767022132873535,1.4799832105636597,1,1,-125.16165726181248,2.6,0.8,2.6,0.6,3.0,0.3333333333333333,2.0,0.0,12.0,17.0,0.0,1.0,0.0,0.0,91.0,Netherlands,France,True
18,Round of 16,2026-07-06 00:00:00,Ecuador,Panama,1.3753817081451416,0.9066367745399475,3,1,65.05268481970074,1.1,0.6,1.6,0.8,0.0,1.1,1.6,0.33,5.0,2.0,0.0,1.0,0.0,0.0,92.0,Ecuador,Panama,False
18,Round of 16,2026-07-06 19:00:00,England,Spain,0.9102340340614319,1.773411750793457,2,2,-182.80415853160525,2.5,0.6,2.8,0.3,1.0,1.0,2.0,0.0,17.0,17.0,0.0,1.0,0.0,0.0,93.0,Spain,England,True
18,Round of 16,2026-07-07 00:00:00,South Korea,Paraguay,1.1037260293960571,1.5988988876342773,1,0,-113.08066352202286,1.3,1.7,1.6,1.3,1.0,2.0,0.0,1.0,12.0,9.0,0.0,1.0,0.0,0.0,94.0,South Korea,Paraguay,False
18,Round of 16,2026-07-07 16:00:00,United States,Colombia,0.8801379203796387,1.7066912651062012,0,3,-229.1634435776282,1.8,1.5,1.6,0.7,2.0,0.5,2.5,0.0,12.0,7.0,0.0,1.0,0.0,0.0,95.0,Colombia,United States,False
18,Round of 16,2026-07-07 20:00:00,Belgium,Argentina,0.8387287259101868,2.502354621887207,3,1,-285.75843061671776,2.2,0.7,3.2,0.4,0.0,2.2,3.2,0.33,15.0,19.0,0.0,1.0,0.0,0.0,96.0,Belgium,Argentina,False
18,Quarter-final,2026-07-09 20:00:00,Czech Republic,Senegal,0.9224499464035034,1.638025164604187,0,1,-153.04411132253063,2.0,1.1,1.6,0.7,0.0,2.0,1.6,0.33,2.0,4.0,0.0,1.0,0.0,0.0,97.0,Senegal,Czech Republic,False
18,Quarter-final,2026-07-10 19:00:00,Spain,South Korea,2.308359384536743,0.8362056612968445,2,1,356.19059388697974,2.8,0.5,1.4,1.2,0.0,2.8,1.4,0.33,17.0,12.0,0.0,1.0,0.0,0.0,98.0,Spain,South Korea,False
18,Quarter-final,2026-07-11 21:00:00,Netherlands,Ecuador,1.2645764350891113,1.031989336013794,1,3,42.205048673899,2.3,0.9,1.3,0.6,2.0,1.0,1.0,0.0,12.0,5.0,0.0,1.0,0.0,0.0,99.0,Ecuador,Netherlands,False
18,Quarter-final,2026-07-12 01:00:00,Colombia,Belgium,1.3976387977600098,1.1348532438278198,2,3,115.6834392678411,1.5,0.7,2.5,0.8,0.0,1.5,2.5,0.33,7.0,15.0,0.0,1.0,0.0,0.0,100.0,Belgium,Colombia,False
18,Semi-final,2026-07-14 19:00:00,Senegal,Spain,0.8683591485023499,1.8638495206832886,1,1,-200.17740583999762,1.6,0.7,2.6,0.6,0.0,1.6,2.6,0.33,4.0,17.0,0.0,1.0,0.0,0.0,101.0,Senegal,Spain,True
18,Semi-final,2026-07-15 19:00:00,Ecuador,Belgium,1.2467280626296997,1.2279677391052246,2,2,52.377400719977004,1.5,0.6,2.4,0.8,0.0,1.5,2.4,0.33,5.0,15.0,0.0,1.0,0.0,0.0,102.0,Belgium,Ecuador,True
18,Third-place playoff,2026-07-18 21:00:00,Spain,Ecuador,1.7853480577468872,0.8692095875740051,2,0,163.0577263522805,2.3,0.7,1.7,0.8,0.0,2.3,1.7,0.33,17.0,5.0,0.0,1.0,0.0,0.0,103.0,Spain,Ecuador,False
18,Final,2026-07-19 19:00:00,Senegal,Belgium,1.260773777961731,1.2834885120391846,0,1,37.47236479505409,1.6,0.8,2.5,0.9,0.0,1.6,2.5,0.33,4.0,15.0,0.0,1.0,0.0,0.0,104.0,Belgium,Senegal,False
19,Group stage,2026-06-11 00:00:00,Mexico,South Africa,2.1329286098480225,0.6023440957069397,1,0,297.64561459530705,1.1,1.0,1.5,1.1,0.0,1.1,1.5,0.33,17.0,3.0,1.0,0.0,0.0,0.0,,,,
19,Group stage,2026-06-11 00:00:00,South Korea,Czech Republic,1.656619668006897,0.9059049487113953,2,0,98.40437375226111,1.5,1.2,1.8,1.2,0.0,1.5,1.8,0.33,11.0,1.0,0.0,1.0,0.0,0.0,,,,
19,Group stage,2026-06-12 00:00:00,Canada,Bosnia and Herzegovina,2.178720712661743,0.6230993866920471,7,3,252.19701310772894,1.1,0.4,2.1,1.1,0.0,1.1,2.1,0.33,2.0,1.0,1.0,0.0,0.0,0.0,,,,
19,Group stage,2026-06-12 00:00:00,United States,Paraguay,1.3273921012878418,1.1478886604309082,1,1,-90.4406608260008,1.7,1.6,1.0,1.0,1.0,2.0,1.0,1.0,11.0,8.0,1.0,0.0,0.0,0.0,,,,
19,Group stage,2026-06-13 00:00:00,Australia,Turkey,1.306311845779419,1.4813357591629028,2,0,-47.69773714089274,1.5,0.9,2.1,1.4,0.0,1.5,2.1,0.33,6.0,2.0,0.0,1.0,0.0,0.0,,,,
19,Group stage,2026-06-13 00:00:00,Brazil,Morocco,1.3794176578521729,1.0310763120651245,1,2,71.7854817950124,1.8,0.8,1.8,0.5,1.0,1.0,2.0,0.0,22.0,6.0,0.0,1.0,0.0,0.0,,,,
19,Group stage,2026-06-13 00:00:00,Haiti,Scotland,0.8986091017723083,1.6037302017211914,2,1,-128.96035980586862,1.2,1.1,1.8,1.2,0.0,1.2,1.8,0.33,1.0,8.0,0.0,1.0,0.0,0.0,,,,
19,Group stage,2026-06-13 00:00:00,Qatar,Switzerland,0.5497463941574097,2.393497943878174,0,1,-360.84472108477416,0.9,1.9,2.5,0.8,0.0,0.9,2.5,0.33,1.0,12.0,0.0,1.0,0.0,0.0,,,,
19,Group stage,2026-06-14 00:00:00,Germany,Curaçao,2.8003809452056885,0.6807331442832947,0,0,361.1352259778141,2.3,1.1,1.6,1.3,0.0,2.3,1.6,0.33,20.0,0.0,0.0,1.0,0.0,0.0,,,,
19,Group stage,2026-06-14 00:00:00,Ivory Coast,Ecuador,0.7578378915786743,1.6096333265304565,0,2,-219.15155902699053,2.0,0.7,0.7,0.4,0.0,2.0,0.7,0.33,3.0,4.0,0.0,1.0,0.0,0.0,,,,
19,Group stage,2026-06-14 00:00:00,Netherlands,Japan,1.4094085693359375,1.0377333164215088,2,0,19.05367466640928,3.0,0.6,1.8,0.7,0.0,3.0,1.8,0.33,11.0,7.0,0.0,1.0,0.0,0.0,,,,
19,Group stage,2026-06-14 00:00:00,Sweden,Tunisia,1.4389334917068481,1.2469319105148315,0,1,22.565366858667858,1.6,1.8,1.4,1.0,0.0,1.6,1.4,0.33,13.0,6.0,0.0,1.0,0.0,0.0,,,,
19,Group stage,2026-06-15 00:00:00,Belgium,Egypt,1.4515180587768555,0.9129274487495422,1,1,99.79242592327387,3.5,1.0,1.3,0.8,1.0,1.0,2.0,0.0,14.0,3.0,0.0,1.0,0.0,0.0,,,,
19,Group stage,2026-06-15 00:00:00,Iran,New Zealand,1.6201878786087036,0.738328218460083,2,2,142.34033556219924,1.6,0.7,0.9,1.5,0.0,1.6,0.9,0.33,6.0,2.0,0.0,1.0,0.0,0.0,,,,
19,Group stage,2026-06-15 00:00:00,Saudi Arabia,Uruguay,0.7248218059539795,1.7654508352279663,0,3,-283.38107610897714,0.9,1.3,1.0,0.9,0.0,0.9,1.0,0.33,6.0,14.0,0.0,1.0,0.0,0.0,,,,
19,Group stage,2026-06-15 00:00:00,Spain,Cape Verde,3.966179609298706,0.5665221810340881,4,1,563.2850614519855,3.1,0.8,1.7,1.0,0.0,3.1,1.7,0.33,16.0,0.0,0.0,1.0,0.0,0.0,,,,
19,Group stage,2026-06-16 00:00:00,Argentina,Algeria,2.156207323074341,0.7074368596076965,7,1,323.48300707879844,2.5,0.4,2.3,0.5,0.0,2.5,2.3,0.33,18.0,4.0,0.0,1.0,0.0,0.0,,,,
19,Group stage,2026-06-16 00:00:00,Austria,Jordan,2.314819097518921,0.9839795827865601,1,1,80.9944962008201,2.8,0.5,2.0,1.5,0.0,2.8,2.0,0.33,7.0,0.0,0.0,1.0,0.0,0.0,,,,
19,Group stage,2026-06-16 00:00:00,France,Senegal,2.243558645248413,0.8569515347480774,1,1,209.2497238875883,2.7,1.1,2.5,0.6,0.0,2.7,2.5,0.33,16.0,3.0,0.0,1.0,0.0,0.0,,,,
19,Group stage,2026-06-16 00:00:00,Iraq,Norway,0.7500935196876526,1.7158862352371216,1,0,-223.33641759859006,1.1,0.7,3.1,0.6,0.0,1.1,3.1,0.33,1.0,3.0,0.0,1.0,0.0,0.0,,,,
19,Group stage,2026-06-17 00:00:00,England,Croatia,1.630310297012329,1.0758646726608276,2,1,94.46756707201507,2.2,0.5,2.9,0.8,0.0,2.2,2.9,0.33,16.0,6.0,0.0,1.0,0.0,0.0,,,,
19,Group stage,2026-06-17 00:00:00,Ghana,Panama,0.8218146562576294,1.872027039527893,1,2,-237.5714618522527,1.5,1.3,1.3,0.8,0.0,1.5,1.3,0.33,4.0,1.0,0.0,1.0,0.0,0.0,,,,
19,Group stage,2026-06-17 00:00:00,Portugal,DR Congo,2.063178300857544,0.639021098613739,1,0,275.4864091486654,2.6,1.0,1.2,0.3,0.0,2.6,1.2,0.33,8.0,1.0,0.0,1.0,0.0,0.0,,,,
19,Group stage,2026-06-17 00:00:00,Uzbekistan,Colombia,0.7373384833335876,1.79137122631073,1,2,-213.1223064060914,1.5,0.7,2.1,1.0,0.0,1.5,2.1,0.33,0.0,6.0,0.0,1.0,0.0,0.0,,,,
19,Group stage,2026-06-18 00:00:00,Canada,Qatar,2.2017364501953125,0.4426339268684387,1,0,335.3204726033705,1.6,0.7,0.9,1.7,1.0,2.0,0.0,1.0,3.0,2.0,1.0,0.0,0.0,0.0,,,,
19,Group stage,2026-06-18 00:00:00,Czech Republic,South Africa,1.4444832801818848,1.0890038013458252,3,1,90.53129797387919,1.6,1.4,1.4,1.1,0.0,1.6,1.4,0.33,2.0,4.0,0.0,1.0,0.0,0.0,,,,
19,Group stage,2026-06-18 00:00:00,Mexico,South Korea,1.5107357501983643,0.9351188540458679,0,0,54.58450531302924,1.0,0.8,1.5,1.2,1.0,2.0,2.0,0.0,18.0,12.0,1.0,0.0,0.0,0.0,,,,
19,Group stage,2026-06-18 00:00:00,Switzerland,Bosnia and Herzegovina,2.8260908126831055,0.7434475421905518,1,1,317.26120070658635,2.2,0.6,2.3,1.8,0.0,2.2,2.3,0.33,13.0,2.0,0.0,1.0,0.0,0.0,,,,
19,Group stage,2026-06-19 00:00:00,Brazil,Haiti,2.278527021408081,0.7298063039779663,3,1,282.33448841443465,1.9,1.0,1.3,1.1,0.0,1.9,1.3,0.33,23.0,2.0,0.0,1.0,0.0,0.0,,,,
19,Group stage,2026-06-19 00:00:00,Scotland,Morocco,0.8075893521308899,1.8207871913909912,0,1,-235.11340108388777,1.8,1.1,1.7,0.4,0.0,1.8,1.7,0.33,9.0,7.0,0.0,1.0,0.0,0.0,,,,
19,Group stage,2026-06-19 00:00:00,Turkey,Paraguay,1.2203599214553833,1.3477210998535156,3,3,-8.63468751731557,1.9,1.5,0.9,1.1,0.0,1.9,0.9,0.33,3.0,9.0,0.0,1.0,0.0,0.0,,,,
19,Group stage,2026-06-19 00:00:00,United States,Australia,1.2350242137908936,1.3044766187667847,1,1,-138.0372777307873,1.6,1.6,1.6,0.9,1.0,2.0,1.0,1.0,12.0,7.0,1.0,0.0,0.0,0.0,,,,
19,Group stage,2026-06-20 00:00:00,Ecuador,Curaçao,2.317347526550293,0.5951288342475891,1,1,393.5879509962931,0.9,0.4,1.5,1.2,0.0,0.9,1.5,0.33,5.0,1.0,0.0,1.0,0.0,0.0,,,,
19,Group stage,2026-06-20 00:00:00,Germany,Ivory Coast,1.8870435953140259,0.8438650369644165,1,0,179.76671514672694,2.2,0.9,1.7,0.9,0.0,2.2,1.7,0.33,21.0,4.0,0.0,1.0,0.0,0.0,,,,
19,Group stage,2026-06-20 00:00:00,Netherlands,Sweden,2.4535577297210693,0.9236614108085632,3,2,313.9410470375726,3.0,0.6,1.4,1.9,0.0,3.0,1.4,0.33,12.0,14.0,0.0,1.0,0.0,0.0,,,,
19,Group stage,2026-06-20 00:00:00,Tunisia,Japan,0.9026086926460266,1.6721794605255127,0,3,-168.49204607083425,1.4,0.9,1.8,0.8,0.0,1.4,1.8,0.33,7.0,8.0,0.0,1.0,0.0,0.0,,,,
19,Group stage,2026-06-21 00:00:00,Belgium,Iran,1.5071145296096802,1.1563173532485962,0,0,24.435706710535896,3.5,1.0,1.6,0.9,0.0,3.5,1.6,0.33,15.0,7.0,0.0,1.0,0.0,0.0,,,,
19,Group stage,2026-06-21 00:00:00,New Zealand,Egypt,1.0611330270767212,1.4104468822479248,4,2,-60.46589175764802,1.0,1.7,1.4,0.6,1.0,0.0,1.0,0.0,3.0,4.0,0.0,1.0,0.0,0.0,,,,
19,Group stage,2026-06-21 00:00:00,Spain,Saudi Arabia,3.3390400409698486,0.44045910239219666,1,2,556.6971500777265,3.0,0.5,0.9,1.6,0.0,3.0,0.9,0.33,17.0,7.0,0.0,1.0,0.0,0.0,,,,
19,Group stage,2026-06-21 00:00:00,Uruguay,Cape Verde,2.216254949569702,0.6662746667861938,2,1,332.23198354256965,1.3,0.7,1.5,1.4,0.0,1.3,1.5,0.33,15.0,1.0,0.0,1.0,0.0,0.0,,,,
19,Group stage,2026-06-22 00:00:00,Argentina,Austria,2.3433339595794678,0.7349599003791809,2,0,333.7006179984571,2.8,0.4,2.7,0.5,0.0,2.8,2.7,0.33,19.0,8.0,0.0,1.0,0.0,0.0,,,,
19,Group stage,2026-06-22 00:00:00,France,Iraq,2.201544761657715,0.5903816223144531,4,0,328.7210746627834,2.4,0.7,1.1,0.7,0.0,2.4,1.1,0.33,17.0,2.0,0.0,1.0,0.0,0.0,,,,
19,Group stage,2026-06-22 00:00:00,Jordan,Algeria,1.1366000175476074,1.5137443542480469,0,2,-43.186465662280625,1.9,1.3,1.9,1.1,0.0,1.9,1.9,0.33,1.0,5.0,0.0,1.0,0.0,0.0,,,,
19,Group stage,2026-06-22 00:00:00,Norway,Senegal,1.2312095165252686,1.1337321996688843,1,1,-22.46341521315071,2.8,0.7,1.8,0.7,0.0,2.8,1.8,0.33,4.0,4.0,0.0,1.0,0.0,0.0,,,,
19,Group stage,2026-06-23 00:00:00,Colombia,DR Congo,2.0789201259613037,0.6325811147689819,4,1,305.2761641797906,2.3,1.1,1.1,0.4,0.0,2.3,1.1,0.33,7.0,2.0,0.0,1.0,0.0,0.0,,,,
19,Group stage,2026-06-23 00:00:00,England,Ghana,2.824329137802124,0.7129439115524292,3,2,491.63324414278895,2.3,0.6,1.5,1.3,0.0,2.3,1.5,0.33,17.0,5.0,0.0,1.0,0.0,0.0,,,,
19,Group stage,2026-06-23 00:00:00,Panama,Croatia,1.0865939855575562,1.4577152729034424,1,3,-91.15619886876584,1.5,0.9,2.3,1.0,0.0,1.5,2.3,0.33,2.0,7.0,0.0,1.0,0.0,0.0,,,,
19,Group stage,2026-06-23 00:00:00,Portugal,Uzbekistan,2.078963279724121,0.7738698720932007,4,1,230.93756031782618,2.5,0.9,1.4,0.7,0.0,2.5,1.4,0.33,9.0,1.0,0.0,1.0,0.0,0.0,,,,
19,Group stage,2026-06-24 00:00:00,Bosnia and Herzegovina,Qatar,2.1209449768066406,1.1456221342086792,5,1,83.1495203267541,2.3,1.7,0.7,1.6,0.0,2.3,0.7,0.33,2.0,2.0,0.0,1.0,0.0,0.0,,,,
19,Group stage,2026-06-24 00:00:00,Canada,Switzerland,1.1990786790847778,1.0052086114883423,2,0,-12.678351079472122,1.6,0.6,1.9,0.7,0.0,1.6,1.9,0.33,3.0,13.0,1.0,0.0,0.0,0.0,,,,
19,Group stage,2026-06-24 00:00:00,Mexico,Czech Republic,1.8720195293426514,0.6725398898124695,3,0,172.09417562239855,1.0,0.4,1.8,1.0,0.0,1.0,1.8,0.33,18.0,2.0,1.0,0.0,0.0,0.0,,,,
19,Group stage,2026-06-24 00:00:00,Morocco,Haiti,2.0844757556915283,0.6395677328109741,1,2,309.8945817078927,1.6,0.4,1.3,1.2,0.0,1.6,1.3,0.33,7.0,2.0,0.0,1.0,0.0,0.0,,,,
19,Group stage,2026-06-24 00:00:00,Scotland,Brazil,0.8070703744888306,2.142477035522461,1,2,-261.797523540617,1.4,1.2,2.1,1.1,0.0,1.4,2.1,0.33,9.0,23.0,0.0,1.0,0.0,0.0,,,,
19,Group stage,2026-06-24 00:00:00,South Africa,South Korea,0.7639384269714355,1.9740574359893799,0,4,-300.1697451633138,1.5,1.4,1.1,1.2,0.0,1.5,1.1,0.33,4.0,12.0,0.0,1.0,0.0,0.0,,,,
19,Group stage,2026-06-25 00:00:00,Curaçao,Ivory Coast,0.9266929030418396,1.4648159742355347,1,1,-94.620040858229,1.5,1.1,1.7,0.9,0.0,1.5,1.7,0.33,1.0,4.0,0.0,1.0,0.0,0.0,,,,
19,Group stage,2026-06-25 00:00:00,Ecuador,Germany,1.1727488040924072,1.3065552711486816,2,1,39.023835423246965,1.0,0.5,2.3,0.7,0.0,1.0,2.3,0.33,5.0,21.0,0.0,1.0,0.0,0.0,,,,
19,Group stage,2026-06-25 00:00:00,Japan,Sweden,1.970260739326477,0.9535800814628601,2,1,247.14096031365398,1.5,0.8,1.2,1.9,0.0,1.5,1.2,0.33,8.0,14.0,0.0,1.0,0.0,0.0,,,,
19,Group stage,2026-06-25 00:00:00,Paraguay,Australia,1.097440242767334,1.387272596359253,1,0,-43.42027632627878,1.2,1.3,1.5,0.9,0.0,1.2,1.5,0.33,9.0,7.0,0.0,1.0,0.0,0.0,,,,
19,Group stage,2026-06-25 00:00:00,Tunisia,Netherlands,0.7396248579025269,1.969056487083435,0,2,-309.93783376880947,1.4,1.1,2.5,0.8,0.0,1.4,2.5,0.33,7.0,12.0,0.0,1.0,0.0,0.0,,,,
19,Group stage,2026-06-25 00:00:00,United States,Turkey,1.618717074394226,1.3266006708145142,2,2,-80.93047861929654,1.6,1.5,2.2,1.7,1.0,1.0,2.0,0.0,12.0,3.0,1.0,0.0,0.0,0.0,,,,
19,Group stage,2026-06-26 00:00:00,Cape Verde,Saudi Arabia,1.175968050956726,1.6535979509353638,1,0,-79.86570409879687,1.5,1.5,1.0,1.7,0.0,1.5,1.0,0.33,1.0,7.0,0.0,1.0,0.0,0.0,,,,
19,Group stage,2026-06-26 00:00:00,Egypt,Iran,0.9558616876602173,1.4627642631530762,0,1,-113.44188064239893,1.4,0.9,1.4,0.7,0.0,1.4,1.4,0.33,4.0,7.0,0.0,1.0,0.0,0.0,,,,
19,Group stage,2026-06-26 00:00:00,New Zealand,Belgium,1.0713194608688354,1.7425901889801025,2,2,-88.62363490149892,1.3,1.7,3.1,0.7,0.0,1.3,3.1,0.33,3.0,15.0,0.0,1.0,0.0,0.0,,,,
19,Group stage,2026-06-26 00:00:00,Norway,France,0.882632315158844,2.156665563583374,1,3,-212.19235654118893,2.8,0.8,2.6,0.7,0.0,2.8,2.6,0.33,4.0,17.0,0.0,1.0,0.0,0.0,,,,
19,Group stage,2026-06-26 00:00:00,Senegal,Iraq,1.6687928438186646,0.7503888607025146,3,0,164.59003861768724,1.6,0.8,1.0,1.1,0.0,1.6,1.0,0.33,4.0,2.0,0.0,1.0,0.0,0.0,,,,
19,Group stage,2026-06-26 00:00:00,Uruguay,Spain,0.9758816361427307,1.8984569311141968,1,2,-173.56571452762978,1.3,0.8,2.9,0.5,0.0,1.3,2.9,0.33,15.0,17.0,0.0,1.0,0.0,0.0,,,,
19,Group stage,2026-06-27 00:00:00,Algeria,Austria,1.2902679443359375,1.2210693359375,5,3,26.864492996051013,1.9,1.1,2.3,0.7,0.0,1.9,2.3,0.33,5.0,8.0,0.0,1.0,0.0,0.0,,,,
19,Group stage,2026-06-27 00:00:00,Colombia,Portugal,1.4196661710739136,1.346374750137329,1,1,2.8690802561645796,2.6,1.1,2.7,0.8,0.0,2.6,2.7,0.33,7.0,9.0,0.0,1.0,0.0,0.0,,,,
19,Group stage,2026-06-27 00:00:00,Croatia,Ghana,2.337695837020874,0.7501535415649414,2,1,389.8894774116643,2.1,1.0,1.3,1.6,0.0,2.1,1.3,0.33,7.0,5.0,0.0,1.0,0.0,0.0,,,,
19,Group stage,2026-06-27 00:00:00,DR Congo,Uzbekistan,1.1068336963653564,1.2715120315551758,3,0,-58.42140225038361,1.1,0.8,1.5,1.1,0.0,1.1,1.5,0.33,2.0,1.0,0.0,1.0,0.0,0.0,,,,
19,Group stage,2026-06-27 00:00:00,Jordan,Argentina,0.48117610812187195,3.320500135421753,1,4,-451.88911235341925,1.7,1.2,2.9,0.4,0.0,1.7,2.9,0.33,1.0,19.0,0.0,1.0,0.0,0.0,,,,
19,Group stage,2026-06-27 00:00:00,Panama,England,0.7455436587333679,2.144784450531006,2,3,-266.5005921896204,1.5,1.1,2.5,0.5,0.0,1.5,2.5,0.33,2.0,17.0,0.0,1.0,0.0,0.0,,,,
19,Round of 32,2026-06-28 19:00:00,Mexico,Bosnia and Herzegovina,2.2011008262634277,0.7490708231925964,5,1,276.82034673918315,1.2,0.3,2.2,1.8,0.0,1.2,2.2,0.33,18.0,2.0,0.0,1.0,0.0,0.0,73.0,Mexico,Bosnia and Herzegovina,False
19,Round of 32,2026-06-29 17:00:00,Brazil,Japan,1.44074285030365,1.1431573629379272,0,1,54.192380475382606,2.0,1.2,1.7,0.9,1.0,2.0,3.0,0.0,23.0,8.0,0.0,1.0,0.0,0.0,74.0,Japan,Brazil,False
19,Round of 32,2026-06-29 20:30:00,Ecuador,Haiti,1.9332484006881714,0.7039651274681091,2,0,265.7290426761954,1.2,0.6,1.5,1.3,0.0,1.2,1.5,0.33,5.0,2.0,0.0,1.0,0.0,0.0,75.0,Ecuador,Haiti,False
19,Round of 32,2026-06-30 01:00:00,Netherlands,Morocco,1.588316559791565,0.9040992259979248,3,1,95.11179922030851,2.6,0.7,1.6,0.5,0.0,2.6,1.6,0.33,12.0,7.0,0.0,1.0,0.0,0.0,76.0,Netherlands,Morocco,False
19,Round of 32,2026-06-30 17:00:00,Germany,Senegal,1.3111650943756104,1.1740214824676514,2,2,-25.935264565537864,2.4,0.7,1.8,0.7,0.0,2.4,1.8,0.33,21.0,4.0,0.0,1.0,0.0,0.0,77.0,Senegal,Germany,True
19,Round of 32,2026-06-30 21:00:00,France,United States,2.2910847663879395,0.9252343773841858,4,1,334.465150947982,2.7,0.8,1.8,1.5,0.0,2.7,1.8,0.33,17.0,12.0,0.0,1.0,0.0,0.0,78.0,France,United States,False
19,Round of 32,2026-07-01 01:00:00,South Korea,Curaçao,2.0872445106506348,0.7277370691299438,1,1,262.51968008845733,1.3,1.2,1.6,1.2,0.0,1.3,1.6,0.33,12.0,1.0,0.0,1.0,0.0,0.0,79.0,Curaçao,South Korea,True
19,Round of 32,2026-07-01 16:00:00,England,DR Congo,2.284876823425293,0.6780307292938232,2,0,310.170491590555,2.6,0.7,1.3,0.8,0.0,2.6,1.3,0.33,17.0,2.0,0.0,1.0,0.0,0.0,80.0,England,DR Congo,False
19,Round of 32,2026-07-01 20:00:00,New Zealand,Czech Republic,1.6429024934768677,1.2616746425628662,0,3,55.849476446361905,1.5,1.8,1.6,1.3,0.0,1.5,1.6,0.33,3.0,2.0,0.0,1.0,0.0,0.0,81.0,Czech Republic,New Zealand,False
19,Round of 32,2026-07-02 00:00:00,Paraguay,Switzerland,1.3883556127548218,1.162792444229126,1,1,57.573985070269146,1.3,1.3,1.5,0.9,0.0,1.3,1.5,0.33,9.0,13.0,0.0,1.0,0.0,0.0,82.0,Paraguay,Switzerland,True
19,Round of 32,2026-07-02 19:00:00,Portugal,Croatia,1.444938063621521,1.1203707456588745,2,1,75.45930199049121,2.3,0.9,2.2,1.1,3.0,1.3333333333333333,1.3333333333333333,0.3333333333333333,9.0,7.0,0.0,1.0,0.0,0.0,83.0,Portugal,Croatia,False
19,Round of 32,2026-07-02 23:00:00,Spain,Algeria,2.262759208679199,0.7921687364578247,0,0,264.7383929689611,2.8,0.6,2.3,1.3,0.0,2.8,2.3,0.33,17.0,5.0,0.0,1.0,0.0,0.0,84.0,Spain,Algeria,True
19,Round of 32,2026-07-03 03:00:00,Canada,Belgium,1.2114163637161255,1.196349024772644,3,2,54.16570411894986,1.5,0.6,2.7,0.9,1.0,0.0,1.0,0.0,3.0,15.0,0.0,1.0,0.0,0.0,85.0,Canada,Belgium,False
19,Round of 32,2026-07-03 18:00:00,Australia,Iran,1.1946195363998413,1.093372106552124,3,1,24.727648807681817,1.4,1.0,1.5,0.6,0.0,1.4,1.5,0.33,7.0,7.0,0.0,1.0,0.0,0.0,86.0,Australia,Iran,False
19,Round of 32,2026-07-03 22:00:00,Argentina,Uruguay,1.780501365661621,0.928973376750946,6,0,236.6768455791514,3.2,0.4,1.1,1.0,2.0,0.5,1.0,0.5,19.0,15.0,0.0,1.0,0.0,0.0,87.0,Argentina,Uruguay,False
19,Round of 32,2026-07-04 01:30:00,Colombia,Panama,2.4910523891448975,0.800385057926178,0,0,252.29701856288898,2.4,1.2,1.6,1.4,1.0,5.0,0.0,1.0,7.0,2.0,0.0,1.0,0.0,0.0,88.0,Panama,Colombia,True
19,Round of 16,2026-07-04 17:00:00,Mexico,Ecuador,1.0069844722747803,1.090074062347412,0,2,-67.3549644161385,1.7,0.4,1.3,0.6,2.0,0.5,0.5,0.0,18.0,5.0,0.0,1.0,0.0,0.0,89.0,Ecuador,Mexico,False
19,Round of 16,2026-07-04 21:00:00,Japan,Senegal,1.2310848236083984,1.014542818069458,0,1,24.786670519035397,1.8,0.7,1.7,0.9,0.0,1.8,1.7,0.33,8.0,4.0,0.0,1.0,0.0,0.0,90.0,Senegal,Japan,False
19,Round of 16,2026-07-05 20:00:00,Netherlands,France,1.0406118631362915,1.3536797761917114,1,1,-62.226684577819924,2.6,0.6,2.9,0.8,3.0,0.3333333333333333,2.0,0.0,12.0,17.0,0.0,1.0,0.0,0.0,91.0,France,Netherlands,True
19,Round of 16,2026-07-06 00:00:00,Curaçao,England,0.5171552300453186,2.8957087993621826,0,2,-404.0859912276578,1.4,1.1,2.3,0.7,0.0,1.4,2.3,0.33,1.0,17.0,0.0,1.0,0.0,0.0,92.0,England,Curaçao,False
19,Round of 16,2026-07-06 19:00:00,Portugal,Spain,1.0093867778778076,1.5391147136688232,2,1,-96.02817467379691,2.2,0.8,2.2,0.6,2.0,1.0,1.5,0.0,9.0,17.0,0.0,1.0,0.0,0.0,93.0,Portugal,Spain,False
19,Round of 16,2026-07-07 00:00:00,Czech Republic,Paraguay,1.0234073400497437,1.6587098836898804,2,1,-150.27159975752397,1.8,1.2,1.3,1.4,0.0,1.8,1.3,0.33,2.0,9.0,0.0,1.0,0.0,0.0,94.0,Czech Republic,Paraguay,False
19,Round of 16,2026-07-07 16:00:00,Australia,Panama,1.5778460502624512,1.017743468284607,2,1,87.51862438540638,1.4,1.0,1.5,1.3,0.0,1.4,1.5,0.33,7.0,2.0,0.0,1.0,0.0,0.0,95.0,Australia,Panama,False
19,Round of 16,2026-07-07 20:00:00,Canada,Argentina,0.5929856896400452,2.008277654647827,0,4,-274.28205579108203,1.7,0.8,3.5,0.4,2.0,0.0,2.0,0.0,3.0,19.0,0.0,1.0,0.0,0.0,96.0,Argentina,Canada,False
19,Quarter-final,2026-07-09 20:00:00,Ecuador,Senegal,1.2566933631896973,0.9497857093811035,1,1,58.88398798264211,1.4,0.5,1.5,0.8,1.0,1.0,2.0,0.0,5.0,4.0,0.0,1.0,0.0,0.0,97.0,Senegal,Ecuador,True
19,Quarter-final,2026-07-10 19:00:00,Portugal,Czech Republic,2.208237886428833,0.8005234599113464,4,2,276.19360104790826,2.3,0.9,2.0,1.3,2.0,3.0,0.5,1.0,9.0,2.0,0.0,1.0,0.0,0.0,98.0,Portugal,Czech Republic,False
19,Quarter-final,2026-07-11 21:00:00,France,England,1.3970222473144531,1.4489305019378662,0,1,58.71669803971986,2.7,0.9,2.2,0.7,1.0,2.0,1.0,1.0,17.0,17.0,0.0,1.0,0.0,0.0,99.0,England,France,False
19,Quarter-final,2026-07-12 01:00:00,Australia,Argentina,0.6315889954566956,2.0426323413848877,1,1,-276.1047591120323,1.5,1.1,3.9,0.3,2.0,0.5,2.0,0.0,7.0,19.0,0.0,1.0,0.0,0.0,100.0,Argentina,Australia,True
19,Semi-final,2026-07-14 19:00:00,Senegal,Portugal,1.0715560913085938,1.4737257957458496,1,2,-87.26750784971728,1.5,0.9,2.5,0.9,0.0,1.5,2.5,0.33,4.0,9.0,0.0,1.0,0.0,0.0,101.0,Portugal,Senegal,False
19,Semi-final,2026-07-15 19:00:00,England,Argentina,1.0361124277114868,2.012345314025879,0,3,-101.26678812719774,1.8,0.7,3.9,0.4,0.0,1.8,3.9,0.33,17.0,19.0,0.0,1.0,0.0,0.0,102.0,Argentina,England,False
19,Third-place playoff,2026-07-18 21:00:00,Senegal,England,0.9937851428985596,1.4788992404937744,1,1,-89.17407202519234,1.5,1.1,1.6,1.0,2.0,1.5,2.0,0.5,4.0,17.0,0.0,1.0,0.0,0.0,103.0,England,Senegal,True
19,Final,2026-07-19 19:00:00,Portugal,Argentina,1.07236647605896,2.0837059020996094,1,0,-133.1686975294965,2.7,0.8,3.6,0.4,0.0,2.7,3.6,0.33,9.0,19.0,0.0,1.0,0.0,0.0,104.0,Portugal,Argentina,False
20,Group stage,2026-06-11 00:00:00,Mexico,South Africa,2.1329286098480225,0.6023440957069397,1,1,297.64561459530705,1.1,1.0,1.5,1.1,0.0,1.1,1.5,0.33,17.0,3.0,1.0,0.0,0.0,0.0,,,,
20,Group stage,2026-06-11 00:00:00,South Korea,Czech Republic,1.656619668006897,0.9059049487113953,0,1,98.40437375226111,1.5,1.2,1.8,1.2,0.0,1.5,1.8,0.33,11.0,1.0,0.0,1.0,0.0,0.0,,,,
20,Group stage,2026-06-12 00:00:00,Canada,Bosnia and Herzegovina,2.178720712661743,0.6230993866920471,4,0,252.19701310772894,1.1,0.4,2.1,1.1,0.0,1.1,2.1,0.33,2.0,1.0,1.0,0.0,0.0,0.0,,,,
20,Group stage,2026-06-12 00:00:00,United States,Paraguay,1.3273921012878418,1.1478886604309082,1,1,-90.4406608260008,1.7,1.6,1.0,1.0,1.0,2.0,1.0,1.0,11.0,8.0,1.0,0.0,0.0,0.0,,,,
20,Group stage,2026-06-13 00:00:00,Australia,Turkey,1.306311845779419,1.4813357591629028,3,0,-47.69773714089274,1.5,0.9,2.1,1.4,0.0,1.5,2.1,0.33,6.0,2.0,0.0,1.0,0.0,0.0,,,,
20,Group stage,2026-06-13 00:00:00,Brazil,Morocco,1.3794176578521729,1.0310763120651245,1,1,71.7854817950124,1.8,0.8,1.8,0.5,1.0,1.0,2.0,0.0,22.0,6.0,0.0,1.0,0.0,0.0,,,,
20,Group stage,2026-06-13 00:00:00,Haiti,Scotland,0.8986091017723083,1.6037302017211914,0,2,-128.96035980586862,1.2,1.1,1.8,1.2,0.0,1.2,1.8,0.33,1.0,8.0,0.0,1.0,0.0,0.0,,,,
20,Group stage,2026-06-13 00:00:00,Qatar,Switzerland,0.5497463941574097,2.393497943878174,1,5,-360.84472108477416,0.9,1.9,2.5,0.8,0.0,0.9,2.5,0.33,1.0,12.0,0.0,1.0,0.0,0.0,,,,
20,Group stage,2026-06-14 00:00:00,Germany,Curaçao,2.8003809452056885,0.6807331442832947,1,0,361.1352259778141,2.3,1.1,1.6,1.3,0.0,2.3,1.6,0.33,20.0,0.0,0.0,1.0,0.0,0.0,,,,
20,Group stage,2026-06-14 00:00:00,Ivory Coast,Ecuador,0.7578378915786743,1.6096333265304565,0,0,-219.15155902699053,2.0,0.7,0.7,0.4,0.0,2.0,0.7,0.33,3.0,4.0,0.0,1.0,0.0,0.0,,,,
20,Group stage,2026-06-14 00:00:00,Netherlands,Japan,1.4094085693359375,1.0377333164215088,2,4,19.05367466640928,3.0,0.6,1.8,0.7,0.0,3.0,1.8,0.33,11.0,7.0,0.0,1.0,0.0,0.0,,,,
20,Group stage,2026-06-14 00:00:00,Sweden,Tunisia,1.4389334917068481,1.2469319105148315,0,2,22.565366858667858,1.6,1.8,1.4,1.0,0.0,1.6,1.4,0.33,13.0,6.0,0.0,1.0,0.0,0.0,,,,
20,Group stage,2026-06-15 00:00:00,Belgium,Egypt,1.4515180587768555,0.9129274487495422,2,0,99.79242592327387,3.5,1.0,1.3,0.8,1.0,1.0,2.0,0.0,14.0,3.0,0.0,1.0,0.0,0.0,,,,
20,Group stage,2026-06-15 00:00:00,Iran,New Zealand,1.6201878786087036,0.738328218460083,1,1,142.34033556219924,1.6,0.7,0.9,1.5,0.0,1.6,0.9,0.33,6.0,2.0,0.0,1.0,0.0,0.0,,,,
20,Group stage,2026-06-15 00:00:00,Saudi Arabia,Uruguay,0.7248218059539795,1.7654508352279663,1,1,-283.38107610897714,0.9,1.3,1.0,0.9,0.0,0.9,1.0,0.33,6.0,14.0,0.0,1.0,0.0,0.0,,,,
20,Group stage,2026-06-15 00:00:00,Spain,Cape Verde,3.966179609298706,0.5665221810340881,4,0,563.2850614519855,3.1,0.8,1.7,1.0,0.0,3.1,1.7,0.33,16.0,0.0,0.0,1.0,0.0,0.0,,,,
20,Group stage,2026-06-16 00:00:00,Argentina,Algeria,2.156207323074341,0.7074368596076965,1,2,323.48300707879844,2.5,0.4,2.3,0.5,0.0,2.5,2.3,0.33,18.0,4.0,0.0,1.0,0.0,0.0,,,,
20,Group stage,2026-06-16 00:00:00,Austria,Jordan,2.314819097518921,0.9839795827865601,4,1,80.9944962008201,2.8,0.5,2.0,1.5,0.0,2.8,2.0,0.33,7.0,0.0,0.0,1.0,0.0,0.0,,,,
20,Group stage,2026-06-16 00:00:00,France,Senegal,2.243558645248413,0.8569515347480774,2,1,209.2497238875883,2.7,1.1,2.5,0.6,0.0,2.7,2.5,0.33,16.0,3.0,0.0,1.0,0.0,0.0,,,,
20,Group stage,2026-06-16 00:00:00,Iraq,Norway,0.7500935196876526,1.7158862352371216,5,4,-223.33641759859006,1.1,0.7,3.1,0.6,0.0,1.1,3.1,0.33,1.0,3.0,0.0,1.0,0.0,0.0,,,,
20,Group stage,2026-06-17 00:00:00,England,Croatia,1.630310297012329,1.0758646726608276,2,1,94.46756707201507,2.2,0.5,2.9,0.8,0.0,2.2,2.9,0.33,16.0,6.0,0.0,1.0,0.0,0.0,,,,
20,Group stage,2026-06-17 00:00:00,Ghana,Panama,0.8218146562576294,1.872027039527893,0,2,-237.5714618522527,1.5,1.3,1.3,0.8,0.0,1.5,1.3,0.33,4.0,1.0,0.0,1.0,0.0,0.0,,,,
20,Group stage,2026-06-17 00:00:00,Portugal,DR Congo,2.063178300857544,0.639021098613739,0,2,275.4864091486654,2.6,1.0,1.2,0.3,0.0,2.6,1.2,0.33,8.0,1.0,0.0,1.0,0.0,0.0,,,,
20,Group stage,2026-06-17 00:00:00,Uzbekistan,Colombia,0.7373384833335876,1.79137122631073,0,1,-213.1223064060914,1.5,0.7,2.1,1.0,0.0,1.5,2.1,0.33,0.0,6.0,0.0,1.0,0.0,0.0,,,,
20,Group stage,2026-06-18 00:00:00,Canada,Qatar,2.472609043121338,0.43226751685142517,1,0,341.16549503544684,1.3,0.4,1.0,2.1,1.0,2.0,0.0,1.0,3.0,2.0,1.0,0.0,0.0,0.0,,,,
20,Group stage,2026-06-18 00:00:00,Czech Republic,South Africa,1.537068247795105,0.915066123008728,1,1,131.39291214006926,1.7,1.2,1.5,1.1,0.0,1.7,1.5,0.33,2.0,4.0,0.0,1.0,0.0,0.0,,,,
20,Group stage,2026-06-18 00:00:00,Mexico,South Korea,1.5913047790527344,0.9227680563926697,1,0,95.4461194792193,1.0,0.9,1.3,1.3,1.0,2.0,2.0,0.0,18.0,12.0,1.0,0.0,0.0,0.0,,,,
20,Group stage,2026-06-18 00:00:00,Switzerland,Bosnia and Herzegovina,2.5285751819610596,0.7235775589942932,3,3,323.1062231386627,2.6,0.7,2.0,1.5,0.0,2.6,2.0,0.33,13.0,2.0,0.0,1.0,0.0,0.0,,,,
20,Group stage,2026-06-19 00:00:00,Brazil,Haiti,2.4715936183929443,0.5963913202285767,4,0,382.00916665019554,1.9,0.9,1.1,1.2,0.0,1.9,1.1,0.33,23.0,2.0,0.0,1.0,0.0,0.0,,,,
20,Group stage,2026-06-19 00:00:00,Scotland,Morocco,0.9379391670227051,1.5069369077682495,0,0,-135.43872284812687,1.9,0.9,1.6,0.4,0.0,1.9,1.6,0.33,9.0,7.0,0.0,1.0,0.0,0.0,,,,
20,Group stage,2026-06-19 00:00:00,Turkey,Paraguay,1.2208502292633057,1.3499428033828735,1,3,-17.157905735518625,1.9,1.6,0.9,1.1,0.0,1.9,0.9,0.33,3.0,9.0,0.0,1.0,0.0,0.0,,,,
20,Group stage,2026-06-19 00:00:00,United States,Australia,1.229074478149414,1.3142738342285156,2,0,-146.56049594899036,1.6,1.6,1.7,0.9,1.0,2.0,1.0,1.0,12.0,7.0,1.0,0.0,0.0,0.0,,,,
20,Group stage,2026-06-20 00:00:00,Ecuador,Curaçao,2.2690036296844482,0.5955187678337097,3,1,386.96667244178843,0.7,0.4,1.5,1.3,0.0,0.7,1.5,0.33,5.0,1.0,0.0,1.0,0.0,0.0,,,,
20,Group stage,2026-06-20 00:00:00,Germany,Ivory Coast,1.9030742645263672,0.8609396815299988,0,1,173.14543659222227,2.3,0.9,1.7,0.7,0.0,2.3,1.7,0.33,21.0,4.0,0.0,1.0,0.0,0.0,,,,
20,Group stage,2026-06-20 00:00:00,Netherlands,Sweden,2.6201319694519043,1.057546854019165,3,1,239.91390469118755,3.0,1.0,1.4,2.0,0.0,3.0,1.4,0.33,12.0,14.0,0.0,1.0,0.0,0.0,,,,
20,Group stage,2026-06-20 00:00:00,Tunisia,Japan,0.8948863744735718,1.8352646827697754,3,2,-242.5191884172193,1.5,0.9,2.2,0.8,0.0,1.5,2.2,0.33,7.0,8.0,0.0,1.0,0.0,0.0,,,,
20,Group stage,2026-06-21 00:00:00,Belgium,Iran,1.7063021659851074,1.0697124004364014,3,1,65.24201654181547,3.6,0.9,1.5,0.8,0.0,3.6,1.5,0.33,15.0,7.0,0.0,1.0,0.0,0.0,,,,
20,Group stage,2026-06-21 00:00:00,New Zealand,Egypt,1.0880826711654663,1.185736894607544,2,0,-19.65958192636822,0.9,1.6,1.3,0.7,1.0,0.0,1.0,0.0,3.0,4.0,0.0,1.0,0.0,0.0,,,,
20,Group stage,2026-06-21 00:00:00,Spain,Saudi Arabia,3.117772102355957,0.47801584005355835,1,1,519.6145974471419,3.0,0.4,1.0,1.4,0.0,3.0,1.0,0.33,17.0,7.0,0.0,1.0,0.0,0.0,,,,
20,Group stage,2026-06-21 00:00:00,Uruguay,Cape Verde,2.261599540710449,0.6665051579475403,2,1,295.14943091198506,1.1,0.8,1.4,1.4,0.0,1.1,1.4,0.33,15.0,1.0,0.0,1.0,0.0,0.0,,,,
20,Group stage,2026-06-22 00:00:00,Argentina,Austria,2.0461199283599854,0.8478108048439026,0,0,217.27703536282752,2.2,0.5,3.0,0.5,0.0,2.2,3.0,0.33,19.0,8.0,0.0,1.0,0.0,0.0,,,,
20,Group stage,2026-06-22 00:00:00,France,Iraq,2.4581284523010254,0.6754347085952759,4,0,358.7210746627834,2.5,0.7,1.5,1.1,0.0,2.5,1.5,0.33,17.0,2.0,0.0,1.0,0.0,0.0,,,,
20,Group stage,2026-06-22 00:00:00,Jordan,Algeria,0.9586727023124695,1.9120291471481323,2,1,-159.61004829791023,1.9,1.6,2.0,0.5,0.0,1.9,2.0,0.33,1.0,5.0,0.0,1.0,0.0,0.0,,,,
20,Group stage,2026-06-22 00:00:00,Norway,Senegal,1.4233561754226685,1.3019018173217773,1,2,7.536584786849289,3.2,1.1,1.8,0.8,0.0,3.2,1.8,0.33,4.0,4.0,0.0,1.0,0.0,0.0,,,,
20,Group stage,2026-06-23 00:00:00,Colombia,DR Congo,1.8879804611206055,0.6941083073616028,1,1,220.3753177041035,2.2,1.0,1.3,0.3,0.0,2.2,1.3,0.33,7.0,2.0,0.0,1.0,0.0,0.0,,,,
20,Group stage,2026-06-23 00:00:00,England,Ghana,2.7920682430267334,0.7158810496330261,1,0,497.72361999173404,2.3,0.6,1.4,1.3,0.0,2.3,1.4,0.33,17.0,5.0,0.0,1.0,0.0,0.0,,,,
20,Group stage,2026-06-23 00:00:00,Panama,Croatia,1.0851281881332397,1.3880889415740967,0,1,-85.06582301982075,1.5,0.8,2.3,1.0,0.0,1.5,2.3,0.33,2.0,7.0,0.0,1.0,0.0,0.0,,,,
20,Group stage,2026-06-23 00:00:00,Portugal,Uzbekistan,1.7716563940048218,0.8573058247566223,1,0,146.03671384213908,2.4,1.1,1.3,0.6,0.0,2.4,1.3,0.33,9.0,1.0,0.0,1.0,0.0,0.0,,,,
20,Group stage,2026-06-24 00:00:00,Bosnia and Herzegovina,Qatar,2.330531120300293,1.1339449882507324,0,2,89.09394291655781,2.2,1.6,0.8,2.0,0.0,2.2,0.8,0.33,2.0,2.0,0.0,1.0,0.0,0.0,,,,
20,Group stage,2026-06-24 00:00:00,Canada,Switzerland,1.3265671730041504,1.019666075706482,0,2,-18.42397335382111,1.3,0.3,2.5,1.0,0.0,1.3,2.5,0.33,3.0,13.0,1.0,0.0,0.0,0.0,,,,
20,Group stage,2026-06-24 00:00:00,Mexico,Czech Republic,1.6545462608337402,0.6898773908615112,2,0,142.834936362726,1.1,0.5,1.7,0.8,0.0,1.1,1.7,0.33,18.0,2.0,1.0,0.0,0.0,0.0,,,,
20,Group stage,2026-06-24 00:00:00,Morocco,Haiti,2.0307953357696533,0.5156435966491699,1,1,322.5427167970611,1.4,0.4,1.0,1.4,0.0,1.4,1.0,0.33,7.0,2.0,0.0,1.0,0.0,0.0,,,,
20,Group stage,2026-06-24 00:00:00,Scotland,Brazil,0.9245268702507019,2.0030107498168945,0,0,-195.0963021582636,1.5,0.9,2.2,0.9,0.0,1.5,2.2,0.33,9.0,23.0,0.0,1.0,0.0,0.0,,,,
20,Group stage,2026-06-24 00:00:00,South Africa,South Korea,1.0235494375228882,1.5857475996017456,1,3,-127.7057560906062,1.6,1.2,0.9,1.4,0.0,1.6,0.9,0.33,4.0,12.0,0.0,1.0,0.0,0.0,,,,
20,Group stage,2026-06-25 00:00:00,Curaçao,Ivory Coast,0.722270667552948,2.0310864448547363,0,0,-253.91187053651856,1.5,1.4,1.8,0.6,0.0,1.5,1.8,0.33,1.0,4.0,0.0,1.0,0.0,0.0,,,,
20,Group stage,2026-06-25 00:00:00,Ecuador,Germany,1.298351526260376,1.3041801452636719,2,2,65.07310799252718,1.0,0.5,2.3,0.8,0.0,1.0,2.3,0.33,5.0,21.0,0.0,1.0,0.0,0.0,,,,
20,Group stage,2026-06-25 00:00:00,Japan,Sweden,2.3834943771362305,0.8946410417556763,3,0,285.7731207815805,1.8,1.1,1.1,2.0,0.0,1.8,1.1,0.33,8.0,14.0,0.0,1.0,0.0,0.0,,,,
20,Group stage,2026-06-25 00:00:00,Paraguay,Australia,1.3091974258422852,1.0769182443618774,3,0,39.30478454797162,1.2,1.1,1.5,1.0,0.0,1.2,1.5,0.33,9.0,7.0,0.0,1.0,0.0,0.0,,,,
20,Group stage,2026-06-25 00:00:00,Tunisia,Netherlands,1.1253787279129028,1.6755763292312622,0,1,-136.6242789295061,1.8,1.0,2.5,1.1,0.0,1.8,2.5,0.33,7.0,12.0,0.0,1.0,0.0,0.0,,,,
20,Group stage,2026-06-25 00:00:00,United States,Turkey,1.7780258655548096,1.149209976196289,3,0,18.841018691359977,1.7,1.4,2.0,1.8,1.0,1.0,2.0,0.0,12.0,3.0,1.0,0.0,0.0,0.0,,,,
20,Group stage,2026-06-26 00:00:00,Cape Verde,Saudi Arabia,1.0697747468948364,1.582776427268982,0,2,-88.53558739818982,1.4,1.5,1.0,1.5,0.0,1.4,1.0,0.33,1.0,7.0,0.0,1.0,0.0,0.0,,,,
20,Group stage,2026-06-26 00:00:00,Egypt,Iran,0.9695243239402771,1.4045459032058716,0,0,-110.28410224429513,1.1,0.8,1.4,0.9,0.0,1.1,1.4,0.33,4.0,7.0,0.0,1.0,0.0,0.0,,,,
20,Group stage,2026-06-26 00:00:00,New Zealand,Belgium,0.9645801782608032,2.066997528076172,2,1,-173.3940329621621,1.0,1.4,3.5,0.7,0.0,1.0,3.5,0.33,3.0,15.0,0.0,1.0,0.0,0.0,,,,
20,Group stage,2026-06-26 00:00:00,Norway,France,0.9995235800743103,2.3387644290924072,1,1,-272.70582683437897,3.2,1.3,2.7,0.7,0.0,3.2,2.7,0.33,4.0,17.0,0.0,1.0,0.0,0.0,,,,
20,Group stage,2026-06-26 00:00:00,Senegal,Iraq,1.8919450044631958,0.8800356984138489,1,1,165.10350891087728,1.7,0.9,1.4,1.5,0.0,1.7,1.4,0.33,4.0,2.0,0.0,1.0,0.0,0.0,,,,
20,Group stage,2026-06-26 00:00:00,Uruguay,Spain,0.8788935542106628,1.893967628479004,1,2,-240.18882429960263,1.1,0.9,2.9,0.3,0.0,1.1,2.9,0.33,15.0,17.0,0.0,1.0,0.0,0.0,,,,
20,Group stage,2026-06-27 00:00:00,Algeria,Austria,1.1166913509368896,1.3479876518249512,0,2,-61.87420955864354,1.9,0.7,2.6,0.5,0.0,1.9,2.6,0.33,5.0,8.0,0.0,1.0,0.0,0.0,,,,
20,Group stage,2026-06-27 00:00:00,Colombia,Portugal,1.5421563386917114,1.2201400995254517,0,1,59.38017717076991,2.2,1.0,2.3,0.9,0.0,2.2,2.3,0.33,7.0,9.0,0.0,1.0,0.0,0.0,,,,
20,Group stage,2026-06-27 00:00:00,Croatia,Ghana,2.196331024169922,0.5628847479820251,1,0,385.21197848163956,1.9,0.9,1.0,1.4,0.0,1.9,1.0,0.33,7.0,5.0,0.0,1.0,0.0,0.0,,,,
20,Group stage,2026-06-27 00:00:00,DR Congo,Uzbekistan,1.190301537513733,0.9162050485610962,0,3,54.86919378638527,1.3,0.4,1.3,0.7,0.0,1.3,1.3,0.33,2.0,1.0,0.0,1.0,0.0,0.0,,,,
20,Group stage,2026-06-27 00:00:00,Jordan,Argentina,0.5802667140960693,2.455057382583618,1,1,-319.69435049212893,1.9,1.4,2.1,0.5,0.0,1.9,2.1,0.33,1.0,19.0,0.0,1.0,0.0,0.0,,,,
20,Group stage,2026-06-27 00:00:00,Panama,England,0.7424756288528442,1.9682588577270508,2,4,-249.6423415617055,1.4,0.8,2.3,0.3,0.0,1.4,2.3,0.33,2.0,17.0,0.0,1.0,0.0,0.0,,,,
20,Round of 32,2026-06-28 19:00:00,Czech Republic,Canada,0.9973284602165222,1.300803542137146,0,1,-67.42119232632717,1.5,1.0,1.0,0.5,0.0,1.5,1.0,0.33,2.0,3.0,0.0,1.0,0.0,0.0,73.0,Canada,Czech Republic,False
20,Round of 32,2026-06-29 17:00:00,Brazil,Tunisia,1.9210888147354126,0.7621846795082092,2,1,218.18485801939346,1.9,0.9,1.6,0.9,2.0,3.0,1.0,0.5,23.0,7.0,0.0,1.0,0.0,0.0,74.0,Brazil,Tunisia,False
20,Round of 32,2026-06-29 20:30:00,Ecuador,Morocco,1.1645506620407104,0.9532244801521301,2,0,46.851832186559704,1.2,0.7,1.4,0.4,1.0,1.0,1.0,0.0,5.0,7.0,0.0,1.0,0.0,0.0,75.0,Ecuador,Morocco,False
20,Round of 32,2026-06-30 01:00:00,Japan,Scotland,1.4612120389938354,1.013237714767456,2,2,128.45952183060194,2.1,1.1,1.5,0.9,1.0,1.0,0.0,1.0,8.0,9.0,0.0,1.0,0.0,0.0,76.0,Scotland,Japan,True
20,Round of 32,2026-06-30 17:00:00,Ivory Coast,Senegal,0.9897797107696533,1.205446720123291,1,1,-93.02663776585882,1.6,0.6,1.7,0.9,1.0,1.0,1.0,0.0,4.0,4.0,0.0,1.0,0.0,0.0,77.0,Ivory Coast,Senegal,True
20,Round of 32,2026-06-30 21:00:00,France,Netherlands,1.681161880493164,1.0952757596969604,2,1,144.16173364883412,2.6,0.8,2.5,1.0,3.0,2.0,0.3333333333333333,0.6666666666666666,17.0,12.0,0.0,1.0,0.0,0.0,78.0,France,Netherlands,False
20,Round of 32,2026-07-01 01:00:00,Mexico,Uruguay,1.0970604419708252,1.1620091199874878,2,0,16.36873621968357,1.2,0.4,0.9,1.1,2.0,0.0,2.0,0.0,18.0,15.0,0.0,1.0,0.0,0.0,79.0,Mexico,Uruguay,False
20,Round of 32,2026-07-01 16:00:00,England,DR Congo,2.151095390319824,0.6235487461090088,3,0,321.48726051667245,2.5,0.5,1.2,0.7,0.0,2.5,1.2,0.33,17.0,2.0,0.0,1.0,0.0,0.0,80.0,England,DR Congo,False
20,Round of 32,2026-07-01 20:00:00,New Zealand,South Korea,1.1596572399139404,1.3302193880081177,3,2,-4.789371714922936,1.2,1.4,1.0,1.5,0.0,1.2,1.0,0.33,3.0,12.0,0.0,1.0,0.0,0.0,81.0,New Zealand,South Korea,False
20,Round of 32,2026-07-02 00:00:00,Paraguay,Iraq,2.126208543777466,0.8498175144195557,2,1,208.70275963072845,1.5,1.1,1.5,1.6,0.0,1.5,1.5,0.33,9.0,2.0,0.0,1.0,0.0,0.0,82.0,Paraguay,Iraq,False
20,Round of 32,2026-07-02 19:00:00,Colombia,Croatia,1.2066521644592285,1.150049090385437,1,0,21.241704153802402,1.9,1.1,1.9,0.9,1.0,1.0,2.0,0.0,7.0,7.0,0.0,1.0,0.0,0.0,83.0,Colombia,Croatia,False
20,Round of 32,2026-07-02 23:00:00,Spain,Jordan,2.5979111194610596,0.6709444522857666,2,1,398.26871294619514,2.8,0.4,1.8,1.4,1.0,3.0,1.0,1.0,17.0,1.0,0.0,1.0,0.0,0.0,84.0,Spain,Jordan,False
20,Round of 32,2026-07-03 03:00:00,Switzerland,Germany,1.354125738143921,1.6260712146759033,0,3,34.36228462148301,2.3,1.0,2.5,0.8,2.0,2.0,2.5,0.0,13.0,21.0,0.0,1.0,0.0,0.0,85.0,Germany,Switzerland,False
20,Round of 32,2026-07-03 18:00:00,United States,Belgium,1.204513430595398,1.6162797212600708,2,0,-25.505742099188637,2.0,1.2,3.0,0.9,1.0,2.0,5.0,0.0,12.0,15.0,0.0,1.0,0.0,0.0,86.0,United States,Belgium,False
20,Round of 32,2026-07-03 22:00:00,Austria,Saudi Arabia,1.9886668920516968,0.8002617359161377,1,2,196.34496994863207,2.7,0.5,1.2,1.3,0.0,2.7,1.2,0.33,8.0,7.0,0.0,1.0,0.0,0.0,87.0,Saudi Arabia,Austria,False
20,Round of 32,2026-07-04 01:30:00,Portugal,Panama,1.9185068607330322,0.794958770275116,4,0,185.8513301610201,1.9,0.9,1.5,1.2,0.0,1.9,1.5,0.33,9.0,2.0,0.0,1.0,0.0,0.0,88.0,Portugal,Panama,False
20,Round of 16,2026-07-04 17:00:00,Canada,Ecuador,0.8220022916793823,1.4544098377227783,0,1,-163.496108681461,1.0,0.5,1.3,0.7,1.0,0.0,0.0,0.0,3.0,5.0,0.0,1.0,0.0,0.0,89.0,Ecuador,Canada,False
20,Round of 16,2026-07-04 21:00:00,Brazil,Ivory Coast,1.8662031888961792,0.8261345624923706,2,0,180.875900331431,2.1,0.9,1.6,0.7,0.0,2.1,1.6,0.33,23.0,4.0,0.0,1.0,0.0,0.0,90.0,Brazil,Ivory Coast,False
20,Round of 16,2026-07-05 20:00:00,Scotland,France,0.7977203726768494,2.121723175048828,0,3,-242.30946961258337,1.5,1.1,2.6,0.8,1.0,1.0,4.0,0.0,9.0,17.0,0.0,1.0,0.0,0.0,91.0,France,Scotland,False
20,Round of 16,2026-07-06 00:00:00,Mexico,England,0.9298791289329529,1.6577332019805908,0,1,-128.0791463725434,1.4,0.4,2.3,0.5,0.0,1.4,2.3,0.33,18.0,17.0,0.0,1.0,0.0,0.0,92.0,England,Mexico,False
20,Round of 16,2026-07-06 19:00:00,Colombia,Spain,0.9146974682807922,1.7750555276870728,0,2,-177.65168459794745,1.4,0.8,2.4,0.5,1.0,1.0,0.0,1.0,7.0,17.0,0.0,1.0,0.0,0.0,93.0,Spain,Colombia,False
20,Round of 16,2026-07-07 00:00:00,New Zealand,Paraguay,0.9757178425788879,1.638321042060852,1,0,-138.91596160257268,1.4,1.3,1.6,1.2,0.0,1.4,1.6,0.33,3.0,9.0,0.0,1.0,0.0,0.0,94.0,New Zealand,Paraguay,False
20,Round of 16,2026-07-07 16:00:00,United States,Portugal,1.0506854057312012,1.472631573677063,0,1,-96.89534566526004,2.0,1.2,2.0,0.7,1.0,0.0,2.0,0.0,12.0,9.0,0.0,1.0,0.0,0.0,95.0,Portugal,United States,False
20,Round of 16,2026-07-07 20:00:00,Germany,Saudi Arabia,1.994112491607666,0.7994810938835144,2,1,191.7780711008786,2.5,0.7,1.2,1.3,0.0,2.5,1.2,0.33,21.0,7.0,0.0,1.0,0.0,0.0,96.0,Germany,Saudi Arabia,False
20,Quarter-final,2026-07-09 20:00:00,Ecuador,Brazil,1.0927213430404663,1.325485348701477,0,2,-22.674022522074438,1.3,0.6,1.8,0.9,2.0,0.0,0.5,0.0,5.0,23.0,0.0,1.0,0.0,0.0,97.0,Brazil,Ecuador,False
20,Quarter-final,2026-07-10 19:00:00,Spain,New Zealand,2.2479827404022217,0.690373957157135,2,2,323.70457655115547,2.4,0.5,1.5,1.2,0.0,2.4,1.5,0.33,17.0,3.0,0.0,1.0,0.0,0.0,98.0,New Zealand,Spain,True
20,Quarter-final,2026-07-11 21:00:00,France,England,1.2544822692871094,1.4244730472564697,1,5,28.249289301184717,2.6,0.8,2.1,0.5,1.0,2.0,1.0,1.0,17.0,17.0,0.0,1.0,0.0,0.0,99.0,England,France,False
20,Quarter-final,2026-07-12 01:00:00,Portugal,Germany,1.2661693096160889,1.3953615427017212,0,2,52.583178105826846,2.0,0.7,2.3,0.8,1.0,2.0,1.0,1.0,9.0,21.0,0.0,1.0,0.0,0.0,100.0,Germany,Portugal,False
20,Semi-final,2026-07-14 19:00:00,Brazil,New Zealand,1.6452035903930664,0.8594346642494202,1,1,152.80878459737596,1.8,0.6,1.6,1.3,0.0,1.8,1.6,0.33,23.0,3.0,0.0,1.0,0.0,0.0,101.0,New Zealand,Brazil,True
20,Semi-final,2026-07-15 19:00:00,England,Germany,1.581238031387329,1.485929250717163,1,0,143.0838425290426,2.1,0.6,2.4,0.8,1.0,3.0,3.0,0.0,17.0,21.0,0.0,1.0,0.0,0.0,102.0,England,Germany,False
20,Third-place playoff,2026-07-18 21:00:00,Brazil,Germany,1.3291445970535278,1.4620245695114136,2,0,26.034601462653427,1.7,0.7,2.2,0.9,0.0,1.7,2.2,0.33,23.0,21.0,0.0,1.0,0.0,0.0,103.0,Brazil,Germany,False
20,Final,2026-07-19 19:00:00,New Zealand,England,0.7525121569633484,2.058878183364868,0,4,-221.646916574819,1.6,1.2,2.0,0.6,0.0,1.6,2.0,0.33,3.0,17.0,0.0,1.0,0.0,0.0,104.0,England,New Zealand,False
21,Group stage,2026-06-11 00:00:00,Mexico,South Africa,2.1329286098480225,0.6023440957069397,1,1,297.64561459530705,1.1,1.0,1.5,1.1,0.0,1.1,1.5,0.33,17.0,3.0,1.0,0.0,0.0,0.0,,,,
21,Group stage,2026-06-11 00:00:00,South Korea,Czech Republic,1.656619668006897,0.9059049487113953,2,0,98.40437375226111,1.5,1.2,1.8,1.2,0.0,1.5,1.8,0.33,11.0,1.0,0.0,1.0,0.0,0.0,,,,
21,Group stage,2026-06-12 00:00:00,Canada,Bosnia and Herzegovina,2.178720712661743,0.6230993866920471,4,1,252.19701310772894,1.1,0.4,2.1,1.1,0.0,1.1,2.1,0.33,2.0,1.0,1.0,0.0,0.0,0.0,,,,
21,Group stage,2026-06-12 00:00:00,United States,Paraguay,1.3273921012878418,1.1478886604309082,0,2,-90.4406608260008,1.7,1.6,1.0,1.0,1.0,2.0,1.0,1.0,11.0,8.0,1.0,0.0,0.0,0.0,,,,
21,Group stage,2026-06-13 00:00:00,Australia,Turkey,1.306311845779419,1.4813357591629028,0,0,-47.69773714089274,1.5,0.9,2.1,1.4,0.0,1.5,2.1,0.33,6.0,2.0,0.0,1.0,0.0,0.0,,,,
21,Group stage,2026-06-13 00:00:00,Brazil,Morocco,1.3794176578521729,1.0310763120651245,5,1,71.7854817950124,1.8,0.8,1.8,0.5,1.0,1.0,2.0,0.0,22.0,6.0,0.0,1.0,0.0,0.0,,,,
21,Group stage,2026-06-13 00:00:00,Haiti,Scotland,0.8986091017723083,1.6037302017211914,0,0,-128.96035980586862,1.2,1.1,1.8,1.2,0.0,1.2,1.8,0.33,1.0,8.0,0.0,1.0,0.0,0.0,,,,
21,Group stage,2026-06-13 00:00:00,Qatar,Switzerland,0.5497463941574097,2.393497943878174,1,1,-360.84472108477416,0.9,1.9,2.5,0.8,0.0,0.9,2.5,0.33,1.0,12.0,0.0,1.0,0.0,0.0,,,,
21,Group stage,2026-06-14 00:00:00,Germany,Curaçao,2.8003809452056885,0.6807331442832947,2,4,361.1352259778141,2.3,1.1,1.6,1.3,0.0,2.3,1.6,0.33,20.0,0.0,0.0,1.0,0.0,0.0,,,,
21,Group stage,2026-06-14 00:00:00,Ivory Coast,Ecuador,0.7578378915786743,1.6096333265304565,0,3,-219.15155902699053,2.0,0.7,0.7,0.4,0.0,2.0,0.7,0.33,3.0,4.0,0.0,1.0,0.0,0.0,,,,
21,Group stage,2026-06-14 00:00:00,Netherlands,Japan,1.4094085693359375,1.0377333164215088,1,0,19.05367466640928,3.0,0.6,1.8,0.7,0.0,3.0,1.8,0.33,11.0,7.0,0.0,1.0,0.0,0.0,,,,
21,Group stage,2026-06-14 00:00:00,Sweden,Tunisia,1.4389334917068481,1.2469319105148315,1,2,22.565366858667858,1.6,1.8,1.4,1.0,0.0,1.6,1.4,0.33,13.0,6.0,0.0,1.0,0.0,0.0,,,,
21,Group stage,2026-06-15 00:00:00,Belgium,Egypt,1.4515180587768555,0.9129274487495422,1,0,99.79242592327387,3.5,1.0,1.3,0.8,1.0,1.0,2.0,0.0,14.0,3.0,0.0,1.0,0.0,0.0,,,,
21,Group stage,2026-06-15 00:00:00,Iran,New Zealand,1.6201878786087036,0.738328218460083,1,0,142.34033556219924,1.6,0.7,0.9,1.5,0.0,1.6,0.9,0.33,6.0,2.0,0.0,1.0,0.0,0.0,,,,
21,Group stage,2026-06-15 00:00:00,Saudi Arabia,Uruguay,0.7248218059539795,1.7654508352279663,0,1,-283.38107610897714,0.9,1.3,1.0,0.9,0.0,0.9,1.0,0.33,6.0,14.0,0.0,1.0,0.0,0.0,,,,
21,Group stage,2026-06-15 00:00:00,Spain,Cape Verde,3.966179609298706,0.5665221810340881,4,0,563.2850614519855,3.1,0.8,1.7,1.0,0.0,3.1,1.7,0.33,16.0,0.0,0.0,1.0,0.0,0.0,,,,
21,Group stage,2026-06-16 00:00:00,Argentina,Algeria,2.156207323074341,0.7074368596076965,2,2,323.48300707879844,2.5,0.4,2.3,0.5,0.0,2.5,2.3,0.33,18.0,4.0,0.0,1.0,0.0,0.0,,,,
21,Group stage,2026-06-16 00:00:00,Austria,Jordan,2.314819097518921,0.9839795827865601,0,0,80.9944962008201,2.8,0.5,2.0,1.5,0.0,2.8,2.0,0.33,7.0,0.0,0.0,1.0,0.0,0.0,,,,
21,Group stage,2026-06-16 00:00:00,France,Senegal,2.243558645248413,0.8569515347480774,2,2,209.2497238875883,2.7,1.1,2.5,0.6,0.0,2.7,2.5,0.33,16.0,3.0,0.0,1.0,0.0,0.0,,,,
21,Group stage,2026-06-16 00:00:00,Iraq,Norway,0.7500935196876526,1.7158862352371216,0,2,-223.33641759859006,1.1,0.7,3.1,0.6,0.0,1.1,3.1,0.33,1.0,3.0,0.0,1.0,0.0,0.0,,,,
21,Group stage,2026-06-17 00:00:00,England,Croatia,1.630310297012329,1.0758646726608276,1,0,94.46756707201507,2.2,0.5,2.9,0.8,0.0,2.2,2.9,0.33,16.0,6.0,0.0,1.0,0.0,0.0,,,,
21,Group stage,2026-06-17 00:00:00,Ghana,Panama,0.8218146562576294,1.872027039527893,0,2,-237.5714618522527,1.5,1.3,1.3,0.8,0.0,1.5,1.3,0.33,4.0,1.0,0.0,1.0,0.0,0.0,,,,
21,Group stage,2026-06-17 00:00:00,Portugal,DR Congo,2.063178300857544,0.639021098613739,2,1,275.4864091486654,2.6,1.0,1.2,0.3,0.0,2.6,1.2,0.33,8.0,1.0,0.0,1.0,0.0,0.0,,,,
21,Group stage,2026-06-17 00:00:00,Uzbekistan,Colombia,0.7373384833335876,1.79137122631073,1,4,-213.1223064060914,1.5,0.7,2.1,1.0,0.0,1.5,2.1,0.33,0.0,6.0,0.0,1.0,0.0,0.0,,,,
21,Group stage,2026-06-18 00:00:00,Canada,Qatar,2.1434454917907715,0.45133495330810547,3,0,304.44780967523275,1.3,0.5,1.0,1.7,1.0,2.0,0.0,1.0,3.0,2.0,1.0,0.0,0.0,0.0,,,,
21,Group stage,2026-06-18 00:00:00,Czech Republic,South Africa,1.463875651359558,1.1576274633407593,1,1,60.53129797387919,1.6,1.4,1.5,1.1,0.0,1.6,1.5,0.33,2.0,4.0,0.0,1.0,0.0,0.0,,,,
21,Group stage,2026-06-18 00:00:00,Mexico,South Korea,1.4602969884872437,0.9477598071098328,3,0,24.58450531302924,1.0,0.9,1.5,1.2,1.0,2.0,2.0,0.0,18.0,12.0,1.0,0.0,0.0,0.0,,,,
21,Group stage,2026-06-18 00:00:00,Switzerland,Bosnia and Herzegovina,2.3892898559570312,0.7492476105690002,0,0,286.3885377784486,2.2,0.7,2.1,1.5,0.0,2.2,2.1,0.33,13.0,2.0,0.0,1.0,0.0,0.0,,,,
21,Group stage,2026-06-19 00:00:00,Brazil,Haiti,2.6062450408935547,0.6387650370597839,2,0,393.23672150858215,2.3,0.9,1.1,1.0,0.0,2.3,1.1,0.33,23.0,2.0,0.0,1.0,0.0,0.0,,,,
21,Group stage,2026-06-19 00:00:00,Scotland,Morocco,0.9767054915428162,1.495825171470642,1,1,-124.21116798974026,1.7,0.9,1.6,0.8,0.0,1.7,1.6,0.33,9.0,7.0,0.0,1.0,0.0,0.0,,,,
21,Group stage,2026-06-19 00:00:00,Turkey,Paraguay,1.1765329837799072,1.271349310874939,0,1,-7.00085681704968,1.9,1.3,1.0,1.0,0.0,1.9,1.0,0.33,3.0,9.0,0.0,1.0,0.0,0.0,,,,
21,Group stage,2026-06-19 00:00:00,United States,Australia,1.2604645490646362,1.3229626417160034,3,2,-136.40344703052142,1.5,1.7,1.4,0.9,1.0,2.0,1.0,1.0,12.0,7.0,1.0,0.0,0.0,0.0,,,,
21,Group stage,2026-06-20 00:00:00,Ecuador,Curaçao,2.198688268661499,0.6493844389915466,3,0,340.23364272634217,1.0,0.4,1.9,1.4,0.0,1.0,1.9,0.33,5.0,1.0,0.0,1.0,0.0,0.0,,,,
21,Group stage,2026-06-20 00:00:00,Germany,Ivory Coast,1.9010740518569946,0.9504048228263855,1,1,126.412406876776,2.4,1.3,1.7,1.0,0.0,2.4,1.7,0.33,21.0,4.0,0.0,1.0,0.0,0.0,,,,
21,Group stage,2026-06-20 00:00:00,Netherlands,Sweden,2.673037052154541,0.9289459586143494,4,0,299.76283661348316,2.9,0.6,1.5,2.0,0.0,2.9,1.5,0.33,12.0,14.0,0.0,1.0,0.0,0.0,,,,
21,Group stage,2026-06-20 00:00:00,Tunisia,Japan,0.8902124166488647,1.6760178804397583,2,4,-182.6702564949237,1.5,1.0,1.8,0.7,0.0,1.5,1.8,0.33,7.0,8.0,0.0,1.0,0.0,0.0,,,,
21,Group stage,2026-06-21 00:00:00,Belgium,Iran,1.5081502199172974,1.1210353374481201,0,0,24.435706710535896,3.5,0.9,1.5,0.7,0.0,3.5,1.5,0.33,15.0,7.0,0.0,1.0,0.0,0.0,,,,
21,Group stage,2026-06-21 00:00:00,New Zealand,Egypt,1.0608216524124146,1.3573514223098755,1,1,-60.46589175764802,0.8,1.6,1.3,0.6,1.0,0.0,1.0,0.0,3.0,4.0,0.0,1.0,0.0,0.0,,,,
21,Group stage,2026-06-21 00:00:00,Spain,Saudi Arabia,3.103522300720215,0.4723055958747864,3,0,549.6145974471419,3.0,0.4,0.9,1.4,0.0,3.0,0.9,0.33,17.0,7.0,0.0,1.0,0.0,0.0,,,,
21,Group stage,2026-06-21 00:00:00,Uruguay,Cape Verde,2.1981141567230225,0.6703874468803406,2,0,325.14943091198506,1.1,0.7,1.4,1.4,0.0,1.1,1.4,0.33,15.0,1.0,0.0,1.0,0.0,0.0,,,,
21,Group stage,2026-06-22 00:00:00,Argentina,Austria,2.2571280002593994,0.7957253456115723,1,0,294.6248118539934,2.3,0.5,2.6,0.4,0.0,2.3,2.6,0.33,19.0,8.0,0.0,1.0,0.0,0.0,,,,
21,Group stage,2026-06-22 00:00:00,France,Iraq,2.491962432861328,0.5044386386871338,1,0,395.21888795390214,2.5,0.8,1.0,0.9,0.0,2.5,1.0,0.33,17.0,2.0,0.0,1.0,0.0,0.0,,,,
21,Group stage,2026-06-22 00:00:00,Jordan,Algeria,0.9682783484458923,1.47871732711792,0,4,-82.26227180674437,1.8,1.2,2.0,0.6,0.0,1.8,2.0,0.33,1.0,5.0,0.0,1.0,0.0,0.0,,,,
21,Group stage,2026-06-22 00:00:00,Norway,Senegal,1.4657124280929565,1.0290197134017944,1,2,44.034398077968035,3.0,0.6,1.9,0.8,0.0,3.0,1.9,0.33,4.0,4.0,0.0,1.0,0.0,0.0,,,,
21,Group stage,2026-06-23 00:00:00,Colombia,DR Congo,2.0807831287384033,0.6580369472503662,3,0,315.4793122468934,2.5,1.1,1.2,0.5,0.0,2.5,1.2,0.33,7.0,2.0,0.0,1.0,0.0,0.0,,,,
21,Group stage,2026-06-23 00:00:00,England,Ghana,2.7677698135375977,0.7167611718177795,2,0,497.72361999173404,2.2,0.5,1.4,1.3,0.0,2.2,1.4,0.33,17.0,5.0,0.0,1.0,0.0,0.0,,,,
21,Group stage,2026-06-23 00:00:00,Panama,Croatia,1.0235977172851562,1.3894565105438232,1,3,-85.06582301982075,1.5,0.8,2.2,0.9,0.0,1.5,2.2,0.33,2.0,7.0,0.0,1.0,0.0,0.0,,,,
21,Group stage,2026-06-23 00:00:00,Portugal,Uzbekistan,2.156860113143921,0.7809499502182007,1,1,241.14070838492898,2.6,1.0,1.4,0.9,0.0,2.6,1.4,0.33,9.0,1.0,0.0,1.0,0.0,0.0,,,,
21,Group stage,2026-06-24 00:00:00,Bosnia and Herzegovina,Qatar,1.7373195886611938,1.1482658386230469,0,3,57.46380621267849,2.0,1.3,0.8,1.8,0.0,2.0,0.8,0.33,2.0,2.0,0.0,1.0,0.0,0.0,,,,
21,Group stage,2026-06-24 00:00:00,Canada,Switzerland,1.3011813163757324,0.8987900018692017,1,0,19.890608950176784,1.5,0.4,1.8,0.7,0.0,1.5,1.8,0.33,3.0,13.0,1.0,0.0,0.0,0.0,,,,
21,Group stage,2026-06-24 00:00:00,Mexico,Czech Republic,2.034674882888794,0.6352101564407349,3,0,227.77482838721244,1.3,0.5,1.6,1.0,0.0,1.3,1.6,0.33,18.0,2.0,1.0,0.0,0.0,0.0,,,,
21,Group stage,2026-06-24 00:00:00,Morocco,Haiti,1.920196294784546,0.690990686416626,3,1,230.05576246059582,1.5,0.9,1.0,1.0,0.0,1.5,1.0,0.33,7.0,2.0,0.0,1.0,0.0,0.0,,,,
21,Group stage,2026-06-24 00:00:00,Scotland,Brazil,0.7362020015716553,2.1121065616607666,0,3,-283.76317048161513,1.4,1.0,2.4,0.9,0.0,1.4,2.4,0.33,9.0,23.0,0.0,1.0,0.0,0.0,,,,
21,Group stage,2026-06-24 00:00:00,South Africa,South Korea,0.9950049519538879,1.747498869895935,1,3,-184.4890923984999,1.6,1.2,1.1,1.5,0.0,1.6,1.1,0.33,4.0,12.0,0.0,1.0,0.0,0.0,,,,
21,Group stage,2026-06-25 00:00:00,Curaçao,Ivory Coast,1.0948902368545532,1.6922367811203003,1,0,-98.17161450514914,1.8,1.5,1.8,1.0,0.0,1.8,1.8,0.33,1.0,4.0,0.0,1.0,0.0,0.0,,,,
21,Group stage,2026-06-25 00:00:00,Ecuador,Germany,1.5698970556259155,1.1838403940200806,3,1,162.52658271907876,1.3,0.4,2.5,1.2,0.0,1.3,2.5,0.33,5.0,21.0,0.0,1.0,0.0,0.0,,,,
21,Group stage,2026-06-25 00:00:00,Japan,Sweden,2.1822776794433594,0.9572545886039734,4,0,264.30496590223174,1.6,0.9,1.1,2.1,0.0,1.6,1.1,0.33,8.0,14.0,0.0,1.0,0.0,0.0,,,,
21,Group stage,2026-06-25 00:00:00,Paraguay,Australia,1.4025628566741943,0.9086611270904541,1,0,109.04030119678669,1.1,0.9,1.4,1.1,0.0,1.1,1.4,0.33,9.0,7.0,0.0,1.0,0.0,0.0,,,,
21,Group stage,2026-06-25 00:00:00,Tunisia,Netherlands,0.7186250686645508,2.0590436458587646,0,1,-298.7454185092083,1.7,1.3,2.5,0.6,0.0,1.7,2.5,0.33,7.0,12.0,0.0,1.0,0.0,0.0,,,,
21,Group stage,2026-06-25 00:00:00,United States,Turkey,1.3838883638381958,1.4213812351226807,3,0,-113.38798544132283,1.7,1.7,1.9,1.3,1.0,1.0,2.0,0.0,12.0,3.0,1.0,0.0,0.0,0.0,,,,
21,Group stage,2026-06-26 00:00:00,Cape Verde,Saudi Arabia,1.202774167060852,1.358319878578186,0,3,-29.87287228311311,1.3,1.5,0.8,1.7,0.0,1.3,0.8,0.33,1.0,7.0,0.0,1.0,0.0,0.0,,,,
21,Group stage,2026-06-26 00:00:00,Egypt,Iran,0.9300727844238281,1.3493849039077759,3,3,-125.85739874623323,1.2,0.6,1.3,0.5,0.0,1.2,1.3,0.33,4.0,7.0,0.0,1.0,0.0,0.0,,,,
21,Group stage,2026-06-26 00:00:00,New Zealand,Belgium,0.8744832277297974,1.7681924104690552,1,2,-196.20811679766462,0.8,1.5,3.1,0.6,0.0,0.8,3.1,0.33,3.0,15.0,0.0,1.0,0.0,0.0,,,,
21,Group stage,2026-06-26 00:00:00,Norway,France,1.0284371376037598,2.1022145748138428,2,4,-172.27016219729921,3.0,0.8,2.4,0.8,0.0,3.0,2.4,0.33,4.0,17.0,0.0,1.0,0.0,0.0,,,,
21,Group stage,2026-06-26 00:00:00,Senegal,Iraq,1.9189181327819824,0.6623529195785522,2,1,257.663470856035,1.8,0.9,0.9,1.0,0.0,1.8,0.9,0.33,4.0,2.0,0.0,1.0,0.0,0.0,,,,
21,Group stage,2026-06-26 00:00:00,Uruguay,Spain,0.8486611843109131,1.9638092517852783,0,4,-238.85153941467934,1.1,0.7,3.1,0.2,0.0,1.1,3.1,0.33,15.0,17.0,0.0,1.0,0.0,0.0,,,,
21,Group stage,2026-06-27 00:00:00,Algeria,Austria,1.4762922525405884,1.0316017866134644,0,0,67.4814819506596,2.2,0.6,2.2,0.5,0.0,2.2,2.2,0.33,5.0,8.0,0.0,1.0,0.0,0.0,,,,
21,Group stage,2026-06-27 00:00:00,Colombia,Portugal,1.4506256580352783,1.2067995071411133,1,2,52.30424025027128,2.7,1.0,2.5,0.9,0.0,2.7,2.5,0.33,7.0,9.0,0.0,1.0,0.0,0.0,,,,
21,Group stage,2026-06-27 00:00:00,Croatia,Ghana,2.263624906539917,0.5836083292961121,1,1,398.2281977395869,2.0,0.9,1.0,1.5,0.0,2.0,1.0,0.33,7.0,5.0,0.0,1.0,0.0,0.0,,,,
21,Group stage,2026-06-27 00:00:00,DR Congo,Uzbekistan,1.0338276624679565,1.2534939050674438,0,2,-87.4502661102847,1.1,0.8,1.5,1.0,0.0,1.1,1.5,0.33,2.0,1.0,0.0,1.0,0.0,0.0,,,,
21,Group stage,2026-06-27 00:00:00,Jordan,Argentina,0.46107783913612366,2.9965901374816895,1,1,-414.35448901910036,1.6,1.3,2.3,0.5,0.0,1.6,2.3,0.33,1.0,19.0,0.0,1.0,0.0,0.0,,,,
21,Group stage,2026-06-27 00:00:00,Panama,England,0.7200888395309448,2.0732319355010986,2,3,-262.65856081965285,1.5,1.0,2.3,0.2,0.0,1.5,2.3,0.33,2.0,17.0,0.0,1.0,0.0,0.0,,,,
21,Round of 32,2026-06-28 19:00:00,South Korea,Qatar,2.012545108795166,0.7248898148536682,3,1,245.19375150452925,1.2,1.6,0.9,1.6,0.0,1.2,0.9,0.33,12.0,2.0,0.0,1.0,0.0,0.0,73.0,South Korea,Qatar,False
21,Round of 32,2026-06-29 17:00:00,Brazil,Japan,1.5269014835357666,1.0503872632980347,0,1,117.9084731988928,2.4,0.9,2.0,0.9,1.0,2.0,3.0,0.0,23.0,8.0,0.0,1.0,0.0,0.0,74.0,Japan,Brazil,False
21,Round of 32,2026-06-29 20:30:00,Ecuador,Tunisia,1.987066388130188,0.7028533816337585,2,0,329.26497804178393,1.6,0.5,1.5,1.2,0.0,1.6,1.5,0.33,5.0,7.0,0.0,1.0,0.0,0.0,75.0,Ecuador,Tunisia,False
21,Round of 32,2026-06-30 01:00:00,Netherlands,Morocco,1.5746753215789795,0.848840594291687,1,0,118.88456239042353,2.5,0.5,1.7,0.9,0.0,2.5,1.7,0.33,12.0,7.0,0.0,1.0,0.0,0.0,76.0,Netherlands,Morocco,False
21,Round of 32,2026-06-30 17:00:00,Curaçao,Senegal,0.7395168542861938,2.1307084560394287,0,2,-265.03140396433537,1.9,1.5,1.9,0.9,0.0,1.9,1.9,0.33,1.0,4.0,0.0,1.0,0.0,0.0,77.0,Senegal,Curaçao,False
21,Round of 32,2026-06-30 21:00:00,France,Egypt,2.3596105575561523,0.708929717540741,1,0,360.4814765110789,2.6,1.0,1.4,0.9,0.0,2.6,1.4,0.33,17.0,4.0,0.0,1.0,0.0,0.0,78.0,France,Egypt,False
21,Round of 32,2026-07-01 01:00:00,Mexico,Saudi Arabia,1.7302641868591309,0.7357315421104431,1,1,258.61209115562247,1.5,0.4,1.1,1.5,2.0,2.0,0.5,1.0,18.0,7.0,0.0,1.0,0.0,0.0,79.0,Mexico,Saudi Arabia,True
21,Round of 32,2026-07-01 16:00:00,England,Uzbekistan,2.2074012756347656,0.7069875597953796,2,2,251.00442360764328,2.4,0.4,1.4,1.0,0.0,2.4,1.4,0.33,17.0,1.0,0.0,1.0,0.0,0.0,80.0,England,Uzbekistan,True
21,Round of 32,2026-07-01 20:00:00,Belgium,Norway,1.703682541847229,1.2775713205337524,3,0,10.813625784158148,2.7,0.7,3.1,1.2,0.0,2.7,3.1,0.33,15.0,4.0,0.0,1.0,0.0,0.0,81.0,Belgium,Norway,False
21,Round of 32,2026-07-02 00:00:00,Paraguay,Switzerland,1.4100587368011475,1.0599616765975952,1,0,135.0403488849215,1.2,0.9,1.4,0.8,0.0,1.2,1.4,0.33,9.0,13.0,0.0,1.0,0.0,0.0,82.0,Paraguay,Switzerland,False
21,Round of 32,2026-07-02 19:00:00,Colombia,Croatia,1.4873665571212769,1.1051812171936035,1,2,82.54796470304973,2.5,1.2,2.0,1.0,1.0,1.0,2.0,0.0,7.0,7.0,0.0,1.0,0.0,0.0,83.0,Croatia,Colombia,False
21,Round of 32,2026-07-02 23:00:00,Spain,Argentina,1.6152817010879517,0.976324737071991,2,0,111.40795323709335,3.2,0.2,2.3,0.5,0.0,3.2,2.3,0.33,17.0,19.0,0.0,1.0,0.0,0.0,84.0,Spain,Argentina,False
21,Round of 32,2026-07-03 03:00:00,Canada,Austria,1.2653027772903442,0.994904637336731,1,2,72.38621149842515,1.3,0.4,2.1,0.5,0.0,1.3,2.1,0.33,3.0,8.0,0.0,1.0,0.0,0.0,85.0,Austria,Canada,False
21,Round of 32,2026-07-03 18:00:00,United States,Iran,1.258108377456665,1.3946303129196167,1,2,-33.11293892691265,2.0,1.5,1.6,0.7,1.0,1.0,0.0,1.0,12.0,7.0,0.0,1.0,0.0,0.0,86.0,Iran,United States,False
21,Round of 32,2026-07-03 22:00:00,Algeria,Uruguay,1.0414564609527588,1.361353874206543,1,0,-53.70131196807597,2.1,0.5,0.8,1.1,1.0,0.0,0.0,0.0,5.0,15.0,0.0,1.0,0.0,0.0,87.0,Algeria,Uruguay,False
21,Round of 32,2026-07-04 01:30:00,Portugal,Panama,2.194180727005005,0.8025751113891602,4,1,239.01305962635706,2.2,1.0,1.6,1.3,0.0,2.2,1.6,0.33,9.0,2.0,0.0,1.0,0.0,0.0,88.0,Portugal,Panama,False
21,Round of 16,2026-07-04 17:00:00,South Korea,Ecuador,0.921495795249939,1.7106553316116333,0,2,-175.3247906007805,1.3,1.5,1.7,0.5,0.0,1.3,1.7,0.33,12.0,5.0,0.0,1.0,0.0,0.0,89.0,Ecuador,South Korea,False
21,Round of 16,2026-07-04 21:00:00,Japan,Senegal,1.3544764518737793,1.032806396484375,2,1,41.289720157766396,2.1,0.7,1.8,0.9,0.0,2.1,1.8,0.33,8.0,4.0,0.0,1.0,0.0,0.0,90.0,Japan,Senegal,False
21,Round of 16,2026-07-05 20:00:00,Netherlands,France,0.9901936054229736,1.1459885835647583,0,2,-72.5955389536216,2.3,0.3,2.5,0.9,3.0,0.3333333333333333,2.0,0.0,12.0,17.0,0.0,1.0,0.0,0.0,91.0,France,Netherlands,False
21,Round of 16,2026-07-06 00:00:00,Mexico,England,0.9198343753814697,1.7867507934570312,2,4,-136.55516839419374,1.6,0.5,2.1,0.6,0.0,1.6,2.1,0.33,18.0,17.0,0.0,1.0,0.0,0.0,92.0,England,Mexico,False
21,Round of 16,2026-07-06 19:00:00,Croatia,Spain,0.6370095610618591,1.7504194974899292,1,0,-276.65135482204005,1.8,1.1,2.8,0.2,2.0,0.0,1.5,0.0,7.0,17.0,0.0,1.0,0.0,0.0,93.0,Croatia,Spain,False
21,Round of 16,2026-07-07 00:00:00,Belgium,Paraguay,1.236603856086731,1.2253835201263428,0,3,-35.15997507412203,2.4,0.7,1.2,0.9,0.0,2.4,1.2,0.33,15.0,9.0,0.0,1.0,0.0,0.0,94.0,Paraguay,Belgium,False
21,Round of 16,2026-07-07 16:00:00,Iran,Portugal,0.9854389429092407,1.6774920225143433,0,0,-169.53894030037668,1.5,0.8,2.3,0.9,0.0,1.5,2.3,0.33,7.0,9.0,0.0,1.0,0.0,0.0,95.0,Portugal,Iran,True
21,Round of 16,2026-07-07 20:00:00,Austria,Algeria,1.0269972085952759,1.2891132831573486,2,2,-54.41113962605573,2.1,0.5,1.9,0.5,1.0,0.0,0.0,0.0,8.0,5.0,0.0,1.0,0.0,0.0,96.0,Austria,Algeria,True
21,Quarter-final,2026-07-09 20:00:00,Ecuador,Japan,1.1811766624450684,1.0591850280761719,4,0,40.24678237402486,1.8,0.4,2.1,0.6,1.0,0.0,0.0,0.0,5.0,8.0,0.0,1.0,0.0,0.0,97.0,Ecuador,Japan,False
21,Quarter-final,2026-07-10 19:00:00,Croatia,Paraguay,1.0873417854309082,1.2299351692199707,2,2,-15.36681957768701,1.9,1.1,1.3,0.7,0.0,1.9,1.3,0.33,7.0,9.0,0.0,1.0,0.0,0.0,98.0,Paraguay,Croatia,True
21,Quarter-final,2026-07-11 21:00:00,France,England,1.3544340133666992,1.4187875986099243,1,2,37.42594665722436,2.4,0.9,2.2,0.8,1.0,2.0,1.0,1.0,17.0,17.0,0.0,1.0,0.0,0.0,99.0,England,France,False
21,Quarter-final,2026-07-12 01:00:00,Portugal,Austria,1.7272398471832275,0.8674986362457275,3,2,177.31727806533718,2.2,0.9,1.3,0.7,0.0,2.2,1.3,0.33,9.0,8.0,0.0,1.0,0.0,0.0,100.0,Portugal,Austria,False
21,Semi-final,2026-07-14 19:00:00,Ecuador,Paraguay,1.2508035898208618,0.9931455850601196,0,1,60.08709380755363,2.1,0.3,1.5,0.7,2.0,0.0,0.0,0.0,5.0,9.0,0.0,1.0,0.0,0.0,101.0,Paraguay,Ecuador,False
21,Semi-final,2026-07-15 19:00:00,England,Portugal,1.5599747896194458,1.1715670824050903,2,1,64.66970026109107,1.9,0.9,2.3,0.9,0.0,1.9,2.3,0.33,17.0,9.0,0.0,1.0,0.0,0.0,102.0,England,Portugal,False
21,Third-place playoff,2026-07-18 21:00:00,Ecuador,Portugal,1.3378397226333618,1.1300746202468872,1,1,27.62572862153752,2.1,0.4,2.4,0.9,0.0,2.1,2.4,0.33,5.0,9.0,0.0,1.0,0.0,0.0,103.0,Portugal,Ecuador,True
21,Final,2026-07-19 19:00:00,Paraguay,England,1.0158443450927734,1.4401123523712158,2,2,-75.81577580279054,1.5,0.5,1.9,1.0,0.0,1.5,1.9,0.33,9.0,17.0,0.0,1.0,0.0,0.0,104.0,England,Paraguay,True
22,Group stage,2026-06-11 00:00:00,Mexico,South Africa,2.1329286098480225,0.6023440957069397,2,0,297.64561459530705,1.1,1.0,1.5,1.1,0.0,1.1,1.5,0.33,17.0,3.0,1.0,0.0,0.0,0.0,,,,
22,Group stage,2026-06-11 00:00:00,South Korea,Czech Republic,1.656619668006897,0.9059049487113953,0,1,98.40437375226111,1.5,1.2,1.8,1.2,0.0,1.5,1.8,0.33,11.0,1.0,0.0,1.0,0.0,0.0,,,,
22,Group stage,2026-06-12 00:00:00,Canada,Bosnia and Herzegovina,2.178720712661743,0.6230993866920471,4,2,252.19701310772894,1.1,0.4,2.1,1.1,0.0,1.1,2.1,0.33,2.0,1.0,1.0,0.0,0.0,0.0,,,,
22,Group stage,2026-06-12 00:00:00,United States,Paraguay,1.3273921012878418,1.1478886604309082,1,0,-90.4406608260008,1.7,1.6,1.0,1.0,1.0,2.0,1.0,1.0,11.0,8.0,1.0,0.0,0.0,0.0,,,,
22,Group stage,2026-06-13 00:00:00,Australia,Turkey,1.306311845779419,1.4813357591629028,2,1,-47.69773714089274,1.5,0.9,2.1,1.4,0.0,1.5,2.1,0.33,6.0,2.0,0.0,1.0,0.0,0.0,,,,
22,Group stage,2026-06-13 00:00:00,Brazil,Morocco,1.3794176578521729,1.0310763120651245,3,1,71.7854817950124,1.8,0.8,1.8,0.5,1.0,1.0,2.0,0.0,22.0,6.0,0.0,1.0,0.0,0.0,,,,
22,Group stage,2026-06-13 00:00:00,Haiti,Scotland,0.8986091017723083,1.6037302017211914,2,2,-128.96035980586862,1.2,1.1,1.8,1.2,0.0,1.2,1.8,0.33,1.0,8.0,0.0,1.0,0.0,0.0,,,,
22,Group stage,2026-06-13 00:00:00,Qatar,Switzerland,0.5497463941574097,2.393497943878174,0,0,-360.84472108477416,0.9,1.9,2.5,0.8,0.0,0.9,2.5,0.33,1.0,12.0,0.0,1.0,0.0,0.0,,,,
22,Group stage,2026-06-14 00:00:00,Germany,Curaçao,2.8003809452056885,0.6807331442832947,6,0,361.1352259778141,2.3,1.1,1.6,1.3,0.0,2.3,1.6,0.33,20.0,0.0,0.0,1.0,0.0,0.0,,,,
22,Group stage,2026-06-14 00:00:00,Ivory Coast,Ecuador,0.7578378915786743,1.6096333265304565,3,0,-219.15155902699053,2.0,0.7,0.7,0.4,0.0,2.0,0.7,0.33,3.0,4.0,0.0,1.0,0.0,0.0,,,,
22,Group stage,2026-06-14 00:00:00,Netherlands,Japan,1.4094085693359375,1.0377333164215088,1,1,19.05367466640928,3.0,0.6,1.8,0.7,0.0,3.0,1.8,0.33,11.0,7.0,0.0,1.0,0.0,0.0,,,,
22,Group stage,2026-06-14 00:00:00,Sweden,Tunisia,1.4389334917068481,1.2469319105148315,1,3,22.565366858667858,1.6,1.8,1.4,1.0,0.0,1.6,1.4,0.33,13.0,6.0,0.0,1.0,0.0,0.0,,,,
22,Group stage,2026-06-15 00:00:00,Belgium,Egypt,1.4515180587768555,0.9129274487495422,3,0,99.79242592327387,3.5,1.0,1.3,0.8,1.0,1.0,2.0,0.0,14.0,3.0,0.0,1.0,0.0,0.0,,,,
22,Group stage,2026-06-15 00:00:00,Iran,New Zealand,1.6201878786087036,0.738328218460083,0,2,142.34033556219924,1.6,0.7,0.9,1.5,0.0,1.6,0.9,0.33,6.0,2.0,0.0,1.0,0.0,0.0,,,,
22,Group stage,2026-06-15 00:00:00,Saudi Arabia,Uruguay,0.7248218059539795,1.7654508352279663,0,3,-283.38107610897714,0.9,1.3,1.0,0.9,0.0,0.9,1.0,0.33,6.0,14.0,0.0,1.0,0.0,0.0,,,,
22,Group stage,2026-06-15 00:00:00,Spain,Cape Verde,3.966179609298706,0.5665221810340881,9,0,563.2850614519855,3.1,0.8,1.7,1.0,0.0,3.1,1.7,0.33,16.0,0.0,0.0,1.0,0.0,0.0,,,,
22,Group stage,2026-06-16 00:00:00,Argentina,Algeria,2.156207323074341,0.7074368596076965,2,1,323.48300707879844,2.5,0.4,2.3,0.5,0.0,2.5,2.3,0.33,18.0,4.0,0.0,1.0,0.0,0.0,,,,
22,Group stage,2026-06-16 00:00:00,Austria,Jordan,2.314819097518921,0.9839795827865601,2,0,80.9944962008201,2.8,0.5,2.0,1.5,0.0,2.8,2.0,0.33,7.0,0.0,0.0,1.0,0.0,0.0,,,,
22,Group stage,2026-06-16 00:00:00,France,Senegal,2.243558645248413,0.8569515347480774,4,3,209.2497238875883,2.7,1.1,2.5,0.6,0.0,2.7,2.5,0.33,16.0,3.0,0.0,1.0,0.0,0.0,,,,
22,Group stage,2026-06-16 00:00:00,Iraq,Norway,0.7500935196876526,1.7158862352371216,1,0,-223.33641759859006,1.1,0.7,3.1,0.6,0.0,1.1,3.1,0.33,1.0,3.0,0.0,1.0,0.0,0.0,,,,
22,Group stage,2026-06-17 00:00:00,England,Croatia,1.630310297012329,1.0758646726608276,0,0,94.46756707201507,2.2,0.5,2.9,0.8,0.0,2.2,2.9,0.33,16.0,6.0,0.0,1.0,0.0,0.0,,,,
22,Group stage,2026-06-17 00:00:00,Ghana,Panama,0.8218146562576294,1.872027039527893,0,4,-237.5714618522527,1.5,1.3,1.3,0.8,0.0,1.5,1.3,0.33,4.0,1.0,0.0,1.0,0.0,0.0,,,,
22,Group stage,2026-06-17 00:00:00,Portugal,DR Congo,2.063178300857544,0.639021098613739,2,0,275.4864091486654,2.6,1.0,1.2,0.3,0.0,2.6,1.2,0.33,8.0,1.0,0.0,1.0,0.0,0.0,,,,
22,Group stage,2026-06-17 00:00:00,Uzbekistan,Colombia,0.7373384833335876,1.79137122631073,1,6,-213.1223064060914,1.5,0.7,2.1,1.0,0.0,1.5,2.1,0.33,0.0,6.0,0.0,1.0,0.0,0.0,,,,
22,Group stage,2026-06-18 00:00:00,Canada,Qatar,2.1035592555999756,0.4470081627368927,3,0,302.7024838189568,1.3,0.6,0.9,1.6,1.0,2.0,0.0,1.0,3.0,2.0,1.0,0.0,0.0,0.0,,,,
22,Group stage,2026-06-18 00:00:00,Czech Republic,South Africa,1.6413640975952148,0.9056016802787781,1,1,164.1539740003202,1.7,1.2,1.4,1.2,0.0,1.7,1.4,0.33,2.0,4.0,0.0,1.0,0.0,0.0,,,,
22,Group stage,2026-06-18 00:00:00,Mexico,South Korea,1.6586369276046753,0.9420295357704163,4,1,128.20718133947025,1.1,0.8,1.3,1.3,1.0,2.0,2.0,0.0,18.0,12.0,1.0,0.0,0.0,0.0,,,,
22,Group stage,2026-06-18 00:00:00,Switzerland,Bosnia and Herzegovina,2.374542236328125,0.7447848916053772,6,1,284.64321192217267,2.1,0.6,2.2,1.5,0.0,2.1,2.2,0.33,13.0,2.0,0.0,1.0,0.0,0.0,,,,
22,Group stage,2026-06-19 00:00:00,Brazil,Haiti,2.4972150325775146,0.7131052613258362,3,0,384.27862161109033,2.1,0.9,1.3,1.2,0.0,2.1,1.3,0.33,23.0,2.0,0.0,1.0,0.0,0.0,,,,
22,Group stage,2026-06-19 00:00:00,Scotland,Morocco,0.9495626091957092,1.5202343463897705,1,1,-133.16926788723208,1.9,1.1,1.6,0.6,0.0,1.9,1.6,0.33,9.0,7.0,0.0,1.0,0.0,0.0,,,,
22,Group stage,2026-06-19 00:00:00,Turkey,Paraguay,1.3498414754867554,1.1443103551864624,0,5,38.411748919090314,2.0,1.5,0.8,1.1,0.0,2.0,0.8,0.33,3.0,9.0,0.0,1.0,0.0,0.0,,,,
22,Group stage,2026-06-19 00:00:00,United States,Australia,1.318365454673767,1.1574596166610718,1,2,-90.99084129438143,1.6,1.5,1.6,1.0,1.0,2.0,1.0,1.0,12.0,7.0,1.0,0.0,0.0,0.0,,,,
22,Group stage,2026-06-20 00:00:00,Ecuador,Curaçao,2.3987481594085693,0.6616443991661072,2,1,329.4024582923382,0.7,0.7,1.5,1.8,0.0,0.7,1.5,0.33,5.0,1.0,0.0,1.0,0.0,0.0,,,,
22,Group stage,2026-06-20 00:00:00,Germany,Ivory Coast,1.7232927083969116,0.9505874514579773,2,2,115.58122244277206,2.8,0.9,2.0,0.7,0.0,2.8,2.0,0.33,21.0,4.0,0.0,1.0,0.0,0.0,,,,
22,Group stage,2026-06-20 00:00:00,Netherlands,Sweden,2.6546096801757812,0.98138028383255,3,0,285.7356942670981,2.9,0.7,1.5,2.1,0.0,2.9,1.5,0.33,12.0,14.0,0.0,1.0,0.0,0.0,,,,
22,Group stage,2026-06-20 00:00:00,Tunisia,Japan,0.8716976642608643,1.6822755336761475,0,1,-196.69739884130877,1.6,1.0,1.9,0.7,0.0,1.6,1.9,0.33,7.0,8.0,0.0,1.0,0.0,0.0,,,,
22,Group stage,2026-06-21 00:00:00,Belgium,Iran,1.6361815929412842,0.9313202500343323,3,2,121.46829277412917,3.7,0.9,1.4,0.9,0.0,3.7,1.4,0.33,15.0,7.0,0.0,1.0,0.0,0.0,,,,
22,Group stage,2026-06-21 00:00:00,New Zealand,Egypt,1.193738579750061,1.060645580291748,1,2,36.566694305945475,1.0,1.5,1.3,0.8,1.0,0.0,1.0,0.0,3.0,4.0,0.0,1.0,0.0,0.0,,,,
22,Group stage,2026-06-21 00:00:00,Spain,Saudi Arabia,3.2639122009277344,0.45236924290657043,4,0,558.3889817930212,3.5,0.4,0.9,1.6,0.0,3.5,0.9,0.33,17.0,7.0,0.0,1.0,0.0,0.0,,,,
22,Group stage,2026-06-21 00:00:00,Uruguay,Cape Verde,2.3994078636169434,0.6788240075111389,2,0,333.92381525786436,1.3,0.7,1.4,1.9,0.0,1.3,1.4,0.33,15.0,1.0,0.0,1.0,0.0,0.0,,,,
22,Group stage,2026-06-22 00:00:00,Argentina,Austria,2.201432943344116,0.7841492295265198,4,1,283.05962752654955,2.3,0.4,2.8,0.4,0.0,2.3,2.8,0.33,19.0,8.0,0.0,1.0,0.0,0.0,,,,
22,Group stage,2026-06-22 00:00:00,France,Iraq,2.4246108531951904,0.6049048900604248,4,0,358.7210746627834,2.7,0.9,1.1,0.7,0.0,2.7,1.1,0.33,17.0,2.0,0.0,1.0,0.0,0.0,,,,
22,Group stage,2026-06-22 00:00:00,Jordan,Algeria,0.994296669960022,1.5695160627365112,0,4,-93.8274561341882,1.8,1.4,1.9,0.6,0.0,1.8,1.9,0.33,1.0,5.0,0.0,1.0,0.0,0.0,,,,
22,Group stage,2026-06-22 00:00:00,Norway,Senegal,1.4593031406402588,1.1555758714675903,1,0,7.536584786849289,2.8,0.7,2.0,1.0,0.0,2.8,2.0,0.33,4.0,4.0,0.0,1.0,0.0,0.0,,,,
22,Group stage,2026-06-23 00:00:00,Colombia,DR Congo,2.129004716873169,0.6198328733444214,2,0,323.97951512690724,2.7,1.1,1.1,0.5,0.0,2.7,1.1,0.33,7.0,2.0,0.0,1.0,0.0,0.0,,,,
22,Group stage,2026-06-23 00:00:00,England,Ghana,2.5501115322113037,0.7112500071525574,1,1,472.29140187844314,2.1,0.5,1.4,1.5,0.0,2.1,1.4,0.33,17.0,5.0,0.0,1.0,0.0,0.0,,,,
22,Group stage,2026-06-23 00:00:00,Panama,Croatia,1.0354764461517334,1.4921625852584839,0,1,-110.49804113311166,1.7,0.8,2.2,0.8,0.0,1.7,2.2,0.33,2.0,7.0,0.0,1.0,0.0,0.0,,,,
22,Group stage,2026-06-23 00:00:00,Portugal,Uzbekistan,2.310372829437256,0.7679222822189331,3,1,249.64091126494282,2.6,0.9,1.4,1.1,0.0,2.6,1.4,0.33,9.0,1.0,0.0,1.0,0.0,0.0,,,,
22,Group stage,2026-06-24 00:00:00,Bosnia and Herzegovina,Qatar,1.7583357095718384,1.3864792585372925,0,2,19.453184039673943,2.2,1.9,0.7,1.7,0.0,2.2,0.7,0.33,2.0,2.0,0.0,1.0,0.0,0.0,,,,
22,Group stage,2026-06-24 00:00:00,Canada,Switzerland,1.2369569540023804,1.0712040662765503,2,0,-21.610664935379646,1.5,0.5,2.3,0.7,0.0,1.5,2.3,0.33,3.0,13.0,1.0,0.0,0.0,0.0,,,,
22,Group stage,2026-06-24 00:00:00,Mexico,Czech Republic,1.8639514446258545,0.6539256572723389,1,1,185.51064460098064,1.5,0.5,1.7,0.8,0.0,1.5,1.7,0.33,18.0,2.0,1.0,0.0,0.0,0.0,,,,
22,Group stage,2026-06-24 00:00:00,Morocco,Haiti,1.9079557657241821,0.7158531546592712,2,1,240.2218487889436,1.5,0.7,1.2,1.3,0.0,1.5,1.2,0.33,7.0,2.0,0.0,1.0,0.0,0.0,,,,
22,Group stage,2026-06-24 00:00:00,Scotland,Brazil,0.7486594319343567,2.2126717567443848,0,2,-276.01305701497927,1.6,1.2,2.3,0.9,0.0,1.6,2.3,0.33,9.0,23.0,0.0,1.0,0.0,0.0,,,,
22,Group stage,2026-06-24 00:00:00,South Africa,South Korea,1.1093177795410156,1.6817476749420166,1,0,-150.55217157285347,1.5,1.3,1.0,1.7,0.0,1.5,1.0,0.33,4.0,12.0,0.0,1.0,0.0,0.0,,,,
22,Group stage,2026-06-25 00:00:00,Curaçao,Ivory Coast,0.6812410354614258,2.369302988052368,2,2,-291.361869007912,1.5,1.8,2.2,0.8,0.0,1.5,2.2,0.33,1.0,4.0,0.0,1.0,0.0,0.0,,,,
22,Group stage,2026-06-25 00:00:00,Ecuador,Germany,1.0836849212646484,1.5511080026626587,2,2,-42.620793910150496,0.9,0.8,3.0,0.9,0.0,0.9,3.0,0.33,5.0,21.0,0.0,1.0,0.0,0.0,,,,
22,Group stage,2026-06-25 00:00:00,Japan,Sweden,2.308137893676758,0.7373640537261963,4,1,301.5835794883983,1.4,0.7,1.1,2.1,0.0,1.4,1.1,0.33,8.0,14.0,0.0,1.0,0.0,0.0,,,,
22,Group stage,2026-06-25 00:00:00,Paraguay,Australia,1.1367965936660767,1.2103806734085083,2,1,-23.070918081068612,1.3,1.0,1.6,1.0,0.0,1.3,1.6,0.33,9.0,7.0,0.0,1.0,0.0,0.0,,,,
22,Group stage,2026-06-25 00:00:00,Tunisia,Netherlands,0.8759474754333496,1.8836451768875122,0,1,-244.078316788145,1.6,1.0,2.4,0.7,0.0,1.6,2.4,0.33,7.0,12.0,0.0,1.0,0.0,0.0,,,,
22,Group stage,2026-06-25 00:00:00,United States,Turkey,1.7129714488983154,1.3074071407318115,0,0,-34.673993246898135,1.6,1.5,2.0,1.9,1.0,1.0,2.0,0.0,12.0,3.0,1.0,0.0,0.0,0.0,,,,
22,Group stage,2026-06-26 00:00:00,Cape Verde,Saudi Arabia,1.3856724500656128,1.4891440868377686,3,1,-23.314425319368183,1.3,2.0,0.8,2.0,0.0,1.3,0.8,0.33,1.0,7.0,0.0,1.0,0.0,0.0,,,,
22,Group stage,2026-06-26 00:00:00,Egypt,Iran,1.1154963970184326,1.1512227058410645,2,1,-0.9034778923737576,1.3,0.8,1.4,1.0,0.0,1.3,1.4,0.33,4.0,7.0,0.0,1.0,0.0,0.0,,,,
22,Group stage,2026-06-26 00:00:00,New Zealand,Belgium,0.9628033638000488,2.1180548667907715,1,4,-191.93472451201615,1.0,1.5,3.6,0.8,0.0,1.0,3.6,0.33,3.0,15.0,0.0,1.0,0.0,0.0,,,,
22,Group stage,2026-06-26 00:00:00,Norway,France,0.929808497428894,2.0838370323181152,2,0,-212.70582683437897,2.8,0.7,2.9,0.9,0.0,2.8,2.9,0.33,4.0,17.0,0.0,1.0,0.0,0.0,,,,
22,Group stage,2026-06-26 00:00:00,Senegal,Iraq,1.5399545431137085,0.8118994832038879,1,1,105.10350891087728,1.7,1.1,1.0,1.1,0.0,1.7,1.0,0.33,4.0,2.0,0.0,1.0,0.0,0.0,,,,
22,Group stage,2026-06-26 00:00:00,Uruguay,Spain,0.8381428122520447,2.396925449371338,2,1,-233.5006567376479,1.3,0.7,3.7,0.2,0.0,1.3,3.7,0.33,15.0,17.0,0.0,1.0,0.0,0.0,,,,
22,Group stage,2026-06-27 00:00:00,Algeria,Austria,1.2699706554412842,1.2217097282409668,0,0,2.0704675674735427,2.1,0.6,2.5,0.8,0.0,2.1,2.5,0.33,5.0,8.0,0.0,1.0,0.0,0.0,,,,
22,Group stage,2026-06-27 00:00:00,Colombia,Portugal,1.4280859231948853,1.3063889741897583,1,1,12.689102379627684,2.8,1.0,2.7,0.8,0.0,2.8,2.7,0.33,7.0,9.0,0.0,1.0,0.0,0.0,,,,
22,Group stage,2026-06-27 00:00:00,Croatia,Ghana,2.264652729034424,0.5824835896492004,0,1,388.22797909507153,1.8,0.7,1.1,1.6,0.0,1.8,1.1,0.33,7.0,5.0,0.0,1.0,0.0,0.0,,,,
22,Group stage,2026-06-27 00:00:00,DR Congo,Uzbekistan,1.1600914001464844,1.2492111921310425,4,3,-51.23133657686503,1.0,0.7,1.5,1.4,0.0,1.0,1.5,0.33,2.0,1.0,0.0,1.0,0.0,0.0,,,,
22,Group stage,2026-06-27 00:00:00,Jordan,Argentina,0.46122750639915466,3.592695951461792,0,1,-492.07384329080196,1.6,1.5,2.6,0.5,0.0,1.6,2.6,0.33,1.0,19.0,0.0,1.0,0.0,0.0,,,,
22,Group stage,2026-06-27 00:00:00,Panama,England,0.7616817951202393,1.8612744808197021,1,2,-183.52277840171928,1.6,0.8,2.1,0.3,0.0,1.6,2.1,0.33,2.0,17.0,0.0,1.0,0.0,0.0,,,,
22,Round of 32,2026-06-28 19:00:00,Czech Republic,Switzerland,0.9629319310188293,1.417459487915039,0,2,-76.05458622612127,1.6,0.9,1.9,0.9,1.0,1.0,2.0,0.0,2.0,13.0,0.0,1.0,0.0,0.0,73.0,Switzerland,Czech Republic,False
22,Round of 32,2026-06-29 17:00:00,Brazil,Netherlands,1.6622450351715088,1.2491978406906128,4,5,77.8327226315032,2.2,0.9,2.4,0.6,0.0,2.2,2.4,0.33,23.0,12.0,0.0,1.0,0.0,0.0,74.0,Netherlands,Brazil,False
22,Round of 32,2026-06-29 20:30:00,Germany,United States,1.8829522132873535,1.0279124975204468,2,4,166.88209146827353,3.2,0.9,1.6,1.3,1.0,3.0,1.0,1.0,21.0,12.0,0.0,1.0,0.0,0.0,75.0,United States,Germany,False
22,Round of 32,2026-06-30 01:00:00,Japan,Morocco,1.3575152158737183,1.0150114297866821,2,0,75.94784174464598,1.8,0.8,1.6,0.7,0.0,1.8,1.6,0.33,8.0,7.0,0.0,1.0,0.0,0.0,76.0,Japan,Morocco,False
22,Round of 32,2026-06-30 17:00:00,Ivory Coast,France,0.9906232357025146,2.4167864322662354,2,1,-226.65794463873567,2.2,1.0,2.7,1.1,0.0,2.2,2.7,0.33,4.0,17.0,0.0,1.0,0.0,0.0,77.0,Ivory Coast,France,False
22,Round of 32,2026-06-30 21:00:00,Norway,Tunisia,1.9223250150680542,0.7649564743041992,3,2,250.6161103528384,2.9,0.7,1.4,0.9,0.0,2.9,1.4,0.33,4.0,7.0,0.0,1.0,0.0,0.0,78.0,Norway,Tunisia,False
22,Round of 32,2026-07-01 01:00:00,Mexico,Ecuador,1.2121134996414185,0.9531052112579346,1,1,21.269144527875596,1.5,0.5,1.1,1.0,2.0,0.5,0.5,0.0,18.0,5.0,0.0,1.0,0.0,0.0,79.0,Ecuador,Mexico,True
22,Round of 32,2026-07-01 16:00:00,England,Iraq,2.0077569484710693,0.6581840515136719,2,0,271.40150870857815,2.1,0.4,1.1,1.2,0.0,2.1,1.1,0.33,17.0,2.0,0.0,1.0,0.0,0.0,80.0,England,Iraq,False
22,Round of 32,2026-07-01 20:00:00,Belgium,South Africa,2.217787742614746,0.8094344735145569,1,0,284.5827063905115,3.4,0.9,1.3,1.3,0.0,3.4,1.3,0.33,15.0,4.0,0.0,1.0,0.0,0.0,81.0,Belgium,South Africa,False
22,Round of 32,2026-07-02 00:00:00,Paraguay,Qatar,2.1426305770874023,0.5326223373413086,2,1,343.6829149036016,1.5,1.1,0.7,1.5,0.0,1.5,0.7,0.33,9.0,2.0,0.0,1.0,0.0,0.0,82.0,Paraguay,Qatar,False
22,Round of 32,2026-07-02 19:00:00,Portugal,Ghana,2.47408390045166,0.7241857051849365,2,2,399.1808502170213,2.3,0.9,1.1,1.5,1.0,3.0,2.0,1.0,9.0,5.0,0.0,1.0,0.0,0.0,83.0,Ghana,Portugal,True
22,Round of 32,2026-07-02 23:00:00,Uruguay,Algeria,1.4991496801376343,0.9282728433609009,3,3,157.02655227165815,1.2,0.8,2.0,0.5,1.0,0.0,0.0,0.0,15.0,5.0,0.0,1.0,0.0,0.0,84.0,Algeria,Uruguay,True
22,Round of 32,2026-07-03 03:00:00,Canada,Austria,1.3064414262771606,1.0830477476119995,1,3,57.62424593106175,1.4,0.5,2.4,0.8,0.0,1.4,2.4,0.33,3.0,8.0,0.0,1.0,0.0,0.0,85.0,Austria,Canada,False
22,Round of 32,2026-07-03 18:00:00,Australia,Egypt,1.3708093166351318,0.9002379179000854,2,1,107.6835014909916,1.6,1.2,1.4,0.9,0.0,1.6,1.4,0.33,7.0,4.0,0.0,1.0,0.0,0.0,86.0,Australia,Egypt,False
22,Round of 32,2026-07-03 22:00:00,Argentina,Spain,1.3754807710647583,1.4266406297683716,0,4,23.577328340381655,2.6,0.4,3.5,0.4,0.0,2.6,3.5,0.33,19.0,17.0,0.0,1.0,0.0,0.0,87.0,Spain,Argentina,False
22,Round of 32,2026-07-04 01:30:00,Colombia,Croatia,1.4111135005950928,0.9601486921310425,0,1,129.85158449127084,2.6,1.1,1.7,0.8,1.0,1.0,2.0,0.0,7.0,7.0,0.0,1.0,0.0,0.0,88.0,Croatia,Colombia,False
22,Round of 16,2026-07-04 17:00:00,Switzerland,United States,1.6829004287719727,1.1439173221588135,3,0,54.17089888327632,1.8,0.9,1.8,1.5,1.0,4.0,0.0,1.0,13.0,12.0,0.0,1.0,0.0,0.0,89.0,Switzerland,United States,False
22,Round of 16,2026-07-04 21:00:00,Netherlands,Ivory Coast,1.9931459426879883,0.9365630149841309,5,3,159.58078665919447,2.6,0.8,2.3,1.1,0.0,2.6,2.3,0.33,12.0,4.0,0.0,1.0,0.0,0.0,90.0,Netherlands,Ivory Coast,False
22,Round of 16,2026-07-05 20:00:00,Japan,Norway,1.237987756729126,1.0342572927474976,1,3,26.73079244051928,2.0,0.6,2.1,0.8,0.0,2.0,2.1,0.33,8.0,4.0,0.0,1.0,0.0,0.0,91.0,Norway,Japan,False
22,Round of 16,2026-07-06 00:00:00,Ecuador,England,0.9302327632904053,1.6541142463684082,0,1,-98.22379330160538,1.1,1.1,1.8,0.4,0.0,1.1,1.8,0.33,5.0,17.0,0.0,1.0,0.0,0.0,92.0,England,Ecuador,False
22,Round of 16,2026-07-06 19:00:00,Ghana,Algeria,0.8599042892456055,1.8629964590072632,0,2,-199.6041476646617,1.2,1.7,2.0,0.8,0.0,1.2,2.0,0.33,5.0,5.0,0.0,1.0,0.0,0.0,93.0,Algeria,Ghana,False
22,Round of 16,2026-07-07 00:00:00,Belgium,Paraguay,1.4721623659133911,1.276884913444519,1,0,12.141230628354378,2.9,0.9,1.6,1.2,0.0,2.9,1.6,0.33,15.0,9.0,0.0,1.0,0.0,0.0,94.0,Belgium,Paraguay,False
22,Round of 16,2026-07-07 16:00:00,Australia,Croatia,1.0471786260604858,1.3206140995025635,1,1,-38.47350856813341,1.5,1.2,1.4,0.8,0.0,1.5,1.4,0.33,7.0,7.0,0.0,1.0,0.0,0.0,95.0,Australia,Croatia,True
22,Round of 16,2026-07-07 20:00:00,Austria,Spain,0.7917075157165527,2.767671823501587,0,3,-304.72528183978534,2.5,0.8,3.3,0.4,0.0,2.5,3.3,0.33,8.0,17.0,0.0,1.0,0.0,0.0,96.0,Spain,Austria,False
22,Quarter-final,2026-07-09 20:00:00,Switzerland,Netherlands,1.1849147081375122,1.6477775573730469,1,1,-122.47223480866182,1.9,0.9,2.7,1.1,0.0,1.9,2.7,0.33,13.0,12.0,0.0,1.0,0.0,0.0,97.0,Netherlands,Switzerland,True
22,Quarter-final,2026-07-10 19:00:00,Algeria,Belgium,1.1707758903503418,1.526196837425232,2,0,-74.58747935387237,2.1,0.8,3.0,0.9,0.0,2.1,3.0,0.33,5.0,15.0,0.0,1.0,0.0,0.0,98.0,Algeria,Belgium,False
22,Quarter-final,2026-07-11 21:00:00,Norway,England,1.0348132848739624,1.4718540906906128,1,3,-16.72779990828758,1.9,0.9,1.6,0.4,0.0,1.9,1.6,0.33,4.0,17.0,0.0,1.0,0.0,0.0,99.0,England,Norway,False
22,Quarter-final,2026-07-12 01:00:00,Australia,Spain,0.8155889511108398,2.4428954124450684,1,6,-266.93844715301134,1.5,1.3,3.4,0.4,0.0,1.5,3.4,0.33,7.0,17.0,0.0,1.0,0.0,0.0,100.0,Spain,Australia,False
22,Semi-final,2026-07-14 19:00:00,Netherlands,Algeria,1.7309415340423584,0.9711610674858093,2,1,110.608266688399,2.4,1.2,2.0,0.7,0.0,2.4,2.0,0.33,12.0,5.0,0.0,1.0,0.0,0.0,101.0,Netherlands,Algeria,False
22,Semi-final,2026-07-15 19:00:00,England,Spain,0.924257218837738,1.6422349214553833,1,2,-142.3954228759883,1.4,0.5,3.6,0.5,1.0,1.0,2.0,0.0,17.0,17.0,0.0,1.0,0.0,0.0,102.0,Spain,England,False
22,Third-place playoff,2026-07-18 21:00:00,Algeria,England,0.9309402108192444,1.8238823413848877,2,1,-133.27556408083797,2.0,0.9,1.3,0.7,0.0,2.0,1.3,0.33,5.0,17.0,0.0,1.0,0.0,0.0,103.0,Algeria,England,False
22,Final,2026-07-19 19:00:00,Netherlands,Spain,1.1512818336486816,2.0907187461853027,1,2,-160.2433449888681,2.5,1.2,3.4,0.6,2.0,2.5,2.5,0.0,12.0,17.0,0.0,1.0,0.0,0.0,104.0,Spain,Netherlands,False
23,Group stage,2026-06-11 00:00:00,Mexico,South Africa,2.1329286098480225,0.6023440957069397,0,0,297.64561459530705,1.1,1.0,1.5,1.1,0.0,1.1,1.5,0.33,17.0,3.0,1.0,0.0,0.0,0.0,,,,
23,Group stage,2026-06-11 00:00:00,South Korea,Czech Republic,1.656619668006897,0.9059049487113953,2,0,98.40437375226111,1.5,1.2,1.8,1.2,0.0,1.5,1.8,0.33,11.0,1.0,0.0,1.0,0.0,0.0,,,,
23,Group stage,2026-06-12 00:00:00,Canada,Bosnia and Herzegovina,2.178720712661743,0.6230993866920471,4,0,252.19701310772894,1.1,0.4,2.1,1.1,0.0,1.1,2.1,0.33,2.0,1.0,1.0,0.0,0.0,0.0,,,,
23,Group stage,2026-06-12 00:00:00,United States,Paraguay,1.3273921012878418,1.1478886604309082,2,0,-90.4406608260008,1.7,1.6,1.0,1.0,1.0,2.0,1.0,1.0,11.0,8.0,1.0,0.0,0.0,0.0,,,,
23,Group stage,2026-06-13 00:00:00,Australia,Turkey,1.306311845779419,1.4813357591629028,0,1,-47.69773714089274,1.5,0.9,2.1,1.4,0.0,1.5,2.1,0.33,6.0,2.0,0.0,1.0,0.0,0.0,,,,
23,Group stage,2026-06-13 00:00:00,Brazil,Morocco,1.3794176578521729,1.0310763120651245,1,5,71.7854817950124,1.8,0.8,1.8,0.5,1.0,1.0,2.0,0.0,22.0,6.0,0.0,1.0,0.0,0.0,,,,
23,Group stage,2026-06-13 00:00:00,Haiti,Scotland,0.8986091017723083,1.6037302017211914,0,1,-128.96035980586862,1.2,1.1,1.8,1.2,0.0,1.2,1.8,0.33,1.0,8.0,0.0,1.0,0.0,0.0,,,,
23,Group stage,2026-06-13 00:00:00,Qatar,Switzerland,0.5497463941574097,2.393497943878174,1,2,-360.84472108477416,0.9,1.9,2.5,0.8,0.0,0.9,2.5,0.33,1.0,12.0,0.0,1.0,0.0,0.0,,,,
23,Group stage,2026-06-14 00:00:00,Germany,Curaçao,2.8003809452056885,0.6807331442832947,0,0,361.1352259778141,2.3,1.1,1.6,1.3,0.0,2.3,1.6,0.33,20.0,0.0,0.0,1.0,0.0,0.0,,,,
23,Group stage,2026-06-14 00:00:00,Ivory Coast,Ecuador,0.7578378915786743,1.6096333265304565,1,0,-219.15155902699053,2.0,0.7,0.7,0.4,0.0,2.0,0.7,0.33,3.0,4.0,0.0,1.0,0.0,0.0,,,,
23,Group stage,2026-06-14 00:00:00,Netherlands,Japan,1.4094085693359375,1.0377333164215088,0,1,19.05367466640928,3.0,0.6,1.8,0.7,0.0,3.0,1.8,0.33,11.0,7.0,0.0,1.0,0.0,0.0,,,,
23,Group stage,2026-06-14 00:00:00,Sweden,Tunisia,1.4389334917068481,1.2469319105148315,0,2,22.565366858667858,1.6,1.8,1.4,1.0,0.0,1.6,1.4,0.33,13.0,6.0,0.0,1.0,0.0,0.0,,,,
23,Group stage,2026-06-15 00:00:00,Belgium,Egypt,1.4515180587768555,0.9129274487495422,1,1,99.79242592327387,3.5,1.0,1.3,0.8,1.0,1.0,2.0,0.0,14.0,3.0,0.0,1.0,0.0,0.0,,,,
23,Group stage,2026-06-15 00:00:00,Iran,New Zealand,1.6201878786087036,0.738328218460083,3,3,142.34033556219924,1.6,0.7,0.9,1.5,0.0,1.6,0.9,0.33,6.0,2.0,0.0,1.0,0.0,0.0,,,,
23,Group stage,2026-06-15 00:00:00,Saudi Arabia,Uruguay,0.7248218059539795,1.7654508352279663,3,2,-283.38107610897714,0.9,1.3,1.0,0.9,0.0,0.9,1.0,0.33,6.0,14.0,0.0,1.0,0.0,0.0,,,,
23,Group stage,2026-06-15 00:00:00,Spain,Cape Verde,3.966179609298706,0.5665221810340881,3,1,563.2850614519855,3.1,0.8,1.7,1.0,0.0,3.1,1.7,0.33,16.0,0.0,0.0,1.0,0.0,0.0,,,,
23,Group stage,2026-06-16 00:00:00,Argentina,Algeria,2.156207323074341,0.7074368596076965,0,0,323.48300707879844,2.5,0.4,2.3,0.5,0.0,2.5,2.3,0.33,18.0,4.0,0.0,1.0,0.0,0.0,,,,
23,Group stage,2026-06-16 00:00:00,Austria,Jordan,2.314819097518921,0.9839795827865601,3,1,80.9944962008201,2.8,0.5,2.0,1.5,0.0,2.8,2.0,0.33,7.0,0.0,0.0,1.0,0.0,0.0,,,,
23,Group stage,2026-06-16 00:00:00,France,Senegal,2.243558645248413,0.8569515347480774,4,0,209.2497238875883,2.7,1.1,2.5,0.6,0.0,2.7,2.5,0.33,16.0,3.0,0.0,1.0,0.0,0.0,,,,
23,Group stage,2026-06-16 00:00:00,Iraq,Norway,0.7500935196876526,1.7158862352371216,0,0,-223.33641759859006,1.1,0.7,3.1,0.6,0.0,1.1,3.1,0.33,1.0,3.0,0.0,1.0,0.0,0.0,,,,
23,Group stage,2026-06-17 00:00:00,England,Croatia,1.630310297012329,1.0758646726608276,1,1,94.46756707201507,2.2,0.5,2.9,0.8,0.0,2.2,2.9,0.33,16.0,6.0,0.0,1.0,0.0,0.0,,,,
23,Group stage,2026-06-17 00:00:00,Ghana,Panama,0.8218146562576294,1.872027039527893,0,1,-237.5714618522527,1.5,1.3,1.3,0.8,0.0,1.5,1.3,0.33,4.0,1.0,0.0,1.0,0.0,0.0,,,,
23,Group stage,2026-06-17 00:00:00,Portugal,DR Congo,2.063178300857544,0.639021098613739,2,1,275.4864091486654,2.6,1.0,1.2,0.3,0.0,2.6,1.2,0.33,8.0,1.0,0.0,1.0,0.0,0.0,,,,
23,Group stage,2026-06-17 00:00:00,Uzbekistan,Colombia,0.7373384833335876,1.79137122631073,0,0,-213.1223064060914,1.5,0.7,2.1,1.0,0.0,1.5,2.1,0.33,0.0,6.0,0.0,1.0,0.0,0.0,,,,
23,Group stage,2026-06-18 00:00:00,Canada,Qatar,2.236276388168335,0.43132880330085754,1,1,335.3204726033705,1.3,0.4,1.0,1.8,1.0,2.0,0.0,1.0,3.0,2.0,1.0,0.0,0.0,0.0,,,,
23,Group stage,2026-06-18 00:00:00,Czech Republic,South Africa,1.4007625579833984,1.1414085626602173,2,1,60.53129797387919,1.6,1.4,1.4,1.0,0.0,1.6,1.4,0.33,2.0,4.0,0.0,1.0,0.0,0.0,,,,
23,Group stage,2026-06-18 00:00:00,Mexico,South Korea,1.4525126218795776,0.9288458228111267,1,0,24.58450531302924,0.9,0.8,1.5,1.2,1.0,2.0,2.0,0.0,18.0,12.0,1.0,0.0,0.0,0.0,,,,
23,Group stage,2026-06-18 00:00:00,Switzerland,Bosnia and Herzegovina,2.4468109607696533,0.727965235710144,4,1,317.26120070658635,2.3,0.7,2.0,1.5,0.0,2.3,2.0,0.33,13.0,2.0,0.0,1.0,0.0,0.0,,,,
23,Group stage,2026-06-19 00:00:00,Brazil,Haiti,2.336409568786621,0.6261343955993652,5,0,310.73672150858215,1.9,1.3,1.1,1.1,0.0,1.9,1.1,0.33,23.0,2.0,0.0,1.0,0.0,0.0,,,,
23,Group stage,2026-06-19 00:00:00,Scotland,Morocco,0.8540665507316589,1.7303422689437866,1,3,-206.71116798974026,1.8,0.9,2.0,0.4,0.0,1.8,2.0,0.33,9.0,7.0,0.0,1.0,0.0,0.0,,,,
23,Group stage,2026-06-19 00:00:00,Turkey,Paraguay,1.4668169021606445,0.9446123838424683,1,0,112.99914318295032,2.0,1.3,0.8,1.2,0.0,2.0,0.8,0.33,3.0,9.0,0.0,1.0,0.0,0.0,,,,
23,Group stage,2026-06-19 00:00:00,United States,Australia,1.4607157707214355,1.0536839962005615,2,0,-16.40344703052142,1.7,1.5,1.4,1.0,1.0,2.0,1.0,1.0,12.0,7.0,1.0,0.0,0.0,0.0,,,,
23,Group stage,2026-06-20 00:00:00,Ecuador,Curaçao,2.1561741828918457,0.6394145488739014,1,0,326.96667244178843,0.7,0.5,1.5,1.2,0.0,0.7,1.5,0.33,5.0,1.0,0.0,1.0,0.0,0.0,,,,
23,Group stage,2026-06-20 00:00:00,Germany,Ivory Coast,1.682457685470581,0.9311426877975464,1,1,113.14543659222227,2.2,0.9,1.8,0.7,0.0,2.2,1.8,0.33,21.0,4.0,0.0,1.0,0.0,0.0,,,,
23,Group stage,2026-06-20 00:00:00,Netherlands,Sweden,2.538036346435547,0.9878130555152893,3,0,255.7356942670981,2.8,0.7,1.4,2.0,0.0,2.8,1.4,0.33,12.0,14.0,0.0,1.0,0.0,0.0,,,,
23,Group stage,2026-06-20 00:00:00,Tunisia,Japan,0.8138166666030884,1.787699580192566,0,2,-226.69739884130877,1.5,0.9,1.9,0.6,0.0,1.5,1.9,0.33,7.0,8.0,0.0,1.0,0.0,0.0,,,,
23,Group stage,2026-06-21 00:00:00,Belgium,Iran,1.5901166200637817,1.168914556503296,0,1,24.435706710535896,3.5,1.0,1.7,1.0,0.0,3.5,1.7,0.33,15.0,7.0,0.0,1.0,0.0,0.0,,,,
23,Group stage,2026-06-21 00:00:00,New Zealand,Egypt,1.0856245756149292,1.4487063884735107,1,0,-60.46589175764802,1.1,1.8,1.4,0.6,1.0,0.0,1.0,0.0,3.0,4.0,0.0,1.0,0.0,0.0,,,,
23,Group stage,2026-06-21 00:00:00,Spain,Saudi Arabia,2.8106000423431396,0.6432996392250061,1,0,488.76868158949446,2.9,0.5,1.2,1.5,0.0,2.9,1.2,0.33,17.0,7.0,0.0,1.0,0.0,0.0,,,,
23,Group stage,2026-06-21 00:00:00,Uruguay,Cape Verde,2.0918450355529785,0.7310613989830017,2,1,264.3035150543376,1.2,1.0,1.5,1.3,0.0,1.2,1.5,0.33,15.0,1.0,0.0,1.0,0.0,0.0,,,,
23,Group stage,2026-06-22 00:00:00,Argentina,Austria,2.076267957687378,0.7871821522712708,0,1,253.05962752654955,2.1,0.3,2.9,0.5,0.0,2.1,2.9,0.33,19.0,8.0,0.0,1.0,0.0,0.0,,,,
23,Group stage,2026-06-22 00:00:00,France,Iraq,2.5830445289611816,0.47105276584625244,4,0,400.83119051233666,2.7,0.6,1.0,0.7,0.0,2.7,1.0,0.33,17.0,2.0,0.0,1.0,0.0,0.0,,,,
23,Group stage,2026-06-22 00:00:00,Jordan,Algeria,0.9796134829521179,1.7027939558029175,0,3,-123.8274561341882,1.9,1.5,1.8,0.4,0.0,1.9,1.8,0.33,1.0,5.0,0.0,1.0,0.0,0.0,,,,
23,Group stage,2026-06-22 00:00:00,Norway,Senegal,1.5393508672714233,0.9978658556938171,3,4,49.64670063640256,2.8,0.6,1.7,1.0,0.0,2.8,1.7,0.33,4.0,4.0,0.0,1.0,0.0,0.0,,,,
23,Group stage,2026-06-23 00:00:00,Colombia,DR Congo,1.8678686618804932,0.6848970055580139,2,0,275.2761641797906,2.1,1.0,1.2,0.5,0.0,2.1,1.2,0.33,7.0,2.0,0.0,1.0,0.0,0.0,,,,
23,Group stage,2026-06-23 00:00:00,England,Ghana,2.6046950817108154,0.7120054364204407,3,0,461.63324414278895,2.2,0.6,1.4,1.2,0.0,2.2,1.4,0.33,17.0,5.0,0.0,1.0,0.0,0.0,,,,
23,Group stage,2026-06-23 00:00:00,Panama,Croatia,1.0013989210128784,1.501774549484253,0,1,-121.15619886876584,1.4,0.8,2.3,0.9,0.0,1.4,2.3,0.33,2.0,7.0,0.0,1.0,0.0,0.0,,,,
23,Group stage,2026-06-23 00:00:00,Portugal,Uzbekistan,2.012000322341919,0.7902584075927734,2,0,200.93756031782618,2.6,1.0,1.3,0.5,0.0,2.6,1.3,0.33,9.0,1.0,0.0,1.0,0.0,0.0,,,,
23,Group stage,2026-06-24 00:00:00,Bosnia and Herzegovina,Qatar,1.5802031755447388,1.3296301364898682,2,1,16.90894883065198,2.0,1.7,0.9,1.7,0.0,2.0,0.9,0.33,2.0,2.0,0.0,1.0,0.0,0.0,,,,
23,Group stage,2026-06-24 00:00:00,Canada,Switzerland,1.1183909177780151,1.0483977794647217,0,4,-78.91892257557424,1.3,0.4,2.3,0.8,0.0,1.3,2.3,0.33,3.0,13.0,1.0,0.0,0.0,0.0,,,,
23,Group stage,2026-06-24 00:00:00,Mexico,Czech Republic,1.881582498550415,0.6575788855552673,1,0,183.01404806837832,1.0,0.4,1.7,1.0,0.0,1.0,1.7,0.33,18.0,2.0,1.0,0.0,0.0,0.0,,,,
23,Group stage,2026-06-24 00:00:00,Morocco,Haiti,2.524972915649414,0.46467888355255127,2,0,412.5519586007256,2.1,0.5,1.0,1.4,0.0,2.1,1.0,0.33,7.0,2.0,0.0,1.0,0.0,0.0,,,,
23,Group stage,2026-06-24 00:00:00,Scotland,Brazil,1.049741268157959,2.0773563385009766,1,1,-181.2593666217449,1.5,1.2,2.3,1.3,0.0,1.5,2.3,0.33,9.0,23.0,0.0,1.0,0.0,0.0,,,,
23,Group stage,2026-06-24 00:00:00,South Africa,South Korea,0.8588076233863831,1.855319619178772,1,1,-229.24987271733403,1.5,1.2,1.1,1.3,0.0,1.5,1.1,0.33,4.0,12.0,0.0,1.0,0.0,0.0,,,,
23,Group stage,2026-06-25 00:00:00,Curaçao,Ivory Coast,0.7247256636619568,1.8844434022903442,0,1,-218.69681608038263,1.4,1.1,1.9,0.7,0.0,1.4,1.9,0.33,1.0,4.0,0.0,1.0,0.0,0.0,,,,
23,Group stage,2026-06-25 00:00:00,Ecuador,Germany,1.168053388595581,1.2943984270095825,1,0,29.858053536391253,0.8,0.5,2.3,0.8,0.0,0.8,2.3,0.33,5.0,21.0,0.0,1.0,0.0,0.0,,,,
23,Group stage,2026-06-25 00:00:00,Japan,Sweden,2.354020833969116,0.6511179804801941,1,0,338.7637347904588,1.5,0.6,1.0,2.0,0.0,1.5,1.0,0.33,8.0,14.0,0.0,1.0,0.0,0.0,,,,
23,Group stage,2026-06-25 00:00:00,Paraguay,Australia,1.1229478120803833,1.172140121459961,1,0,0.3166606653094277,0.8,1.2,1.2,1.1,0.0,0.8,1.2,0.33,9.0,7.0,0.0,1.0,0.0,0.0,,,,
23,Group stage,2026-06-25 00:00:00,Tunisia,Netherlands,0.8704135417938232,1.8452049493789673,1,3,-221.2584720902055,1.5,1.0,2.3,0.7,0.0,1.5,2.3,0.33,7.0,12.0,0.0,1.0,0.0,0.0,,,,
23,Group stage,2026-06-25 00:00:00,United States,Turkey,1.3504999876022339,1.2666716575622559,0,3,-102.11162597280008,1.8,1.3,2.1,1.2,1.0,1.0,2.0,0.0,12.0,3.0,1.0,0.0,0.0,0.0,,,,
23,Group stage,2026-06-26 00:00:00,Cape Verde,Saudi Arabia,1.1451611518859863,1.5739245414733887,1,1,-88.642874978289,1.5,1.4,1.1,1.6,0.0,1.5,1.1,0.33,1.0,7.0,0.0,1.0,0.0,0.0,,,,
23,Group stage,2026-06-26 00:00:00,Egypt,Iran,0.9341668486595154,1.3583765029907227,0,2,-125.85739874623323,1.2,0.6,1.6,0.8,0.0,1.2,1.6,0.33,4.0,7.0,0.0,1.0,0.0,0.0,,,,
23,Group stage,2026-06-26 00:00:00,New Zealand,Belgium,1.0617928504943848,1.620507001876831,0,1,-76.20811679766462,1.1,1.6,3.1,0.8,0.0,1.1,3.1,0.33,3.0,15.0,0.0,1.0,0.0,0.0,,,,
23,Group stage,2026-06-26 00:00:00,Norway,France,0.9912552833557129,2.400926351547241,1,1,-255.944293032097,3.0,1.0,2.9,0.6,0.0,3.0,2.9,0.33,4.0,17.0,0.0,1.0,0.0,0.0,,,,
23,Group stage,2026-06-26 00:00:00,Senegal,Iraq,1.848230242729187,0.7591255903244019,0,1,184.12174340948877,1.8,1.3,0.9,1.1,0.0,1.8,0.9,0.33,4.0,2.0,0.0,1.0,0.0,0.0,,,,
23,Group stage,2026-06-26 00:00:00,Uruguay,Spain,0.7043505907058716,1.9988322257995605,0,2,-298.3897050042085,1.2,1.1,2.8,0.3,0.0,1.2,2.8,0.33,15.0,17.0,0.0,1.0,0.0,0.0,,,,
23,Group stage,2026-06-27 00:00:00,Algeria,Austria,1.1162474155426025,1.2711139917373657,2,2,-40.6772947760262,1.9,0.4,2.6,0.5,0.0,1.9,2.6,0.33,5.0,8.0,0.0,1.0,0.0,0.0,,,,
23,Group stage,2026-06-27 00:00:00,Colombia,Portugal,1.2805386781692505,1.3697408437728882,3,0,-26.82826458012937,2.2,0.9,2.6,0.8,0.0,2.2,2.6,0.33,7.0,9.0,0.0,1.0,0.0,0.0,,,,
23,Group stage,2026-06-27 00:00:00,Croatia,Ghana,2.4194724559783936,0.523131251335144,3,0,409.9133585504951,1.9,0.8,1.0,1.5,0.0,1.9,1.0,0.33,7.0,5.0,0.0,1.0,0.0,0.0,,,,
23,Group stage,2026-06-27 00:00:00,DR Congo,Uzbekistan,0.954212486743927,1.1965417861938477,0,0,-88.72405741408966,1.1,0.7,1.3,0.7,0.0,1.1,1.3,0.33,2.0,1.0,0.0,1.0,0.0,0.0,,,,
23,Group stage,2026-06-27 00:00:00,Jordan,Argentina,0.5314380526542664,2.6418464183807373,0,8,-389.3260809473022,1.7,1.5,2.0,0.4,0.0,1.7,2.0,0.33,1.0,19.0,0.0,1.0,0.0,0.0,,,,
23,Group stage,2026-06-27 00:00:00,Panama,England,0.730287492275238,1.8933099508285522,0,1,-226.52447332845122,1.3,0.8,2.4,0.3,0.0,1.3,2.4,0.33,2.0,17.0,0.0,1.0,0.0,0.0,,,,
23,Round of 32,2026-06-28 19:00:00,South Korea,Canada,1.3450461626052856,0.9898173809051514,3,0,51.074504273935645,1.0,1.4,1.0,0.8,0.0,1.0,1.0,0.33,12.0,3.0,0.0,1.0,0.0,0.0,73.0,South Korea,Canada,False
23,Round of 32,2026-06-29 17:00:00,Morocco,Netherlands,1.446075439453125,1.1317435503005981,1,1,60.4989513402993,2.2,0.4,2.5,0.7,0.0,2.2,2.5,0.33,7.0,12.0,0.0,1.0,0.0,0.0,74.0,Morocco,Netherlands,True
23,Round of 32,2026-06-29 20:30:00,Ivory Coast,Paraguay,1.1470293998718262,1.1148779392242432,0,0,-11.026133643159028,1.8,0.7,0.9,1.2,0.0,1.8,0.9,0.33,4.0,9.0,0.0,1.0,0.0,0.0,75.0,Ivory Coast,Paraguay,True
23,Round of 32,2026-06-30 01:00:00,Japan,Brazil,1.4795496463775635,1.3725608587265015,0,1,60.60645583902169,1.6,0.6,2.1,1.4,1.0,3.0,2.0,1.0,8.0,23.0,0.0,1.0,0.0,0.0,76.0,Brazil,Japan,False
23,Round of 32,2026-06-30 17:00:00,Ecuador,Iraq,1.677667498588562,0.6586276888847351,4,0,207.64148700667283,0.9,0.5,1.0,1.1,1.0,0.0,0.0,0.0,5.0,2.0,0.0,1.0,0.0,0.0,77.0,Ecuador,Iraq,False
23,Round of 32,2026-06-30 21:00:00,France,Tunisia,2.0678977966308594,0.7408002018928528,1,0,397.01423805007653,2.8,0.7,1.4,1.1,1.0,0.0,1.0,0.0,17.0,7.0,0.0,1.0,0.0,0.0,78.0,France,Tunisia,False
23,Round of 32,2026-07-01 01:00:00,Mexico,Scotland,1.4148807525634766,0.9055954813957214,0,1,124.84119534232241,1.0,0.3,1.6,1.3,0.0,1.0,1.6,0.33,18.0,9.0,0.0,1.0,0.0,0.0,79.0,Scotland,Mexico,False
23,Round of 32,2026-07-01 16:00:00,Croatia,Uruguay,1.5232949256896973,1.0919784307479858,1,1,103.19764992322825,2.1,0.8,0.9,1.3,0.0,2.1,0.9,0.33,7.0,15.0,0.0,1.0,0.0,0.0,80.0,Uruguay,Croatia,True
23,Round of 32,2026-07-01 20:00:00,Iran,Czech Republic,1.8222070932388306,0.7799184322357178,2,2,176.5418346456936,1.8,0.7,1.5,1.1,0.0,1.8,1.5,0.33,7.0,2.0,0.0,1.0,0.0,0.0,81.0,Iran,Czech Republic,True
23,Round of 32,2026-07-02 00:00:00,Turkey,Argentina,1.0523632764816284,1.7891888618469238,0,0,-70.27299191488578,2.1,1.0,2.7,0.3,0.0,2.1,2.7,0.33,3.0,19.0,0.0,1.0,0.0,0.0,82.0,Turkey,Argentina,True
23,Round of 32,2026-07-02 19:00:00,Portugal,England,1.0545518398284912,1.7331035137176514,0,0,-70.80048673066631,2.1,1.1,2.3,0.3,0.0,2.1,2.3,0.33,9.0,17.0,0.0,1.0,0.0,0.0,83.0,England,Portugal,True
23,Round of 32,2026-07-02 23:00:00,Spain,Algeria,2.1127655506134033,0.7206065654754639,4,1,326.62676170203395,2.7,0.3,2.0,0.5,0.0,2.7,2.0,0.33,17.0,5.0,0.0,1.0,0.0,0.0,84.0,Spain,Algeria,False
23,Round of 32,2026-07-03 03:00:00,Switzerland,New Zealand,2.225945472717285,0.7605657577514648,3,1,251.06184184356107,2.3,0.8,1.1,1.6,0.0,2.3,1.1,0.33,13.0,3.0,0.0,1.0,0.0,0.0,85.0,Switzerland,New Zealand,False
23,Round of 32,2026-07-03 18:00:00,United States,Belgium,1.2087267637252808,1.6915674209594727,0,0,-42.732695523515986,1.8,1.4,2.6,0.8,1.0,2.0,5.0,0.0,12.0,15.0,0.0,1.0,0.0,0.0,86.0,United States,Belgium,True
23,Round of 32,2026-07-03 22:00:00,Austria,Saudi Arabia,2.067377805709839,0.7954395413398743,2,2,223.8054171681381,2.7,0.7,1.2,1.5,0.0,2.7,1.2,0.33,8.0,7.0,0.0,1.0,0.0,0.0,87.0,Austria,Saudi Arabia,True
23,Round of 32,2026-07-04 01:30:00,Colombia,Panama,2.0358376502990723,0.7163980603218079,4,0,267.6070511121595,2.2,0.9,1.2,0.9,1.0,5.0,0.0,1.0,7.0,2.0,0.0,1.0,0.0,0.0,88.0,Colombia,Panama,False
23,Round of 16,2026-07-04 17:00:00,South Korea,Ivory Coast,1.2313222885131836,1.0685951709747314,0,1,18.169493696278096,1.1,1.2,1.7,0.7,1.0,0.0,4.0,0.0,12.0,4.0,0.0,1.0,0.0,0.0,89.0,Ivory Coast,South Korea,False
23,Round of 16,2026-07-04 21:00:00,Morocco,Ecuador,1.2394713163375854,0.9163597822189331,0,2,72.97083990600368,2.0,0.5,1.2,0.5,1.0,1.0,1.0,0.0,7.0,5.0,0.0,1.0,0.0,0.0,90.0,Ecuador,Morocco,False
23,Round of 16,2026-07-05 20:00:00,Brazil,France,1.0559375286102295,1.8131508827209473,0,2,-135.73432549094696,2.2,1.3,2.7,0.6,1.0,1.0,2.0,0.0,23.0,17.0,0.0,1.0,0.0,0.0,91.0,France,Brazil,False
23,Round of 16,2026-07-06 00:00:00,Scotland,Uruguay,1.117023229598999,1.558823585510254,0,2,-79.63091432665124,1.5,1.3,1.0,1.4,0.0,1.5,1.0,0.33,9.0,15.0,0.0,1.0,0.0,0.0,92.0,Uruguay,Scotland,False
23,Round of 16,2026-07-06 19:00:00,England,Spain,0.9148129224777222,1.4431796073913574,1,2,-143.2808426403942,1.8,0.3,2.5,0.4,1.0,1.0,2.0,0.0,17.0,17.0,0.0,1.0,0.0,0.0,93.0,Spain,England,False
23,Round of 16,2026-07-07 00:00:00,Iran,Turkey,0.9825243353843689,1.544467568397522,2,1,-138.15135658838335,1.7,0.9,2.1,0.4,0.0,1.7,2.1,0.33,7.0,3.0,0.0,1.0,0.0,0.0,94.0,Iran,Turkey,False
23,Round of 16,2026-07-07 16:00:00,United States,Colombia,0.895203173160553,1.6633356809616089,0,1,-245.05174256232863,1.6,1.4,2.0,0.6,2.0,0.5,2.5,0.0,12.0,7.0,0.0,1.0,0.0,0.0,95.0,Colombia,United States,False
23,Round of 16,2026-07-07 20:00:00,Switzerland,Austria,1.4745547771453857,1.110007405281067,1,0,70.92052429040723,2.3,0.9,2.7,0.8,1.0,1.0,1.0,0.0,13.0,8.0,0.0,1.0,0.0,0.0,96.0,Switzerland,Austria,False
23,Quarter-final,2026-07-09 20:00:00,Ivory Coast,Ecuador,0.8836629390716553,1.4324517250061035,3,2,-156.21618292659855,1.7,0.6,1.3,0.4,1.0,1.0,0.0,1.0,4.0,5.0,0.0,1.0,0.0,0.0,97.0,Ivory Coast,Ecuador,False
23,Quarter-final,2026-07-10 19:00:00,Spain,Iran,2.019834518432617,0.7714344263076782,3,1,283.2968547490618,2.5,0.5,1.8,0.8,0.0,2.5,1.8,0.33,17.0,7.0,0.0,1.0,0.0,0.0,98.0,Spain,Iran,False
23,Quarter-final,2026-07-11 21:00:00,France,Uruguay,2.02463436126709,1.0370359420776367,2,1,196.86362940632785,2.6,0.6,1.1,1.4,0.0,2.6,1.1,0.33,17.0,15.0,0.0,1.0,0.0,0.0,99.0,France,Uruguay,False
23,Quarter-final,2026-07-12 01:00:00,Colombia,Switzerland,1.3884378671646118,1.0518410205841064,0,3,78.82491519685027,1.7,0.6,2.2,0.9,0.0,1.7,2.2,0.33,7.0,13.0,0.0,1.0,0.0,0.0,100.0,Switzerland,Colombia,False
23,Semi-final,2026-07-14 19:00:00,Ivory Coast,Spain,0.679091215133667,2.0482494831085205,1,1,-319.4170578355888,1.7,0.6,2.4,0.6,0.0,1.7,2.4,0.33,4.0,17.0,0.0,1.0,0.0,0.0,101.0,Spain,Ivory Coast,True
23,Semi-final,2026-07-15 19:00:00,France,Switzerland,1.6318601369857788,1.1561481952667236,2,3,80.10052919729537,2.6,0.5,2.5,0.9,0.0,2.6,2.5,0.33,17.0,13.0,0.0,1.0,0.0,0.0,102.0,Switzerland,France,False
23,Third-place playoff,2026-07-18 21:00:00,Ivory Coast,France,0.8785542249679565,1.8042948246002197,2,1,-203.1523138524185,1.5,0.7,2.4,0.8,0.0,1.5,2.4,0.33,4.0,17.0,0.0,1.0,0.0,0.0,103.0,Ivory Coast,France,False
23,Final,2026-07-19 19:00:00,Spain,Switzerland,1.557019829750061,1.1232576370239258,2,1,139.23682159180248,2.1,0.7,2.4,1.0,3.0,2.6666666666666665,1.6666666666666667,0.6666666666666666,17.0,13.0,0.0,1.0,0.0,0.0,104.0,Spain,Switzerland,False
24,Group stage,2026-06-11 00:00:00,Mexico,South Africa,2.1329286098480225,0.6023440957069397,4,0,297.64561459530705,1.1,1.0,1.5,1.1,0.0,1.1,1.5,0.33,17.0,3.0,1.0,0.0,0.0,0.0,,,,
24,Group stage,2026-06-11 00:00:00,South Korea,Czech Republic,1.656619668006897,0.9059049487113953,1,0,98.40437375226111,1.5,1.2,1.8,1.2,0.0,1.5,1.8,0.33,11.0,1.0,0.0,1.0,0.0,0.0,,,,
24,Group stage,2026-06-12 00:00:00,Canada,Bosnia and Herzegovina,2.178720712661743,0.6230993866920471,3,0,252.19701310772894,1.1,0.4,2.1,1.1,0.0,1.1,2.1,0.33,2.0,1.0,1.0,0.0,0.0,0.0,,,,
24,Group stage,2026-06-12 00:00:00,United States,Paraguay,1.3273921012878418,1.1478886604309082,2,1,-90.4406608260008,1.7,1.6,1.0,1.0,1.0,2.0,1.0,1.0,11.0,8.0,1.0,0.0,0.0,0.0,,,,
24,Group stage,2026-06-13 00:00:00,Australia,Turkey,1.306311845779419,1.4813357591629028,0,1,-47.69773714089274,1.5,0.9,2.1,1.4,0.0,1.5,2.1,0.33,6.0,2.0,0.0,1.0,0.0,0.0,,,,
24,Group stage,2026-06-13 00:00:00,Brazil,Morocco,1.3794176578521729,1.0310763120651245,0,1,71.7854817950124,1.8,0.8,1.8,0.5,1.0,1.0,2.0,0.0,22.0,6.0,0.0,1.0,0.0,0.0,,,,
24,Group stage,2026-06-13 00:00:00,Haiti,Scotland,0.8986091017723083,1.6037302017211914,0,0,-128.96035980586862,1.2,1.1,1.8,1.2,0.0,1.2,1.8,0.33,1.0,8.0,0.0,1.0,0.0,0.0,,,,
24,Group stage,2026-06-13 00:00:00,Qatar,Switzerland,0.5497463941574097,2.393497943878174,0,3,-360.84472108477416,0.9,1.9,2.5,0.8,0.0,0.9,2.5,0.33,1.0,12.0,0.0,1.0,0.0,0.0,,,,
24,Group stage,2026-06-14 00:00:00,Germany,Curaçao,2.8003809452056885,0.6807331442832947,1,0,361.1352259778141,2.3,1.1,1.6,1.3,0.0,2.3,1.6,0.33,20.0,0.0,0.0,1.0,0.0,0.0,,,,
24,Group stage,2026-06-14 00:00:00,Ivory Coast,Ecuador,0.7578378915786743,1.6096333265304565,0,1,-219.15155902699053,2.0,0.7,0.7,0.4,0.0,2.0,0.7,0.33,3.0,4.0,0.0,1.0,0.0,0.0,,,,
24,Group stage,2026-06-14 00:00:00,Netherlands,Japan,1.4094085693359375,1.0377333164215088,1,2,19.05367466640928,3.0,0.6,1.8,0.7,0.0,3.0,1.8,0.33,11.0,7.0,0.0,1.0,0.0,0.0,,,,
24,Group stage,2026-06-14 00:00:00,Sweden,Tunisia,1.4389334917068481,1.2469319105148315,0,2,22.565366858667858,1.6,1.8,1.4,1.0,0.0,1.6,1.4,0.33,13.0,6.0,0.0,1.0,0.0,0.0,,,,
24,Group stage,2026-06-15 00:00:00,Belgium,Egypt,1.4515180587768555,0.9129274487495422,2,0,99.79242592327387,3.5,1.0,1.3,0.8,1.0,1.0,2.0,0.0,14.0,3.0,0.0,1.0,0.0,0.0,,,,
24,Group stage,2026-06-15 00:00:00,Iran,New Zealand,1.6201878786087036,0.738328218460083,2,3,142.34033556219924,1.6,0.7,0.9,1.5,0.0,1.6,0.9,0.33,6.0,2.0,0.0,1.0,0.0,0.0,,,,
24,Group stage,2026-06-15 00:00:00,Saudi Arabia,Uruguay,0.7248218059539795,1.7654508352279663,0,2,-283.38107610897714,0.9,1.3,1.0,0.9,0.0,0.9,1.0,0.33,6.0,14.0,0.0,1.0,0.0,0.0,,,,
24,Group stage,2026-06-15 00:00:00,Spain,Cape Verde,3.966179609298706,0.5665221810340881,3,1,563.2850614519855,3.1,0.8,1.7,1.0,0.0,3.1,1.7,0.33,16.0,0.0,0.0,1.0,0.0,0.0,,,,
24,Group stage,2026-06-16 00:00:00,Argentina,Algeria,2.156207323074341,0.7074368596076965,3,1,323.48300707879844,2.5,0.4,2.3,0.5,0.0,2.5,2.3,0.33,18.0,4.0,0.0,1.0,0.0,0.0,,,,
24,Group stage,2026-06-16 00:00:00,Austria,Jordan,2.314819097518921,0.9839795827865601,1,2,80.9944962008201,2.8,0.5,2.0,1.5,0.0,2.8,2.0,0.33,7.0,0.0,0.0,1.0,0.0,0.0,,,,
24,Group stage,2026-06-16 00:00:00,France,Senegal,2.243558645248413,0.8569515347480774,2,2,209.2497238875883,2.7,1.1,2.5,0.6,0.0,2.7,2.5,0.33,16.0,3.0,0.0,1.0,0.0,0.0,,,,
24,Group stage,2026-06-16 00:00:00,Iraq,Norway,0.7500935196876526,1.7158862352371216,0,3,-223.33641759859006,1.1,0.7,3.1,0.6,0.0,1.1,3.1,0.33,1.0,3.0,0.0,1.0,0.0,0.0,,,,
24,Group stage,2026-06-17 00:00:00,England,Croatia,1.630310297012329,1.0758646726608276,1,0,94.46756707201507,2.2,0.5,2.9,0.8,0.0,2.2,2.9,0.33,16.0,6.0,0.0,1.0,0.0,0.0,,,,
24,Group stage,2026-06-17 00:00:00,Ghana,Panama,0.8218146562576294,1.872027039527893,0,3,-237.5714618522527,1.5,1.3,1.3,0.8,0.0,1.5,1.3,0.33,4.0,1.0,0.0,1.0,0.0,0.0,,,,
24,Group stage,2026-06-17 00:00:00,Portugal,DR Congo,2.063178300857544,0.639021098613739,5,0,275.4864091486654,2.6,1.0,1.2,0.3,0.0,2.6,1.2,0.33,8.0,1.0,0.0,1.0,0.0,0.0,,,,
24,Group stage,2026-06-17 00:00:00,Uzbekistan,Colombia,0.7373384833335876,1.79137122631073,1,1,-213.1223064060914,1.5,0.7,2.1,1.0,0.0,1.5,2.1,0.33,0.0,6.0,0.0,1.0,0.0,0.0,,,,
24,Group stage,2026-06-18 00:00:00,Canada,Qatar,2.2226412296295166,0.4300467371940613,1,0,339.45782890272676,1.2,0.4,0.9,1.9,1.0,2.0,0.0,1.0,3.0,2.0,1.0,0.0,0.0,0.0,,,,
24,Group stage,2026-06-18 00:00:00,Czech Republic,South Africa,1.4709545373916626,0.9779654741287231,4,1,106.22477039550836,1.6,1.3,1.4,1.4,0.0,1.6,1.4,0.33,2.0,4.0,0.0,1.0,0.0,0.0,,,,
24,Group stage,2026-06-18 00:00:00,Mexico,South Korea,1.545762062072754,0.9309523701667786,0,1,70.2779777346584,1.3,0.8,1.4,1.2,1.0,2.0,2.0,0.0,18.0,12.0,1.0,0.0,0.0,0.0,,,,
24,Group stage,2026-06-18 00:00:00,Switzerland,Bosnia and Herzegovina,2.4193789958953857,0.7116455435752869,2,0,321.3985570059426,2.4,0.6,2.0,1.4,0.0,2.4,2.0,0.33,13.0,2.0,0.0,1.0,0.0,0.0,,,,
24,Group stage,2026-06-19 00:00:00,Brazil,Haiti,2.300032377243042,0.6148260831832886,2,0,312.33448841443465,1.8,0.9,1.1,1.0,0.0,1.8,1.1,0.33,23.0,2.0,0.0,1.0,0.0,0.0,,,,
24,Group stage,2026-06-19 00:00:00,Scotland,Morocco,0.8165210485458374,1.5788609981536865,0,3,-205.11340108388777,1.7,0.9,1.6,0.3,0.0,1.7,1.6,0.33,9.0,7.0,0.0,1.0,0.0,0.0,,,,
24,Group stage,2026-06-19 00:00:00,Turkey,Paraguay,1.4785445928573608,0.9531080722808838,2,1,98.41174891909031,2.0,1.3,0.9,1.2,0.0,2.0,0.9,0.33,3.0,9.0,0.0,1.0,0.0,0.0,,,,
24,Group stage,2026-06-19 00:00:00,United States,Australia,1.4739338159561157,1.051596760749817,1,0,-30.990841294381426,1.7,1.6,1.4,1.0,1.0,2.0,1.0,1.0,12.0,7.0,1.0,0.0,0.0,0.0,,,,
24,Group stage,2026-06-20 00:00:00,Ecuador,Curaçao,2.4521894454956055,0.5749546885490417,3,1,416.96667244178843,0.8,0.4,1.5,1.3,0.0,0.8,1.5,0.33,5.0,1.0,0.0,1.0,0.0,0.0,,,,
24,Group stage,2026-06-20 00:00:00,Germany,Ivory Coast,2.0273492336273193,0.8136948943138123,1,4,203.14543659222227,2.3,0.9,1.7,0.8,0.0,2.3,1.7,0.33,21.0,4.0,0.0,1.0,0.0,0.0,,,,
24,Group stage,2026-06-20 00:00:00,Netherlands,Sweden,2.6251771450042725,0.9973483681678772,4,2,255.7356942670981,2.9,0.8,1.4,2.0,0.0,2.9,1.4,0.33,12.0,14.0,0.0,1.0,0.0,0.0,,,,
24,Group stage,2026-06-20 00:00:00,Tunisia,Japan,0.8228544592857361,1.794154167175293,0,3,-226.69739884130877,1.5,0.9,2.0,0.7,0.0,1.5,2.0,0.33,7.0,8.0,0.0,1.0,0.0,0.0,,,,
24,Group stage,2026-06-21 00:00:00,Belgium,Iran,1.8124794960021973,0.9995102286338806,3,1,95.24201654181547,3.6,0.9,1.6,1.0,0.0,3.6,1.6,0.33,15.0,7.0,0.0,1.0,0.0,0.0,,,,
24,Group stage,2026-06-21 00:00:00,New Zealand,Egypt,1.1360536813735962,1.1886508464813232,0,1,10.340418073631781,1.1,1.7,1.3,0.7,1.0,0.0,1.0,0.0,3.0,4.0,0.0,1.0,0.0,0.0,,,,
24,Group stage,2026-06-21 00:00:00,Spain,Saudi Arabia,3.2121834754943848,0.43280288577079773,1,0,553.6783646449169,2.9,0.5,0.9,1.5,0.0,2.9,0.9,0.33,17.0,7.0,0.0,1.0,0.0,0.0,,,,
24,Group stage,2026-06-21 00:00:00,Uruguay,Cape Verde,2.2208566665649414,0.6733004450798035,1,1,329.21319810976,1.2,0.7,1.5,1.3,0.0,1.2,1.5,0.33,15.0,1.0,0.0,1.0,0.0,0.0,,,,
24,Group stage,2026-06-22 00:00:00,Argentina,Austria,2.3704025745391846,0.7597987651824951,0,0,358.658503473755,2.4,0.4,2.7,0.6,0.0,2.4,2.7,0.33,19.0,8.0,0.0,1.0,0.0,0.0,,,,
24,Group stage,2026-06-22 00:00:00,France,Iraq,2.4954612255096436,0.5056238770484924,2,1,398.4677945994615,2.5,0.8,1.0,1.0,0.0,2.5,1.0,0.33,17.0,2.0,0.0,1.0,0.0,0.0,,,,
24,Group stage,2026-06-22 00:00:00,Jordan,Algeria,1.088139533996582,1.3723621368408203,0,0,-18.228580186982754,2.0,1.3,1.9,0.7,0.0,2.0,1.9,0.33,1.0,5.0,0.0,1.0,0.0,0.0,,,,
24,Group stage,2026-06-22 00:00:00,Norway,Senegal,1.4592522382736206,1.030756950378418,1,1,47.28330472352741,3.1,0.6,1.9,0.8,0.0,3.1,1.9,0.33,4.0,4.0,0.0,1.0,0.0,0.0,,,,
24,Group stage,2026-06-23 00:00:00,Colombia,DR Congo,1.9995256662368774,0.7014287710189819,4,1,285.47447122841663,2.2,1.1,1.1,0.8,0.0,2.2,1.1,0.33,7.0,2.0,0.0,1.0,0.0,0.0,,,,
24,Group stage,2026-06-23 00:00:00,England,Ghana,2.7791662216186523,0.7225526571273804,4,0,500.7688079162067,2.2,0.5,1.4,1.4,0.0,2.2,1.4,0.33,17.0,5.0,0.0,1.0,0.0,0.0,,,,
24,Group stage,2026-06-23 00:00:00,Panama,Croatia,1.0232125520706177,1.3885034322738647,2,1,-82.0206350953481,1.6,0.8,2.2,0.9,0.0,1.6,2.2,0.33,2.0,7.0,0.0,1.0,0.0,0.0,,,,
24,Group stage,2026-06-23 00:00:00,Portugal,Uzbekistan,2.091843843460083,0.7806383371353149,2,2,211.1358673664522,2.9,0.9,1.4,0.6,0.0,2.9,1.4,0.33,9.0,1.0,0.0,1.0,0.0,0.0,,,,
24,Group stage,2026-06-24 00:00:00,Bosnia and Herzegovina,Qatar,1.7032307386398315,1.113929271697998,3,5,55.026984838048975,1.9,1.4,0.7,1.8,0.0,1.9,0.7,0.33,2.0,2.0,0.0,1.0,0.0,0.0,,,,
24,Group stage,2026-06-24 00:00:00,Canada,Switzerland,1.188323974609375,1.0170592069625854,2,0,-52.56625087944076,1.2,0.3,2.2,0.6,0.0,1.2,2.2,0.33,3.0,13.0,1.0,0.0,0.0,0.0,,,,
24,Group stage,2026-06-24 00:00:00,Mexico,Czech Republic,1.6393297910690308,0.723440408706665,2,2,131.56914783407615,1.3,0.5,1.9,0.9,0.0,1.3,1.9,0.33,18.0,2.0,1.0,0.0,0.0,0.0,,,,
24,Group stage,2026-06-24 00:00:00,Morocco,Haiti,2.084876775741577,0.48830223083496094,2,0,350.22838049110237,1.7,0.3,1.0,1.0,0.0,1.7,1.0,0.33,7.0,2.0,0.0,1.0,0.0,0.0,,,,
24,Group stage,2026-06-24 00:00:00,Scotland,Brazil,0.8002747297286987,2.063338041305542,0,0,-242.13132232382668,1.3,1.2,1.9,0.9,0.0,1.3,1.9,0.33,9.0,23.0,0.0,1.0,0.0,0.0,,,,
24,Group stage,2026-06-24 00:00:00,South Africa,South Korea,0.7566525936126709,2.132566213607788,0,2,-328.63526113013427,1.5,1.8,1.1,1.2,0.0,1.5,1.1,0.33,4.0,12.0,0.0,1.0,0.0,0.0,,,,
24,Group stage,2026-06-25 00:00:00,Curaçao,Ivory Coast,0.7207457423210144,2.073052167892456,1,2,-258.932625864511,1.5,1.4,2.1,0.8,0.0,1.5,2.1,0.33,1.0,4.0,0.0,1.0,0.0,0.0,,,,
24,Group stage,2026-06-25 00:00:00,Ecuador,Germany,1.4635337591171265,1.2775418758392334,4,2,130.09386332051963,1.1,0.5,2.4,1.1,0.0,1.1,2.4,0.33,5.0,21.0,0.0,1.0,0.0,0.0,,,,
24,Group stage,2026-06-25 00:00:00,Japan,Sweden,2.404020071029663,0.7929150462150574,1,0,339.1643889283075,1.7,0.7,1.2,2.1,0.0,1.7,1.2,0.33,8.0,14.0,0.0,1.0,0.0,0.0,,,,
24,Group stage,2026-06-25 00:00:00,Paraguay,Australia,1.2169042825698853,1.1914646625518799,0,2,3.496016111103245,1.0,1.3,1.2,1.0,0.0,1.0,1.2,0.33,9.0,7.0,0.0,1.0,0.0,0.0,,,,
24,Group stage,2026-06-25 00:00:00,Tunisia,Netherlands,0.9251373410224915,1.8687149286270142,0,1,-221.65912622805422,1.5,1.1,2.5,1.0,0.0,1.5,2.5,0.33,7.0,12.0,0.0,1.0,0.0,0.0,,,,
24,Group stage,2026-06-25 00:00:00,United States,Turkey,1.3947253227233887,1.3364237546920776,5,1,-128.10705905472628,1.7,1.4,2.2,1.3,1.0,1.0,2.0,0.0,12.0,3.0,1.0,0.0,0.0,0.0,,,,
24,Group stage,2026-06-26 00:00:00,Cape Verde,Saudi Arabia,1.2759029865264893,1.3257927894592285,1,0,8.165106111113573,1.5,1.3,0.8,1.6,0.0,1.5,0.8,0.33,1.0,7.0,0.0,1.0,0.0,0.0,,,,
24,Group stage,2026-06-26 00:00:00,Egypt,Iran,1.127598762512207,1.124417781829834,0,0,-5.53147056617081,1.2,0.6,1.5,1.1,0.0,1.2,1.5,0.33,4.0,7.0,0.0,1.0,0.0,0.0,,,,
24,Group stage,2026-06-26 00:00:00,New Zealand,Belgium,0.8521296977996826,2.2727673053741455,1,0,-218.14666464028642,1.0,1.6,3.5,0.7,0.0,1.0,3.5,0.33,3.0,15.0,0.0,1.0,0.0,0.0,,,,
24,Group stage,2026-06-26 00:00:00,Norway,France,1.157576084136963,1.8292843103408813,1,1,-139.20287172634085,3.1,0.7,2.5,0.9,0.0,3.1,2.5,0.33,4.0,17.0,0.0,1.0,0.0,0.0,,,,
24,Group stage,2026-06-26 00:00:00,Senegal,Iraq,1.9627506732940674,0.6978420615196228,0,1,231.0939936761954,1.7,0.9,1.0,1.2,0.0,1.7,1.0,0.33,4.0,2.0,0.0,1.0,0.0,0.0,,,,
24,Group stage,2026-06-26 00:00:00,Uruguay,Spain,0.8102155923843384,1.8797333240509033,3,2,-265.37831998276624,1.1,0.8,2.8,0.3,0.0,1.1,2.8,0.33,15.0,17.0,0.0,1.0,0.0,0.0,,,,
24,Group stage,2026-06-27 00:00:00,Algeria,Austria,1.153861403465271,1.2050116062164307,1,1,-13.844093174229101,1.7,0.7,2.3,0.6,0.0,1.7,2.3,0.33,5.0,8.0,0.0,1.0,0.0,0.0,,,,
24,Group stage,2026-06-27 00:00:00,Colombia,Portugal,1.3822808265686035,1.351574182510376,2,0,2.4813759136272893,2.5,1.1,2.9,0.9,0.0,2.5,2.9,0.33,7.0,9.0,0.0,1.0,0.0,0.0,,,,
24,Group stage,2026-06-27 00:00:00,Croatia,Ghana,2.216752290725708,0.5831168293952942,1,0,331.2356732640401,1.8,1.0,1.0,1.8,0.0,1.8,1.0,0.33,7.0,5.0,0.0,1.0,0.0,0.0,,,,
24,Group stage,2026-06-27 00:00:00,DR Congo,Uzbekistan,0.9074838757514954,1.4508068561553955,1,1,-138.43031200509859,1.1,1.2,1.6,0.8,0.0,1.1,1.6,0.33,2.0,1.0,0.0,1.0,0.0,0.0,,,,
24,Group stage,2026-06-27 00:00:00,Jordan,Argentina,0.561333954334259,2.477855920791626,0,4,-341.0962971337349,1.8,1.0,2.3,0.4,0.0,1.8,2.3,0.33,1.0,19.0,0.0,1.0,0.0,0.0,,,,
24,Group stage,2026-06-27 00:00:00,Panama,England,0.8406338691711426,1.8953417539596558,3,4,-189.57566049516072,1.7,0.8,2.5,0.2,0.0,1.7,2.5,0.33,2.0,17.0,0.0,1.0,0.0,0.0,,,,
24,Round of 32,2026-06-28 19:00:00,Mexico,Switzerland,1.1405843496322632,1.2613524198532104,1,3,-15.949255458015159,1.4,0.6,1.8,0.8,1.0,2.0,4.0,0.0,18.0,13.0,0.0,1.0,0.0,0.0,73.0,Switzerland,Mexico,False
24,Round of 32,2026-06-29 17:00:00,Morocco,Netherlands,1.295760989189148,1.11057448387146,0,3,44.87247448089556,1.8,0.2,2.5,0.9,0.0,1.8,2.5,0.33,7.0,12.0,0.0,1.0,0.0,0.0,74.0,Netherlands,Morocco,False
24,Round of 32,2026-06-29 20:30:00,Ecuador,Australia,1.4580914974212646,0.8541010022163391,3,1,162.86037607311073,1.5,0.7,1.3,1.0,2.0,1.5,2.0,0.5,5.0,7.0,0.0,1.0,0.0,0.0,75.0,Ecuador,Australia,False
24,Round of 32,2026-06-30 01:00:00,Japan,Brazil,1.3059042692184448,1.3096264600753784,0,0,40.29319932553085,1.8,0.7,1.6,0.9,1.0,3.0,2.0,1.0,8.0,23.0,0.0,1.0,0.0,0.0,76.0,Brazil,Japan,True
24,Round of 32,2026-06-30 17:00:00,Ivory Coast,France,0.9541577696800232,2.360473155975342,0,3,-240.62930405835596,2.1,0.9,2.4,1.0,0.0,2.1,2.4,0.33,4.0,17.0,0.0,1.0,0.0,0.0,77.0,France,Ivory Coast,False
24,Round of 32,2026-06-30 21:00:00,Norway,Tunisia,2.0517218112945557,0.8031187057495117,1,3,237.8633872879093,3.1,0.8,1.3,1.0,0.0,3.1,1.3,0.33,4.0,7.0,0.0,1.0,0.0,0.0,78.0,Tunisia,Norway,False
24,Round of 32,2026-07-01 01:00:00,South Korea,Cape Verde,2.0644586086273193,0.7345307469367981,1,0,243.895864018569,1.1,1.2,1.4,1.3,0.0,1.1,1.4,0.33,12.0,1.0,0.0,1.0,0.0,0.0,79.0,South Korea,Cape Verde,False
24,Round of 32,2026-07-01 16:00:00,England,Uzbekistan,2.206315517425537,0.7200835347175598,1,1,263.1655295440321,2.7,0.5,1.4,0.9,0.0,2.7,1.4,0.33,17.0,1.0,0.0,1.0,0.0,0.0,80.0,England,Uzbekistan,True
24,Round of 32,2026-07-01 20:00:00,New Zealand,Czech Republic,1.2780723571777344,1.3479504585266113,0,1,-8.467789572677702,1.1,1.5,1.9,1.1,0.0,1.1,1.9,0.33,3.0,2.0,0.0,1.0,0.0,0.0,81.0,Czech Republic,New Zealand,False
24,Round of 32,2026-07-02 00:00:00,United States,Qatar,2.613685369491577,0.623012125492096,3,1,323.38071135171685,2.2,1.3,1.0,1.9,0.0,2.2,1.0,0.33,12.0,2.0,0.0,1.0,0.0,0.0,82.0,United States,Qatar,False
24,Round of 32,2026-07-02 19:00:00,Portugal,Panama,1.9445339441299438,0.9740404486656189,0,0,101.84052875761336,2.4,1.1,1.9,1.2,0.0,2.4,1.9,0.33,9.0,2.0,0.0,1.0,0.0,0.0,83.0,Portugal,Panama,True
24,Round of 32,2026-07-02 23:00:00,Uruguay,Jordan,2.002161979675293,0.7680426836013794,1,1,198.41218197429203,1.1,1.0,1.6,1.3,0.0,1.1,1.6,0.33,15.0,1.0,0.0,1.0,0.0,0.0,84.0,Uruguay,Jordan,True
24,Round of 32,2026-07-03 03:00:00,Canada,Egypt,1.3197886943817139,0.7861894965171814,1,0,141.022972032486,1.1,0.3,1.1,0.6,0.0,1.1,1.1,0.33,3.0,4.0,0.0,1.0,0.0,0.0,85.0,Canada,Egypt,False
24,Round of 32,2026-07-03 18:00:00,Turkey,Belgium,1.3192235231399536,1.5503135919570923,1,0,16.262768326911782,2.0,1.6,2.9,0.8,0.0,2.0,2.9,0.33,3.0,15.0,0.0,1.0,0.0,0.0,86.0,Turkey,Belgium,False
24,Round of 32,2026-07-03 22:00:00,Argentina,Spain,1.3380818367004395,1.4354302883148193,3,2,3.5998681704456885,2.6,0.3,2.7,0.6,0.0,2.6,2.7,0.33,19.0,17.0,0.0,1.0,0.0,0.0,87.0,Argentina,Spain,False
24,Round of 32,2026-07-04 01:30:00,Colombia,Croatia,1.610945463180542,0.9658684134483337,1,1,162.72217402854244,2.4,1.1,1.8,1.0,1.0,1.0,2.0,0.0,7.0,7.0,0.0,1.0,0.0,0.0,88.0,Croatia,Colombia,True
24,Round of 16,2026-07-04 17:00:00,Switzerland,Ecuador,1.0754454135894775,1.4932160377502441,1,0,-126.13027407402728,1.8,0.9,1.7,0.8,0.0,1.8,1.7,0.33,13.0,5.0,0.0,1.0,0.0,0.0,89.0,Switzerland,Ecuador,False
24,Round of 16,2026-07-04 21:00:00,Netherlands,France,1.0540828704833984,1.339650273323059,1,0,-68.16376494374344,2.5,0.7,2.5,0.9,3.0,0.3333333333333333,2.0,0.0,12.0,17.0,0.0,1.0,0.0,0.0,90.0,Netherlands,France,False
24,Round of 16,2026-07-05 20:00:00,Brazil,Tunisia,1.8894987106323242,0.7581245303153992,3,1,213.4654100113571,1.6,0.8,1.3,1.1,2.0,3.0,1.0,0.5,23.0,7.0,0.0,1.0,0.0,0.0,91.0,Brazil,Tunisia,False
24,Round of 16,2026-07-06 00:00:00,South Korea,England,0.9290298223495483,1.849683403968811,1,1,-168.77762972277287,1.0,1.0,2.3,0.6,0.0,1.0,2.3,0.33,12.0,17.0,0.0,1.0,0.0,0.0,92.0,England,South Korea,True
24,Round of 16,2026-07-06 19:00:00,Portugal,Uruguay,1.1841094493865967,1.3653979301452637,2,1,-2.1715064512138724,2.1,0.9,1.2,1.1,1.0,2.0,0.0,1.0,9.0,15.0,0.0,1.0,0.0,0.0,93.0,Portugal,Uruguay,False
24,Round of 16,2026-07-07 00:00:00,Czech Republic,United States,1.163317322731018,1.6575310230255127,1,3,-108.85884313121892,1.9,1.0,2.3,1.4,0.0,1.9,2.3,0.33,2.0,12.0,0.0,1.0,0.0,0.0,94.0,United States,Czech Republic,False
24,Round of 16,2026-07-07 16:00:00,Turkey,Croatia,1.1413874626159668,1.2262686491012573,1,0,-5.837287747292066,2.1,1.0,1.5,1.1,2.0,0.5,1.0,0.5,3.0,7.0,0.0,1.0,0.0,0.0,95.0,Turkey,Croatia,False
24,Round of 16,2026-07-07 20:00:00,Canada,Argentina,0.7087838649749756,1.5776433944702148,1,0,-247.70147956977712,1.1,0.3,2.6,0.5,2.0,0.0,2.0,0.0,3.0,19.0,0.0,1.0,0.0,0.0,96.0,Canada,Argentina,False
24,Quarter-final,2026-07-09 20:00:00,Switzerland,Netherlands,1.1181524991989136,1.528954267501831,0,3,-98.79598242228622,1.7,0.9,2.2,0.7,0.0,1.7,2.2,0.33,13.0,12.0,0.0,1.0,0.0,0.0,97.0,Netherlands,Switzerland,False
24,Quarter-final,2026-07-10 19:00:00,Portugal,United States,1.6153388023376465,1.2124261856079102,1,2,76.92300688976775,2.2,1.0,2.5,1.4,1.0,2.0,0.0,1.0,9.0,12.0,0.0,1.0,0.0,0.0,98.0,United States,Portugal,False
24,Quarter-final,2026-07-11 21:00:00,Brazil,England,0.9990566372871399,1.5849884748458862,0,2,-82.52752313328529,1.4,0.9,2.1,0.7,1.0,1.0,0.0,1.0,23.0,17.0,0.0,1.0,0.0,0.0,99.0,England,Brazil,False
24,Quarter-final,2026-07-12 01:00:00,Turkey,Canada,1.043576717376709,1.0101845264434814,2,0,-12.958848414097474,1.6,0.9,1.2,0.2,0.0,1.6,1.2,0.33,3.0,3.0,0.0,1.0,0.0,0.0,100.0,Turkey,Canada,False
24,Semi-final,2026-07-14 19:00:00,Netherlands,United States,1.6593809127807617,1.1110033988952637,0,2,126.67882751359002,2.1,0.7,2.5,1.4,1.0,3.0,1.0,1.0,12.0,12.0,0.0,1.0,0.0,0.0,101.0,United States,Netherlands,False
24,Semi-final,2026-07-15 19:00:00,England,Turkey,1.529643177986145,0.8232578635215759,2,1,136.1280516625652,1.8,0.7,1.4,0.8,0.0,1.8,1.4,0.33,17.0,3.0,0.0,1.0,0.0,0.0,102.0,England,Turkey,False
24,Third-place playoff,2026-07-18 21:00:00,Netherlands,Turkey,1.3349186182022095,0.9822494983673096,3,1,52.4573735847207,2.0,0.8,1.3,1.0,1.0,2.0,1.0,1.0,12.0,3.0,0.0,1.0,0.0,0.0,103.0,Netherlands,Turkey,False
24,Final,2026-07-19 19:00:00,United States,England,1.0422130823135376,1.8269702196121216,1,2,-126.54022154192899,2.5,1.3,1.8,0.8,1.0,0.0,0.0,0.0,12.0,17.0,0.0,1.0,0.0,0.0,104.0,England,United States,False
25,Group stage,2026-06-11 00:00:00,Mexico,South Africa,2.1329286098480225,0.6023440957069397,1,2,297.64561459530705,1.1,1.0,1.5,1.1,0.0,1.1,1.5,0.33,17.0,3.0,1.0,0.0,0.0,0.0,,,,
25,Group stage,2026-06-11 00:00:00,South Korea,Czech Republic,1.656619668006897,0.9059049487113953,1,0,98.40437375226111,1.5,1.2,1.8,1.2,0.0,1.5,1.8,0.33,11.0,1.0,0.0,1.0,0.0,0.0,,,,
25,Group stage,2026-06-12 00:00:00,Canada,Bosnia and Herzegovina,2.178720712661743,0.6230993866920471,6,0,252.19701310772894,1.1,0.4,2.1,1.1,0.0,1.1,2.1,0.33,2.0,1.0,1.0,0.0,0.0,0.0,,,,
25,Group stage,2026-06-12 00:00:00,United States,Paraguay,1.3273921012878418,1.1478886604309082,0,1,-90.4406608260008,1.7,1.6,1.0,1.0,1.0,2.0,1.0,1.0,11.0,8.0,1.0,0.0,0.0,0.0,,,,
25,Group stage,2026-06-13 00:00:00,Australia,Turkey,1.306311845779419,1.4813357591629028,0,1,-47.69773714089274,1.5,0.9,2.1,1.4,0.0,1.5,2.1,0.33,6.0,2.0,0.0,1.0,0.0,0.0,,,,
25,Group stage,2026-06-13 00:00:00,Brazil,Morocco,1.3794176578521729,1.0310763120651245,1,1,71.7854817950124,1.8,0.8,1.8,0.5,1.0,1.0,2.0,0.0,22.0,6.0,0.0,1.0,0.0,0.0,,,,
25,Group stage,2026-06-13 00:00:00,Haiti,Scotland,0.8986091017723083,1.6037302017211914,2,1,-128.96035980586862,1.2,1.1,1.8,1.2,0.0,1.2,1.8,0.33,1.0,8.0,0.0,1.0,0.0,0.0,,,,
25,Group stage,2026-06-13 00:00:00,Qatar,Switzerland,0.5497463941574097,2.393497943878174,1,2,-360.84472108477416,0.9,1.9,2.5,0.8,0.0,0.9,2.5,0.33,1.0,12.0,0.0,1.0,0.0,0.0,,,,
25,Group stage,2026-06-14 00:00:00,Germany,Curaçao,2.8003809452056885,0.6807331442832947,1,0,361.1352259778141,2.3,1.1,1.6,1.3,0.0,2.3,1.6,0.33,20.0,0.0,0.0,1.0,0.0,0.0,,,,
25,Group stage,2026-06-14 00:00:00,Ivory Coast,Ecuador,0.7578378915786743,1.6096333265304565,0,1,-219.15155902699053,2.0,0.7,0.7,0.4,0.0,2.0,0.7,0.33,3.0,4.0,0.0,1.0,0.0,0.0,,,,
25,Group stage,2026-06-14 00:00:00,Netherlands,Japan,1.4094085693359375,1.0377333164215088,1,1,19.05367466640928,3.0,0.6,1.8,0.7,0.0,3.0,1.8,0.33,11.0,7.0,0.0,1.0,0.0,0.0,,,,
25,Group stage,2026-06-14 00:00:00,Sweden,Tunisia,1.4389334917068481,1.2469319105148315,0,1,22.565366858667858,1.6,1.8,1.4,1.0,0.0,1.6,1.4,0.33,13.0,6.0,0.0,1.0,0.0,0.0,,,,
25,Group stage,2026-06-15 00:00:00,Belgium,Egypt,1.4515180587768555,0.9129274487495422,1,3,99.79242592327387,3.5,1.0,1.3,0.8,1.0,1.0,2.0,0.0,14.0,3.0,0.0,1.0,0.0,0.0,,,,
25,Group stage,2026-06-15 00:00:00,Iran,New Zealand,1.6201878786087036,0.738328218460083,1,1,142.34033556219924,1.6,0.7,0.9,1.5,0.0,1.6,0.9,0.33,6.0,2.0,0.0,1.0,0.0,0.0,,,,
25,Group stage,2026-06-15 00:00:00,Saudi Arabia,Uruguay,0.7248218059539795,1.7654508352279663,0,3,-283.38107610897714,0.9,1.3,1.0,0.9,0.0,0.9,1.0,0.33,6.0,14.0,0.0,1.0,0.0,0.0,,,,
25,Group stage,2026-06-15 00:00:00,Spain,Cape Verde,3.966179609298706,0.5665221810340881,7,0,563.2850614519855,3.1,0.8,1.7,1.0,0.0,3.1,1.7,0.33,16.0,0.0,0.0,1.0,0.0,0.0,,,,
25,Group stage,2026-06-16 00:00:00,Argentina,Algeria,2.156207323074341,0.7074368596076965,0,0,323.48300707879844,2.5,0.4,2.3,0.5,0.0,2.5,2.3,0.33,18.0,4.0,0.0,1.0,0.0,0.0,,,,
25,Group stage,2026-06-16 00:00:00,Austria,Jordan,2.314819097518921,0.9839795827865601,2,0,80.9944962008201,2.8,0.5,2.0,1.5,0.0,2.8,2.0,0.33,7.0,0.0,0.0,1.0,0.0,0.0,,,,
25,Group stage,2026-06-16 00:00:00,France,Senegal,2.243558645248413,0.8569515347480774,4,2,209.2497238875883,2.7,1.1,2.5,0.6,0.0,2.7,2.5,0.33,16.0,3.0,0.0,1.0,0.0,0.0,,,,
25,Group stage,2026-06-16 00:00:00,Iraq,Norway,0.7500935196876526,1.7158862352371216,1,1,-223.33641759859006,1.1,0.7,3.1,0.6,0.0,1.1,3.1,0.33,1.0,3.0,0.0,1.0,0.0,0.0,,,,
25,Group stage,2026-06-17 00:00:00,England,Croatia,1.630310297012329,1.0758646726608276,1,0,94.46756707201507,2.2,0.5,2.9,0.8,0.0,2.2,2.9,0.33,16.0,6.0,0.0,1.0,0.0,0.0,,,,
25,Group stage,2026-06-17 00:00:00,Ghana,Panama,0.8218146562576294,1.872027039527893,2,3,-237.5714618522527,1.5,1.3,1.3,0.8,0.0,1.5,1.3,0.33,4.0,1.0,0.0,1.0,0.0,0.0,,,,
25,Group stage,2026-06-17 00:00:00,Portugal,DR Congo,2.063178300857544,0.639021098613739,3,1,275.4864091486654,2.6,1.0,1.2,0.3,0.0,2.6,1.2,0.33,8.0,1.0,0.0,1.0,0.0,0.0,,,,
25,Group stage,2026-06-17 00:00:00,Uzbekistan,Colombia,0.7373384833335876,1.79137122631073,0,3,-213.1223064060914,1.5,0.7,2.1,1.0,0.0,1.5,2.1,0.33,0.0,6.0,0.0,1.0,0.0,0.0,,,,
25,Group stage,2026-06-18 00:00:00,Canada,Qatar,2.310126304626465,0.43490955233573914,2,0,337.06579845964643,1.5,0.4,1.0,1.8,1.0,2.0,0.0,1.0,3.0,2.0,1.0,0.0,0.0,0.0,,,,
25,Group stage,2026-06-18 00:00:00,Czech Republic,South Africa,1.3567447662353516,1.1561428308486938,0,0,41.39291214006926,1.6,1.3,1.6,1.1,0.0,1.6,1.6,0.33,2.0,4.0,0.0,1.0,0.0,0.0,,,,
25,Group stage,2026-06-18 00:00:00,Mexico,South Korea,1.3654003143310547,0.9910876750946045,1,0,5.4461194792193055,1.0,1.0,1.4,1.2,1.0,2.0,2.0,0.0,18.0,12.0,1.0,0.0,0.0,0.0,,,,
25,Group stage,2026-06-18 00:00:00,Switzerland,Bosnia and Herzegovina,2.50748348236084,0.7504453659057617,2,0,319.0065265628623,2.3,0.7,2.0,1.7,0.0,2.3,2.0,0.33,13.0,2.0,0.0,1.0,0.0,0.0,,,,
25,Group stage,2026-06-19 00:00:00,Brazil,Haiti,2.3271937370300293,0.6982854604721069,3,1,312.33448841443465,1.9,0.9,1.3,1.1,0.0,1.9,1.3,0.33,23.0,2.0,0.0,1.0,0.0,0.0,,,,
25,Group stage,2026-06-19 00:00:00,Scotland,Morocco,0.8358522057533264,1.701185941696167,2,1,-205.11340108388777,1.8,1.1,1.6,0.4,0.0,1.8,1.6,0.33,9.0,7.0,0.0,1.0,0.0,0.0,,,,
25,Group stage,2026-06-19 00:00:00,Turkey,Paraguay,1.3238166570663452,1.1165064573287964,1,1,38.411748919090314,2.0,1.3,0.9,1.0,0.0,2.0,0.9,0.33,3.0,9.0,0.0,1.0,0.0,0.0,,,,
25,Group stage,2026-06-19 00:00:00,United States,Australia,1.3271068334579468,1.15305495262146,3,1,-90.99084129438143,1.5,1.6,1.4,1.0,1.0,2.0,1.0,1.0,12.0,7.0,1.0,0.0,0.0,0.0,,,,
25,Group stage,2026-06-20 00:00:00,Ecuador,Curaçao,2.4521894454956055,0.5749546885490417,6,0,416.96667244178843,0.8,0.4,1.5,1.3,0.0,0.8,1.5,0.33,5.0,1.0,0.0,1.0,0.0,0.0,,,,
25,Group stage,2026-06-20 00:00:00,Germany,Ivory Coast,2.0273492336273193,0.8136948943138123,0,2,203.14543659222227,2.3,0.9,1.7,0.8,0.0,2.3,1.7,0.33,21.0,4.0,0.0,1.0,0.0,0.0,,,,
25,Group stage,2026-06-20 00:00:00,Netherlands,Sweden,2.316958427429199,0.9556372761726379,2,0,269.76283661348316,2.9,0.7,1.4,1.9,0.0,2.9,1.4,0.33,12.0,14.0,0.0,1.0,0.0,0.0,,,,
25,Group stage,2026-06-20 00:00:00,Tunisia,Japan,0.8168430924415588,1.7051870822906494,3,3,-212.6702564949237,1.4,0.9,1.9,0.7,0.0,1.4,1.9,0.33,7.0,8.0,0.0,1.0,0.0,0.0,,,,
25,Group stage,2026-06-21 00:00:00,Belgium,Iran,1.358933448791504,1.283273458480835,3,2,-24.757983458184526,3.5,1.2,1.5,0.8,0.0,3.5,1.5,0.33,15.0,7.0,0.0,1.0,0.0,0.0,,,,
25,Group stage,2026-06-21 00:00:00,New Zealand,Egypt,1.0098475217819214,1.4663516283035278,1,0,-109.65958192636822,0.9,1.6,1.6,0.6,1.0,0.0,1.0,0.0,3.0,4.0,0.0,1.0,0.0,0.0,,,,
25,Group stage,2026-06-21 00:00:00,Spain,Saudi Arabia,3.2128496170043945,0.4481087923049927,1,0,557.8250378879229,3.3,0.4,0.9,1.6,0.0,3.3,0.9,0.33,17.0,7.0,0.0,1.0,0.0,0.0,,,,
25,Group stage,2026-06-21 00:00:00,Uruguay,Cape Verde,2.264070987701416,0.6784349679946899,2,0,333.35987135276605,1.3,0.7,1.4,1.7,0.0,1.3,1.4,0.33,15.0,1.0,0.0,1.0,0.0,0.0,,,,
25,Group stage,2026-06-22 00:00:00,Argentina,Austria,2.045595407485962,0.7715851664543152,3,0,253.05962752654955,2.1,0.3,2.8,0.4,0.0,2.1,2.8,0.33,19.0,8.0,0.0,1.0,0.0,0.0,,,,
25,Group stage,2026-06-22 00:00:00,France,Iraq,2.5338616371154785,0.5717517733573914,1,0,395.6411408625281,2.7,0.8,1.1,0.8,0.0,2.7,1.1,0.33,17.0,2.0,0.0,1.0,0.0,0.0,,,,
25,Group stage,2026-06-22 00:00:00,Jordan,Algeria,0.9549943208694458,1.6344363689422607,0,0,-123.8274561341882,1.8,1.4,1.8,0.4,0.0,1.8,1.8,0.33,1.0,5.0,0.0,1.0,0.0,0.0,,,,
25,Group stage,2026-06-22 00:00:00,Norway,Senegal,1.5616991519927979,1.0447005033493042,0,1,44.45665098659401,2.9,0.7,1.9,1.0,0.0,2.9,1.9,0.33,4.0,4.0,0.0,1.0,0.0,0.0,,,,
25,Group stage,2026-06-23 00:00:00,Colombia,DR Congo,2.0775914192199707,0.660220742225647,1,1,320.5784657712063,2.4,1.0,1.2,0.6,0.0,2.4,1.2,0.33,7.0,2.0,0.0,1.0,0.0,0.0,,,,
25,Group stage,2026-06-23 00:00:00,England,Ghana,2.7975454330444336,0.7306095361709595,4,2,491.63324414278895,2.2,0.5,1.6,1.4,0.0,2.2,1.6,0.33,17.0,5.0,0.0,1.0,0.0,0.0,,,,
25,Group stage,2026-06-23 00:00:00,Panama,Croatia,1.0234293937683105,1.4688098430633545,1,3,-91.15619886876584,1.6,1.0,2.2,0.9,0.0,1.6,2.2,0.33,2.0,7.0,0.0,1.0,0.0,0.0,,,,
25,Group stage,2026-06-23 00:00:00,Portugal,Uzbekistan,2.0960440635681152,0.7712454199790955,2,1,246.23986190924188,2.7,1.0,1.3,0.8,0.0,2.7,1.3,0.33,9.0,1.0,0.0,1.0,0.0,0.0,,,,
25,Group stage,2026-06-24 00:00:00,Bosnia and Herzegovina,Qatar,1.7189229726791382,1.2177143096923828,2,0,49.55198020964667,1.9,1.7,0.8,1.8,0.0,1.9,0.8,0.33,2.0,2.0,0.0,1.0,0.0,0.0,,,,
25,Group stage,2026-06-24 00:00:00,Canada,Switzerland,1.1436575651168823,1.0005593299865723,0,0,-42.78523948402767,1.6,0.3,2.1,0.7,0.0,1.6,2.1,0.33,3.0,13.0,1.0,0.0,0.0,0.0,,,,
25,Group stage,2026-06-24 00:00:00,Mexico,Czech Republic,1.8306679725646973,0.6613692045211792,3,0,172.01896255859242,1.1,0.6,1.5,0.8,0.0,1.1,1.5,0.33,18.0,2.0,1.0,0.0,0.0,0.0,,,,
25,Group stage,2026-06-24 00:00:00,Morocco,Haiti,1.915822148323059,0.716677188873291,3,1,219.6569180227923,1.5,0.6,1.3,1.2,0.0,1.5,1.3,0.33,7.0,2.0,0.0,1.0,0.0,0.0,,,,
25,Group stage,2026-06-24 00:00:00,Scotland,Brazil,0.8418394923210144,2.154664993286133,0,3,-231.5598598555166,1.6,1.2,2.1,1.0,0.0,1.6,2.1,0.33,9.0,23.0,0.0,1.0,0.0,0.0,,,,
25,Group stage,2026-06-24 00:00:00,South Africa,South Korea,0.9838936924934387,1.6773967742919922,1,2,-158.5217298947398,1.6,1.1,1.0,1.3,0.0,1.6,1.0,0.33,4.0,12.0,0.0,1.0,0.0,0.0,,,,
25,Group stage,2026-06-25 00:00:00,Curaçao,Ivory Coast,0.7431979775428772,2.19384503364563,0,2,-250.60533243305122,1.4,1.7,1.9,0.7,0.0,1.4,1.9,0.33,1.0,4.0,0.0,1.0,0.0,0.0,,,,
25,Group stage,2026-06-25 00:00:00,Ecuador,Germany,1.327226161956787,1.1564054489135742,1,0,121.76656988905984,1.4,0.4,2.3,0.9,0.0,1.4,2.3,0.33,5.0,21.0,0.0,1.0,0.0,0.0,,,,
25,Group stage,2026-06-25 00:00:00,Japan,Sweden,1.965736985206604,0.8640645742416382,2,1,253.34827771837786,1.6,1.0,1.0,1.8,0.0,1.6,1.0,0.33,8.0,14.0,0.0,1.0,0.0,0.0,,,,
25,Group stage,2026-06-25 00:00:00,Paraguay,Australia,1.4167598485946655,0.9015452861785889,0,1,108.23692320873351,1.0,1.0,1.3,1.2,0.0,1.0,1.3,0.33,9.0,7.0,0.0,1.0,0.0,0.0,,,,
25,Group stage,2026-06-25 00:00:00,Tunisia,Netherlands,0.8967780470848083,1.8753812313079834,1,3,-227.78873032535444,1.7,1.1,2.3,0.7,0.0,1.7,2.3,0.33,7.0,12.0,0.0,1.0,0.0,0.0,,,,
25,Group stage,2026-06-25 00:00:00,United States,Turkey,1.305335521697998,1.4052884578704834,3,0,-143.366151957096,1.7,1.5,2.1,1.3,1.0,1.0,2.0,0.0,12.0,3.0,1.0,0.0,0.0,0.0,,,,
25,Group stage,2026-06-26 00:00:00,Cape Verde,Saudi Arabia,1.225921392440796,1.406384825706482,1,2,-24.80384856472483,1.3,1.8,0.8,1.7,0.0,1.3,0.8,0.33,1.0,7.0,0.0,1.0,0.0,0.0,,,,
25,Group stage,2026-06-26 00:00:00,Egypt,Iran,1.0795162916183472,1.091630458831787,1,2,-16.42049149499826,1.4,0.6,1.5,0.9,0.0,1.4,1.5,0.33,4.0,7.0,0.0,1.0,0.0,0.0,,,,
25,Group stage,2026-06-26 00:00:00,New Zealand,Belgium,1.1267540454864502,1.6567877531051636,2,1,-87.25764371145897,0.9,1.4,3.4,1.1,0.0,0.9,3.4,0.33,3.0,15.0,0.0,1.0,0.0,0.0,,,,
25,Group stage,2026-06-26 00:00:00,Norway,France,0.9030396938323975,2.257136344909668,4,3,-245.71160245824785,2.8,0.8,2.6,0.8,0.0,2.8,2.6,0.33,4.0,17.0,0.0,1.0,0.0,0.0,,,,
25,Group stage,2026-06-26 00:00:00,Senegal,Iraq,1.673426866531372,0.7215021252632141,0,0,184.26915213525672,1.7,1.0,1.0,0.9,0.0,1.7,1.0,0.33,4.0,2.0,0.0,1.0,0.0,0.0,,,,
25,Group stage,2026-06-26 00:00:00,Uruguay,Spain,0.8451458811759949,2.1699626445770264,0,1,-230.8833456820946,1.3,0.7,3.2,0.2,0.0,1.3,3.2,0.33,15.0,17.0,0.0,1.0,0.0,0.0,,,,
25,Group stage,2026-06-27 00:00:00,Algeria,Austria,1.1332578659057617,1.1894423961639404,2,2,-16.97776326430585,1.6,0.4,2.4,0.7,0.0,1.6,2.4,0.33,5.0,8.0,0.0,1.0,0.0,0.0,,,,
25,Group stage,2026-06-27 00:00:00,Colombia,Portugal,1.308705449104309,1.3590362071990967,1,1,-19.02152193848542,2.4,1.0,2.7,0.9,0.0,2.4,2.7,0.33,7.0,9.0,0.0,1.0,0.0,0.0,,,,
25,Group stage,2026-06-27 00:00:00,Croatia,Ghana,2.474670648574829,0.7623758912086487,4,1,391.56110130252705,2.0,0.9,1.4,1.8,0.0,2.0,1.4,0.33,7.0,5.0,0.0,1.0,0.0,0.0,,,,
25,Group stage,2026-06-27 00:00:00,DR Congo,Uzbekistan,1.1080838441848755,1.0682191848754883,0,1,-26.322810970153796,1.2,0.7,1.4,1.0,0.0,1.2,1.4,0.33,2.0,1.0,0.0,1.0,0.0,0.0,,,,
25,Group stage,2026-06-27 00:00:00,Jordan,Argentina,0.49035167694091797,2.843092918395996,0,1,-413.02561245902257,1.6,1.1,2.3,0.3,0.0,1.6,2.3,0.33,1.0,19.0,0.0,1.0,0.0,0.0,,,,
25,Group stage,2026-06-27 00:00:00,Panama,England,0.746126115322113,2.1578686237335205,2,4,-268.17221608048317,1.6,1.2,2.5,0.4,0.0,1.6,2.5,0.33,2.0,17.0,0.0,1.0,0.0,0.0,,,,
25,Round of 32,2026-06-28 19:00:00,South Korea,Switzerland,1.1160578727722168,1.404780626296997,0,1,-68.02025428660772,1.0,1.4,1.7,0.7,0.0,1.0,1.7,0.33,12.0,13.0,0.0,1.0,0.0,0.0,73.0,Switzerland,South Korea,False
25,Round of 32,2026-06-29 17:00:00,Brazil,Japan,1.5648006200790405,1.1221346855163574,1,1,94.59187071242559,2.1,1.0,1.8,1.1,1.0,2.0,3.0,0.0,23.0,8.0,0.0,1.0,0.0,0.0,74.0,Brazil,Japan,True
25,Round of 32,2026-06-29 20:30:00,Ecuador,Turkey,1.5419968366622925,0.8363340497016907,0,3,141.1237109067572,1.5,0.4,1.8,1.4,0.0,1.5,1.8,0.33,5.0,3.0,0.0,1.0,0.0,0.0,75.0,Turkey,Ecuador,False
25,Round of 32,2026-06-30 01:00:00,Netherlands,Morocco,1.5891425609588623,0.9828518629074097,2,2,81.39280581283901,2.5,0.7,1.7,0.6,0.0,2.5,1.7,0.33,12.0,7.0,0.0,1.0,0.0,0.0,76.0,Netherlands,Morocco,True
25,Round of 32,2026-06-30 17:00:00,Ivory Coast,Senegal,1.0382405519485474,1.2076746225357056,0,1,-57.21730199613785,1.9,0.7,1.6,0.9,1.0,1.0,1.0,0.0,4.0,4.0,0.0,1.0,0.0,0.0,77.0,Senegal,Ivory Coast,False
25,Round of 32,2026-06-30 21:00:00,France,Tunisia,2.068129539489746,0.7985425591468811,3,1,337.6005651956036,2.7,1.2,1.6,1.2,1.0,0.0,1.0,0.0,17.0,7.0,0.0,1.0,0.0,0.0,78.0,France,Tunisia,False
25,Round of 32,2026-07-01 01:00:00,Mexico,Germany,1.2334816455841064,1.4173781871795654,3,1,43.338370858951066,1.3,0.5,2.3,0.8,1.0,2.0,2.0,0.0,18.0,21.0,0.0,1.0,0.0,0.0,79.0,Mexico,Germany,False
25,Round of 32,2026-07-01 16:00:00,England,Norway,1.9909989833831787,0.910029411315918,4,0,155.4327898031613,2.7,0.6,3.1,1.1,0.0,2.7,3.1,0.33,17.0,4.0,0.0,1.0,0.0,0.0,80.0,England,Norway,False
25,Round of 32,2026-07-01 20:00:00,New Zealand,South Africa,1.511249303817749,0.9356651306152344,1,1,131.70922891781925,1.1,1.4,1.4,1.3,0.0,1.1,1.4,0.33,3.0,4.0,0.0,1.0,0.0,0.0,81.0,New Zealand,South Africa,True
25,Round of 32,2026-07-02 00:00:00,United States,Algeria,1.3910956382751465,1.1623426675796509,0,2,22.771733301088716,2.0,1.3,1.7,0.5,0.0,2.0,1.7,0.33,12.0,5.0,0.0,1.0,0.0,0.0,82.0,Algeria,United States,False
25,Round of 32,2026-07-02 19:00:00,Colombia,Croatia,1.3772995471954346,1.2003740072250366,0,0,48.435712228648754,2.2,1.1,2.3,1.0,1.0,1.0,2.0,0.0,7.0,7.0,0.0,1.0,0.0,0.0,83.0,Colombia,Croatia,True
25,Round of 32,2026-07-02 23:00:00,Spain,Austria,2.4542126655578613,0.7210431694984436,2,0,358.89873685899397,3.0,0.2,2.5,0.9,0.0,3.0,2.5,0.33,17.0,8.0,0.0,1.0,0.0,0.0,84.0,Spain,Austria,False
25,Round of 32,2026-07-03 03:00:00,Canada,Egypt,1.2279837131500244,0.8246549963951111,2,2,111.26956535126351,1.3,0.3,1.4,0.8,0.0,1.3,1.4,0.33,3.0,4.0,0.0,1.0,0.0,0.0,85.0,Egypt,Canada,True
25,Round of 32,2026-07-03 18:00:00,Paraguay,Iran,1.2425192594528198,1.065533995628357,1,2,36.22697307804924,1.0,1.1,1.7,0.9,0.0,1.0,1.7,0.33,9.0,7.0,0.0,1.0,0.0,0.0,86.0,Iran,Paraguay,False
25,Round of 32,2026-07-03 22:00:00,Argentina,Uruguay,1.621646761894226,0.9472127556800842,0,1,196.4039045149541,2.3,0.2,1.0,0.8,2.0,0.5,1.0,0.5,19.0,15.0,0.0,1.0,0.0,0.0,87.0,Uruguay,Argentina,False
25,Round of 32,2026-07-04 01:30:00,Portugal,Panama,2.4354209899902344,0.8425260186195374,1,0,248.06092285180944,2.3,1.0,1.7,1.6,0.0,2.3,1.7,0.33,9.0,2.0,0.0,1.0,0.0,0.0,88.0,Portugal,Panama,False
25,Round of 16,2026-07-04 17:00:00,Switzerland,Turkey,1.19369375705719,1.11283278465271,2,2,-6.331711702490793,1.5,0.7,2.1,0.8,0.0,1.5,2.1,0.33,13.0,3.0,0.0,1.0,0.0,0.0,89.0,Switzerland,Turkey,True
25,Round of 16,2026-07-04 21:00:00,Brazil,Senegal,1.5462090969085693,0.9105757474899292,1,0,153.11165560956601,2.2,1.0,1.4,0.9,2.0,2.0,2.0,0.5,23.0,4.0,0.0,1.0,0.0,0.0,90.0,Brazil,Senegal,False
25,Round of 16,2026-07-05 20:00:00,Netherlands,France,1.1344302892684937,1.3923689126968384,0,2,-59.77915284021333,2.4,0.7,2.8,1.2,3.0,0.3333333333333333,2.0,0.0,12.0,17.0,0.0,1.0,0.0,0.0,91.0,France,Netherlands,False
25,Round of 16,2026-07-06 00:00:00,Mexico,England,0.9757258892059326,1.9392917156219482,1,2,-173.49460055739814,1.6,0.6,2.6,0.6,0.0,1.6,2.6,0.33,18.0,17.0,0.0,1.0,0.0,0.0,92.0,England,Mexico,False
25,Round of 16,2026-07-06 19:00:00,Colombia,Spain,0.8807226419448853,1.6900138854980469,0,1,-173.47940963255792,1.6,0.8,2.6,0.2,1.0,1.0,0.0,1.0,7.0,17.0,0.0,1.0,0.0,0.0,93.0,Spain,Colombia,False
25,Round of 16,2026-07-07 00:00:00,New Zealand,Algeria,1.0019160509109497,1.3243871927261353,2,1,-67.7215124117065,1.1,1.2,1.6,0.5,0.0,1.1,1.6,0.33,3.0,5.0,0.0,1.0,0.0,0.0,94.0,New Zealand,Algeria,False
25,Round of 16,2026-07-07 16:00:00,Iran,Portugal,0.9117053151130676,1.7274242639541626,0,3,-177.93949154647612,1.6,1.0,2.1,0.8,0.0,1.6,2.1,0.33,7.0,9.0,0.0,1.0,0.0,0.0,95.0,Portugal,Iran,False
25,Round of 16,2026-07-07 20:00:00,Egypt,Uruguay,0.8386068344116211,1.7351375818252563,1,1,-196.5657382618449,1.6,1.0,1.1,0.8,0.0,1.6,1.1,0.33,4.0,15.0,0.0,1.0,0.0,0.0,96.0,Uruguay,Egypt,True
25,Quarter-final,2026-07-09 20:00:00,Switzerland,Brazil,1.061326265335083,1.653676986694336,0,0,-106.93152513712062,1.5,0.9,1.8,1.0,1.0,0.0,1.0,0.0,13.0,23.0,0.0,1.0,0.0,0.0,97.0,Brazil,Switzerland,True
25,Quarter-final,2026-07-10 19:00:00,Spain,New Zealand,2.3010306358337402,0.6397753953933716,2,1,383.2215013534394,2.5,0.2,1.3,1.2,0.0,2.5,1.3,0.33,17.0,3.0,0.0,1.0,0.0,0.0,98.0,Spain,New Zealand,False
25,Quarter-final,2026-07-11 21:00:00,France,England,1.2449936866760254,1.62638521194458,3,1,-6.4405553052583855,2.7,1.2,2.5,0.7,1.0,2.0,1.0,1.0,17.0,17.0,0.0,1.0,0.0,0.0,99.0,France,England,False
25,Quarter-final,2026-07-12 01:00:00,Portugal,Uruguay,1.3614696264266968,1.173438549041748,1,2,61.89236156301877,2.3,0.8,1.1,0.9,1.0,2.0,0.0,1.0,9.0,15.0,0.0,1.0,0.0,0.0,100.0,Uruguay,Portugal,False
25,Semi-final,2026-07-14 19:00:00,Brazil,Spain,1.017486333847046,1.7951853275299072,0,2,-132.15415534790077,1.6,0.7,2.3,0.3,1.0,3.0,3.0,0.0,23.0,17.0,0.0,1.0,0.0,0.0,101.0,Spain,Brazil,False
25,Semi-final,2026-07-15 19:00:00,France,Uruguay,1.7767781019210815,1.1601145267486572,3,0,127.2342853309749,2.8,1.1,1.1,0.9,0.0,2.8,1.1,0.33,17.0,15.0,0.0,1.0,0.0,0.0,102.0,France,Uruguay,False
25,Third-place playoff,2026-07-18 21:00:00,Brazil,Uruguay,1.3348712921142578,1.0876836776733398,1,0,66.22037073493175,1.4,0.9,1.1,1.2,3.0,0.3333333333333333,1.0,0.0,23.0,15.0,0.0,1.0,0.0,0.0,103.0,Brazil,Uruguay,False
25,Final,2026-07-19 19:00:00,Spain,France,1.6240555047988892,1.2870829105377197,1,2,60.28818941999998,2.1,0.3,2.7,1.1,2.0,3.5,2.5,1.0,17.0,17.0,0.0,1.0,0.0,0.0,104.0,France,Spain,False
26,Group stage,2026-06-11 00:00:00,Mexico,South Africa,2.1329286098480225,0.6023440957069397,1,0,297.64561459530705,1.1,1.0,1.5,1.1,0.0,1.1,1.5,0.33,17.0,3.0,1.0,0.0,0.0,0.0,,,,
26,Group stage,2026-06-11 00:00:00,South Korea,Czech Republic,1.656619668006897,0.9059049487113953,4,0,98.40437375226111,1.5,1.2,1.8,1.2,0.0,1.5,1.8,0.33,11.0,1.0,0.0,1.0,0.0,0.0,,,,
26,Group stage,2026-06-12 00:00:00,Canada,Bosnia and Herzegovina,2.178720712661743,0.6230993866920471,2,1,252.19701310772894,1.1,0.4,2.1,1.1,0.0,1.1,2.1,0.33,2.0,1.0,1.0,0.0,0.0,0.0,,,,
26,Group stage,2026-06-12 00:00:00,United States,Paraguay,1.3273921012878418,1.1478886604309082,1,0,-90.4406608260008,1.7,1.6,1.0,1.0,1.0,2.0,1.0,1.0,11.0,8.0,1.0,0.0,0.0,0.0,,,,
26,Group stage,2026-06-13 00:00:00,Australia,Turkey,1.306311845779419,1.4813357591629028,3,0,-47.69773714089274,1.5,0.9,2.1,1.4,0.0,1.5,2.1,0.33,6.0,2.0,0.0,1.0,0.0,0.0,,,,
26,Group stage,2026-06-13 00:00:00,Brazil,Morocco,1.3794176578521729,1.0310763120651245,1,3,71.7854817950124,1.8,0.8,1.8,0.5,1.0,1.0,2.0,0.0,22.0,6.0,0.0,1.0,0.0,0.0,,,,
26,Group stage,2026-06-13 00:00:00,Haiti,Scotland,0.8986091017723083,1.6037302017211914,0,3,-128.96035980586862,1.2,1.1,1.8,1.2,0.0,1.2,1.8,0.33,1.0,8.0,0.0,1.0,0.0,0.0,,,,
26,Group stage,2026-06-13 00:00:00,Qatar,Switzerland,0.5497463941574097,2.393497943878174,1,4,-360.84472108477416,0.9,1.9,2.5,0.8,0.0,0.9,2.5,0.33,1.0,12.0,0.0,1.0,0.0,0.0,,,,
26,Group stage,2026-06-14 00:00:00,Germany,Curaçao,2.8003809452056885,0.6807331442832947,6,0,361.1352259778141,2.3,1.1,1.6,1.3,0.0,2.3,1.6,0.33,20.0,0.0,0.0,1.0,0.0,0.0,,,,
26,Group stage,2026-06-14 00:00:00,Ivory Coast,Ecuador,0.7578378915786743,1.6096333265304565,1,3,-219.15155902699053,2.0,0.7,0.7,0.4,0.0,2.0,0.7,0.33,3.0,4.0,0.0,1.0,0.0,0.0,,,,
26,Group stage,2026-06-14 00:00:00,Netherlands,Japan,1.4094085693359375,1.0377333164215088,5,1,19.05367466640928,3.0,0.6,1.8,0.7,0.0,3.0,1.8,0.33,11.0,7.0,0.0,1.0,0.0,0.0,,,,
26,Group stage,2026-06-14 00:00:00,Sweden,Tunisia,1.4389334917068481,1.2469319105148315,1,1,22.565366858667858,1.6,1.8,1.4,1.0,0.0,1.6,1.4,0.33,13.0,6.0,0.0,1.0,0.0,0.0,,,,
26,Group stage,2026-06-15 00:00:00,Belgium,Egypt,1.4515180587768555,0.9129274487495422,3,1,99.79242592327387,3.5,1.0,1.3,0.8,1.0,1.0,2.0,0.0,14.0,3.0,0.0,1.0,0.0,0.0,,,,
26,Group stage,2026-06-15 00:00:00,Iran,New Zealand,1.6201878786087036,0.738328218460083,3,1,142.34033556219924,1.6,0.7,0.9,1.5,0.0,1.6,0.9,0.33,6.0,2.0,0.0,1.0,0.0,0.0,,,,
26,Group stage,2026-06-15 00:00:00,Saudi Arabia,Uruguay,0.7248218059539795,1.7654508352279663,0,2,-283.38107610897714,0.9,1.3,1.0,0.9,0.0,0.9,1.0,0.33,6.0,14.0,0.0,1.0,0.0,0.0,,,,
26,Group stage,2026-06-15 00:00:00,Spain,Cape Verde,3.966179609298706,0.5665221810340881,3,1,563.2850614519855,3.1,0.8,1.7,1.0,0.0,3.1,1.7,0.33,16.0,0.0,0.0,1.0,0.0,0.0,,,,
26,Group stage,2026-06-16 00:00:00,Argentina,Algeria,2.156207323074341,0.7074368596076965,2,0,323.48300707879844,2.5,0.4,2.3,0.5,0.0,2.5,2.3,0.33,18.0,4.0,0.0,1.0,0.0,0.0,,,,
26,Group stage,2026-06-16 00:00:00,Austria,Jordan,2.314819097518921,0.9839795827865601,4,2,80.9944962008201,2.8,0.5,2.0,1.5,0.0,2.8,2.0,0.33,7.0,0.0,0.0,1.0,0.0,0.0,,,,
26,Group stage,2026-06-16 00:00:00,France,Senegal,2.243558645248413,0.8569515347480774,1,1,209.2497238875883,2.7,1.1,2.5,0.6,0.0,2.7,2.5,0.33,16.0,3.0,0.0,1.0,0.0,0.0,,,,
26,Group stage,2026-06-16 00:00:00,Iraq,Norway,0.7500935196876526,1.7158862352371216,1,1,-223.33641759859006,1.1,0.7,3.1,0.6,0.0,1.1,3.1,0.33,1.0,3.0,0.0,1.0,0.0,0.0,,,,
26,Group stage,2026-06-17 00:00:00,England,Croatia,1.630310297012329,1.0758646726608276,1,0,94.46756707201507,2.2,0.5,2.9,0.8,0.0,2.2,2.9,0.33,16.0,6.0,0.0,1.0,0.0,0.0,,,,
26,Group stage,2026-06-17 00:00:00,Ghana,Panama,0.8218146562576294,1.872027039527893,0,1,-237.5714618522527,1.5,1.3,1.3,0.8,0.0,1.5,1.3,0.33,4.0,1.0,0.0,1.0,0.0,0.0,,,,
26,Group stage,2026-06-17 00:00:00,Portugal,DR Congo,2.063178300857544,0.639021098613739,3,0,275.4864091486654,2.6,1.0,1.2,0.3,0.0,2.6,1.2,0.33,8.0,1.0,0.0,1.0,0.0,0.0,,,,
26,Group stage,2026-06-17 00:00:00,Uzbekistan,Colombia,0.7373384833335876,1.79137122631073,0,2,-213.1223064060914,1.5,0.7,2.1,1.0,0.0,1.5,2.1,0.33,0.0,6.0,0.0,1.0,0.0,0.0,,,,
26,Group stage,2026-06-18 00:00:00,Canada,Qatar,2.42085337638855,0.43523916602134705,2,0,334.2218513338994,1.1,0.5,1.0,2.0,1.0,2.0,0.0,1.0,3.0,2.0,1.0,0.0,0.0,0.0,,,,
26,Group stage,2026-06-18 00:00:00,Czech Republic,South Africa,1.474886417388916,1.153135061264038,2,4,82.38508734923653,1.6,1.6,1.4,1.1,0.0,1.6,1.4,0.33,2.0,4.0,0.0,1.0,0.0,0.0,,,,
26,Group stage,2026-06-18 00:00:00,Mexico,South Korea,1.492911696434021,0.9396040439605713,3,0,46.43829468838658,1.0,0.8,1.7,1.2,1.0,2.0,2.0,0.0,18.0,12.0,1.0,0.0,0.0,0.0,,,,
26,Group stage,2026-06-18 00:00:00,Switzerland,Bosnia and Herzegovina,2.4453842639923096,0.7164282202720642,2,0,316.16257943711526,2.5,0.7,2.1,1.3,0.0,2.5,2.1,0.33,13.0,2.0,0.0,1.0,0.0,0.0,,,,
26,Group stage,2026-06-19 00:00:00,Brazil,Haiti,2.3595175743103027,0.611046314239502,2,1,338.79063896473144,1.9,1.1,1.1,1.3,0.0,1.9,1.1,0.33,23.0,2.0,0.0,1.0,0.0,0.0,,,,
26,Group stage,2026-06-19 00:00:00,Scotland,Morocco,0.9078953266143799,1.732843279838562,0,1,-178.65725053359097,2.0,0.9,1.8,0.4,0.0,2.0,1.8,0.33,9.0,7.0,0.0,1.0,0.0,0.0,,,,
26,Group stage,2026-06-19 00:00:00,Turkey,Paraguay,1.2659894227981567,1.2768000364303589,2,1,12.842094264481375,1.9,1.6,0.8,1.1,0.0,1.9,0.8,0.33,3.0,9.0,0.0,1.0,0.0,0.0,,,,
26,Group stage,2026-06-19 00:00:00,United States,Australia,1.2726870775222778,1.2496118545532227,0,1,-116.56049594899036,1.6,1.5,1.7,0.9,1.0,2.0,1.0,1.0,12.0,7.0,1.0,0.0,0.0,0.0,,,,
26,Group stage,2026-06-20 00:00:00,Ecuador,Curaçao,2.9278697967529297,0.6136777400970459,3,2,431.0918190150858,1.0,0.5,1.5,1.8,0.0,1.0,1.5,0.33,5.0,1.0,0.0,1.0,0.0,0.0,,,,
26,Group stage,2026-06-20 00:00:00,Germany,Ivory Coast,2.1296024322509766,0.8159052133560181,4,1,217.2705831655196,2.8,0.9,1.8,1.0,0.0,2.8,1.8,0.33,21.0,4.0,0.0,1.0,0.0,0.0,,,,
26,Group stage,2026-06-20 00:00:00,Netherlands,Sweden,2.4403457641601562,0.9455450773239136,3,2,294.57470485564,3.3,0.7,1.5,1.9,0.0,3.3,1.5,0.33,12.0,14.0,0.0,1.0,0.0,0.0,,,,
26,Group stage,2026-06-20 00:00:00,Tunisia,Japan,0.9315468072891235,1.7061277627944946,1,1,-187.85838825276687,1.4,1.0,1.9,1.1,0.0,1.4,1.9,0.33,7.0,8.0,0.0,1.0,0.0,0.0,,,,
26,Group stage,2026-06-21 00:00:00,Belgium,Iran,1.5134755373001099,1.1723659038543701,1,1,26.06513785848915,3.7,1.0,1.7,0.8,0.0,3.7,1.7,0.33,15.0,7.0,0.0,1.0,0.0,0.0,,,,
26,Group stage,2026-06-21 00:00:00,New Zealand,Egypt,1.0864444971084595,1.4565149545669556,2,1,-58.83646060969454,0.9,1.8,1.4,0.8,1.0,0.0,1.0,0.0,3.0,4.0,0.0,1.0,0.0,0.0,,,,
26,Group stage,2026-06-21 00:00:00,Spain,Saudi Arabia,3.2121834754943848,0.43280288577079773,5,0,553.6783646449169,2.9,0.5,0.9,1.5,0.0,2.9,0.9,0.33,17.0,7.0,0.0,1.0,0.0,0.0,,,,
26,Group stage,2026-06-21 00:00:00,Uruguay,Cape Verde,2.2208566665649414,0.6733004450798035,0,0,329.21319810976,1.2,0.7,1.5,1.3,0.0,1.2,1.5,0.33,15.0,1.0,0.0,1.0,0.0,0.0,,,,
26,Group stage,2026-06-22 00:00:00,Argentina,Austria,2.2255969047546387,0.785534143447876,1,1,287.09331914631116,2.3,0.3,3.0,0.6,0.0,2.3,3.0,0.33,19.0,8.0,0.0,1.0,0.0,0.0,,,,
26,Group stage,2026-06-22 00:00:00,France,Iraq,2.278075933456421,0.5875551104545593,1,0,358.7210746627834,2.4,0.7,1.1,0.8,0.0,2.4,1.1,0.33,17.0,2.0,0.0,1.0,0.0,0.0,,,,
26,Group stage,2026-06-22 00:00:00,Jordan,Algeria,1.0304359197616577,1.7035688161849976,0,1,-89.79376451442658,2.0,1.6,1.8,0.6,0.0,2.0,1.8,0.33,1.0,5.0,0.0,1.0,0.0,0.0,,,,
26,Group stage,2026-06-22 00:00:00,Norway,Senegal,1.3435957431793213,1.1356936693191528,2,2,7.536584786849289,2.9,0.7,1.8,0.7,0.0,2.9,1.8,0.33,4.0,4.0,0.0,1.0,0.0,0.0,,,,
26,Group stage,2026-06-23 00:00:00,Colombia,DR Congo,2.0725202560424805,0.6352611184120178,3,1,319.72699317766205,2.3,1.0,1.1,0.6,0.0,2.3,1.1,0.33,7.0,2.0,0.0,1.0,0.0,0.0,,,,
26,Group stage,2026-06-23 00:00:00,England,Ghana,2.7677698135375977,0.7096185684204102,2,0,491.63324414278895,2.2,0.5,1.4,1.2,0.0,2.2,1.4,0.33,17.0,5.0,0.0,1.0,0.0,0.0,,,,
26,Group stage,2026-06-23 00:00:00,Panama,Croatia,1.017938494682312,1.3832517862319946,0,2,-91.15619886876584,1.4,0.8,2.2,0.9,0.0,1.4,2.2,0.33,2.0,7.0,0.0,1.0,0.0,0.0,,,,
26,Group stage,2026-06-23 00:00:00,Portugal,Uzbekistan,2.0791077613830566,0.755855917930603,4,0,245.38838931569762,2.7,0.9,1.3,0.7,0.0,2.7,1.3,0.33,9.0,1.0,0.0,1.0,0.0,0.0,,,,
26,Group stage,2026-06-24 00:00:00,Bosnia and Herzegovina,Qatar,1.9034124612808228,1.1517761945724487,1,3,62.34282093927777,2.0,1.3,0.8,2.0,0.0,2.0,0.8,0.33,2.0,2.0,0.0,1.0,0.0,0.0,,,,
26,Group stage,2026-06-24 00:00:00,Canada,Switzerland,1.1958502531051636,1.0522950887680054,2,0,-55.72236991586669,1.2,0.4,2.3,0.7,0.0,1.2,2.3,0.33,3.0,13.0,1.0,0.0,0.0,0.0,,,,
26,Group stage,2026-06-24 00:00:00,Mexico,Czech Republic,2.226191282272339,0.5899576544761658,1,2,313.3753175816198,1.3,0.4,1.7,1.5,0.0,1.3,1.7,0.33,18.0,2.0,1.0,0.0,0.0,0.0,,,,
26,Group stage,2026-06-24 00:00:00,Morocco,Haiti,2.2921230792999268,0.5237264633178711,2,0,398.615289047126,1.7,0.4,1.1,1.3,0.0,1.7,1.1,0.33,7.0,2.0,0.0,1.0,0.0,0.0,,,,
26,Group stage,2026-06-24 00:00:00,Scotland,Brazil,0.943983256816864,1.9951001405715942,2,2,-165.38246256587945,1.6,1.0,2.0,1.2,0.0,1.6,2.0,0.33,9.0,23.0,0.0,1.0,0.0,0.0,,,,
26,Group stage,2026-06-24 00:00:00,South Africa,South Korea,1.0272231101989746,1.8401930332183838,0,2,-175.18102445337786,1.8,1.3,1.3,1.5,0.0,1.8,1.3,0.33,4.0,12.0,0.0,1.0,0.0,0.0,,,,
26,Group stage,2026-06-25 00:00:00,Curaçao,Ivory Coast,1.0634080171585083,2.0004446506500244,0,1,-153.4716224611252,1.6,1.9,1.9,1.3,0.0,1.6,1.9,0.33,1.0,4.0,0.0,1.0,0.0,0.0,,,,
26,Group stage,2026-06-25 00:00:00,Ecuador,Germany,1.2036925554275513,1.3534055948257446,1,3,22.867680988557822,1.3,0.7,3.2,0.8,0.0,1.3,3.2,0.33,5.0,21.0,0.0,1.0,0.0,0.0,,,,
26,Group stage,2026-06-25 00:00:00,Japan,Sweden,1.780860424041748,1.109062671661377,2,1,163.68052137861196,1.4,1.2,1.3,1.9,0.0,1.4,1.3,0.33,8.0,14.0,0.0,1.0,0.0,0.0,,,,
26,Group stage,2026-06-25 00:00:00,Paraguay,Australia,0.9124236702919006,1.4665175676345825,1,3,-141.93217511139778,0.9,1.2,1.6,0.8,0.0,0.9,1.6,0.33,9.0,7.0,0.0,1.0,0.0,0.0,,,,
26,Group stage,2026-06-25 00:00:00,Tunisia,Netherlands,0.7396155595779419,1.970123529434204,0,2,-307.7447104699022,1.5,1.0,2.8,0.9,0.0,1.5,2.8,0.33,7.0,12.0,0.0,1.0,0.0,0.0,,,,
26,Group stage,2026-06-25 00:00:00,United States,Turkey,1.49543297290802,1.2891184091567993,0,2,-102.39594096800943,1.5,1.4,2.1,1.6,1.0,1.0,2.0,0.0,12.0,3.0,1.0,0.0,0.0,0.0,,,,
26,Group stage,2026-06-26 00:00:00,Cape Verde,Saudi Arabia,1.3404911756515503,1.25845468044281,1,0,10.544055806349206,1.4,1.2,0.8,2.0,0.0,1.4,0.8,0.33,1.0,7.0,0.0,1.0,0.0,0.0,,,,
26,Group stage,2026-06-26 00:00:00,Egypt,Iran,0.8485186696052551,1.6240100860595703,2,1,-175.84391390898577,1.3,0.9,1.6,0.7,0.0,1.3,1.6,0.33,4.0,7.0,0.0,1.0,0.0,0.0,,,,
26,Group stage,2026-06-26 00:00:00,New Zealand,Belgium,0.9534042477607727,2.173452377319336,0,1,-186.1879786641241,1.0,1.7,3.4,0.8,0.0,1.0,3.4,0.33,3.0,15.0,0.0,1.0,0.0,0.0,,,,
26,Group stage,2026-06-26 00:00:00,Norway,France,1.0044310092926025,2.163135290145874,0,2,-176.7970036603881,3.0,0.9,2.3,0.7,0.0,3.0,2.3,0.33,4.0,17.0,0.0,1.0,0.0,0.0,,,,
26,Group stage,2026-06-26 00:00:00,Senegal,Iraq,1.6799418926239014,0.7067485451698303,1,1,189.1946857368864,1.7,0.9,1.0,0.9,0.0,1.7,1.0,0.33,4.0,2.0,0.0,1.0,0.0,0.0,,,,
26,Group stage,2026-06-26 00:00:00,Uruguay,Spain,0.826968789100647,2.093001365661621,0,5,-267.7572696780019,1.0,0.7,3.2,0.3,0.0,1.0,3.2,0.33,15.0,17.0,0.0,1.0,0.0,0.0,,,,
26,Group stage,2026-06-27 00:00:00,Algeria,Austria,1.1153295040130615,1.3211010694503784,0,3,-58.531983910069584,1.7,0.6,2.7,0.7,0.0,1.7,2.7,0.33,5.0,8.0,0.0,1.0,0.0,0.0,,,,
26,Group stage,2026-06-27 00:00:00,Colombia,Portugal,1.3255841732025146,1.3438984155654907,1,2,-1.1549383560040951,2.5,1.0,2.9,0.7,0.0,2.5,2.9,0.33,7.0,9.0,0.0,1.0,0.0,0.0,,,,
26,Group stage,2026-06-27 00:00:00,Croatia,Ghana,2.2550249099731445,0.5457803010940552,3,1,391.56110130252705,1.9,0.8,1.0,1.4,0.0,1.9,1.0,0.33,7.0,5.0,0.0,1.0,0.0,0.0,,,,
26,Group stage,2026-06-27 00:00:00,DR Congo,Uzbekistan,1.071855902671814,1.3240187168121338,1,3,-56.09064678835034,1.1,0.9,1.3,1.1,0.0,1.1,1.3,0.33,2.0,1.0,0.0,1.0,0.0,0.0,,,,
26,Group stage,2026-06-27 00:00:00,Jordan,Argentina,0.4694629907608032,3.3741977214813232,0,4,-439.53877505278206,1.8,1.4,2.3,0.4,0.0,1.8,2.3,0.33,1.0,19.0,0.0,1.0,0.0,0.0,,,,
26,Group stage,2026-06-27 00:00:00,Panama,England,0.6951261162757874,2.0069596767425537,1,3,-268.17221608048317,1.3,0.9,2.3,0.2,0.0,1.3,2.3,0.33,2.0,17.0,0.0,1.0,0.0,0.0,,,,
26,Round of 32,2026-06-28 19:00:00,South Korea,Switzerland,1.2108193635940552,1.3732343912124634,1,2,-13.570026916424467,1.3,1.5,1.9,0.9,0.0,1.3,1.9,0.33,12.0,13.0,0.0,1.0,0.0,0.0,73.0,Switzerland,South Korea,False
26,Round of 32,2026-06-29 17:00:00,Morocco,Japan,1.476572036743164,0.8650662302970886,1,1,120.17555665475561,1.8,0.3,1.6,1.3,0.0,1.8,1.6,0.33,7.0,8.0,0.0,1.0,0.0,0.0,74.0,Japan,Morocco,True
26,Round of 32,2026-06-29 20:30:00,Germany,Brazil,1.7983119487762451,1.4557065963745117,3,1,71.27189593576531,3.5,0.7,1.9,1.4,0.0,3.5,1.9,0.33,21.0,23.0,0.0,1.0,0.0,0.0,75.0,Germany,Brazil,False
26,Round of 32,2026-06-30 01:00:00,Netherlands,Scotland,2.1890792846679688,0.9552775025367737,3,0,230.7903425521722,2.9,0.8,1.8,1.2,1.0,4.0,0.0,1.0,12.0,9.0,0.0,1.0,0.0,0.0,76.0,Netherlands,Scotland,False
26,Round of 32,2026-06-30 17:00:00,Ecuador,Senegal,1.2994297742843628,1.060498595237732,0,2,62.4064895525471,1.4,1.0,1.7,0.9,1.0,1.0,2.0,0.0,5.0,4.0,0.0,1.0,0.0,0.0,77.0,Senegal,Ecuador,False
26,Round of 32,2026-06-30 21:00:00,France,United States,2.2538604736328125,0.8715128302574158,2,1,374.7708784994513,2.3,0.7,1.5,1.4,0.0,2.3,1.5,0.33,17.0,12.0,0.0,1.0,0.0,0.0,78.0,France,United States,False
26,Round of 32,2026-07-01 01:00:00,Mexico,Uruguay,1.017427682876587,1.2493942975997925,3,2,-3.837263143578639,1.3,0.5,0.7,1.2,2.0,0.0,2.0,0.0,18.0,15.0,0.0,1.0,0.0,0.0,79.0,Mexico,Uruguay,False
26,Round of 32,2026-07-01 16:00:00,England,Ivory Coast,2.20835542678833,0.7091782689094543,0,0,350.628978545629,2.4,0.3,1.8,1.3,0.0,2.4,1.8,0.33,17.0,4.0,0.0,1.0,0.0,0.0,80.0,England,Ivory Coast,True
26,Round of 32,2026-07-01 20:00:00,Belgium,South Africa,2.2042644023895264,0.7810137271881104,3,0,267.4595360158628,2.9,0.8,1.5,1.5,0.0,2.9,1.5,0.33,15.0,4.0,0.0,1.0,0.0,0.0,81.0,Belgium,South Africa,False
26,Round of 32,2026-07-02 00:00:00,Australia,Qatar,2.875398635864258,0.4986487329006195,2,1,412.6596830410008,1.8,0.9,0.9,1.9,0.0,1.8,0.9,0.33,7.0,2.0,0.0,1.0,0.0,0.0,82.0,Australia,Qatar,False
26,Round of 32,2026-07-02 19:00:00,Colombia,Croatia,1.2678000926971436,1.1532213687896729,0,2,49.06312705622554,2.3,1.2,2.1,0.9,1.0,1.0,2.0,0.0,7.0,7.0,0.0,1.0,0.0,0.0,83.0,Croatia,Colombia,False
26,Round of 32,2026-07-02 23:00:00,Spain,Austria,2.171218156814575,0.7425373792648315,2,1,282.8424931054815,3.4,0.3,2.9,0.7,0.0,3.4,2.9,0.33,17.0,8.0,0.0,1.0,0.0,0.0,84.0,Spain,Austria,False
26,Round of 32,2026-07-03 03:00:00,Canada,New Zealand,1.7493287324905396,0.6904888153076172,2,0,209.0687200221828,1.1,0.4,1.0,1.7,0.0,1.1,1.0,0.33,3.0,3.0,0.0,1.0,0.0,0.0,85.0,Canada,New Zealand,False
26,Round of 32,2026-07-03 18:00:00,Turkey,Iran,1.3961849212646484,0.9790223836898804,3,2,97.43516919634544,2.0,1.4,1.7,0.8,0.0,2.0,1.7,0.33,3.0,7.0,0.0,1.0,0.0,0.0,86.0,Turkey,Iran,False
26,Round of 32,2026-07-03 22:00:00,Argentina,Cape Verde,2.9088704586029053,0.5955742597579956,5,0,472.82317485659564,2.6,0.3,1.3,1.2,0.0,2.6,1.3,0.33,19.0,1.0,0.0,1.0,0.0,0.0,87.0,Argentina,Cape Verde,False
26,Round of 32,2026-07-04 01:30:00,Portugal,Panama,2.310375928878784,0.6953047513961792,3,1,292.47886042070763,2.6,0.8,1.3,1.2,0.0,2.6,1.3,0.33,9.0,2.0,0.0,1.0,0.0,0.0,88.0,Portugal,Panama,False
26,Round of 16,2026-07-04 17:00:00,Switzerland,Germany,1.084175705909729,1.9714925289154053,0,1,-150.84765598236777,1.8,1.0,3.5,0.7,2.0,2.0,2.5,0.0,13.0,21.0,0.0,1.0,0.0,0.0,89.0,Germany,Switzerland,False
26,Round of 16,2026-07-04 21:00:00,Japan,Senegal,1.1341577768325806,1.2187658548355103,1,0,-2.594884863343168,1.7,1.2,1.6,0.9,0.0,1.7,1.6,0.33,8.0,4.0,0.0,1.0,0.0,0.0,90.0,Japan,Senegal,False
26,Round of 16,2026-07-05 20:00:00,Netherlands,France,1.0380675792694092,1.3492172956466675,2,0,-49.87644867992208,2.9,0.6,2.3,0.7,3.0,0.3333333333333333,2.0,0.0,12.0,17.0,0.0,1.0,0.0,0.0,91.0,Netherlands,France,False
26,Round of 16,2026-07-06 00:00:00,Mexico,England,0.871332585811615,1.7505897283554077,0,0,-159.60550654000622,1.6,0.7,1.9,0.3,0.0,1.6,1.9,0.33,18.0,17.0,0.0,1.0,0.0,0.0,92.0,England,Mexico,True
26,Round of 16,2026-07-06 19:00:00,Croatia,Spain,0.8113027811050415,1.7519980669021606,1,1,-206.93989559699503,1.9,0.9,3.0,0.4,2.0,0.0,1.5,0.0,7.0,17.0,0.0,1.0,0.0,0.0,93.0,Spain,Croatia,True
26,Round of 16,2026-07-07 00:00:00,Belgium,Australia,1.2475050687789917,1.3644272089004517,0,0,-57.30607170578469,2.6,0.8,1.7,0.9,0.0,2.6,1.7,0.33,15.0,7.0,0.0,1.0,0.0,0.0,94.0,Belgium,Australia,True
26,Round of 16,2026-07-07 16:00:00,Turkey,Portugal,1.048616647720337,1.5954556465148926,3,3,-137.76181792709713,2.3,1.0,2.6,0.7,1.0,0.0,3.0,0.0,3.0,9.0,0.0,1.0,0.0,0.0,95.0,Portugal,Turkey,True
26,Round of 16,2026-07-07 20:00:00,Canada,Argentina,0.7024121880531311,1.615271806716919,2,2,-222.8639752445763,1.2,0.4,2.8,0.3,2.0,0.0,2.0,0.0,3.0,19.0,0.0,1.0,0.0,0.0,96.0,Canada,Argentina,True
26,Quarter-final,2026-07-09 20:00:00,Germany,Japan,1.5371983051300049,0.8992022275924683,1,0,108.45972334071917,3.2,0.7,1.6,1.0,2.0,1.0,3.0,0.0,21.0,8.0,0.0,1.0,0.0,0.0,97.0,Germany,Japan,False
26,Quarter-final,2026-07-10 19:00:00,Spain,Belgium,2.113342523574829,0.9277308583259583,1,0,270.7892328720584,2.9,0.5,2.6,0.8,0.0,2.9,2.6,0.33,17.0,15.0,0.0,1.0,0.0,0.0,98.0,Spain,Belgium,False
26,Quarter-final,2026-07-11 21:00:00,Netherlands,England,1.0891355276107788,1.3074605464935303,1,1,13.764514426403593,2.7,0.6,1.6,0.3,1.0,1.0,2.0,0.0,12.0,17.0,0.0,1.0,0.0,0.0,99.0,England,Netherlands,True
26,Quarter-final,2026-07-12 01:00:00,Portugal,Canada,1.65416419506073,0.8514401316642761,3,2,134.7786447711469,2.8,1.0,1.4,0.5,0.0,2.8,1.4,0.33,9.0,3.0,0.0,1.0,0.0,0.0,100.0,Portugal,Canada,False
26,Semi-final,2026-07-14 19:00:00,Germany,Spain,1.0303490161895752,1.6254860162734985,2,1,-146.92077447099746,3.2,0.7,2.6,0.5,2.0,1.0,1.5,0.0,21.0,17.0,0.0,1.0,0.0,0.0,101.0,Germany,Spain,False
26,Semi-final,2026-07-15 19:00:00,England,Portugal,1.3118970394134521,1.2097104787826538,0,3,11.010704324649396,1.2,0.4,2.9,1.0,0.0,1.2,2.9,0.33,17.0,9.0,0.0,1.0,0.0,0.0,102.0,Portugal,England,False
26,Third-place playoff,2026-07-18 21:00:00,Spain,England,1.4399091005325317,1.1837036609649658,2,0,122.11825094927053,2.3,0.7,1.0,0.7,1.0,2.0,1.0,1.0,17.0,17.0,0.0,1.0,0.0,0.0,103.0,Spain,England,False
26,Final,2026-07-19 19:00:00,Germany,Portugal,1.2225545644760132,1.3781546354293823,2,1,-38.157468241764036,3.2,0.8,3.2,0.8,1.0,1.0,2.0,0.0,21.0,9.0,0.0,1.0,0.0,0.0,104.0,Germany,Portugal,False
27,Group stage,2026-06-11 00:00:00,Mexico,South Africa,2.1329286098480225,0.6023440957069397,4,1,297.64561459530705,1.1,1.0,1.5,1.1,0.0,1.1,1.5,0.33,17.0,3.0,1.0,0.0,0.0,0.0,,,,
27,Group stage,2026-06-11 00:00:00,South Korea,Czech Republic,1.656619668006897,0.9059049487113953,1,0,98.40437375226111,1.5,1.2,1.8,1.2,0.0,1.5,1.8,0.33,11.0,1.0,0.0,1.0,0.0,0.0,,,,
27,Group stage,2026-06-12 00:00:00,Canada,Bosnia and Herzegovina,2.178720712661743,0.6230993866920471,2,0,252.19701310772894,1.1,0.4,2.1,1.1,0.0,1.1,2.1,0.33,2.0,1.0,1.0,0.0,0.0,0.0,,,,
27,Group stage,2026-06-12 00:00:00,United States,Paraguay,1.3273921012878418,1.1478886604309082,2,2,-90.4406608260008,1.7,1.6,1.0,1.0,1.0,2.0,1.0,1.0,11.0,8.0,1.0,0.0,0.0,0.0,,,,
27,Group stage,2026-06-13 00:00:00,Australia,Turkey,1.306311845779419,1.4813357591629028,1,1,-47.69773714089274,1.5,0.9,2.1,1.4,0.0,1.5,2.1,0.33,6.0,2.0,0.0,1.0,0.0,0.0,,,,
27,Group stage,2026-06-13 00:00:00,Brazil,Morocco,1.3794176578521729,1.0310763120651245,0,0,71.7854817950124,1.8,0.8,1.8,0.5,1.0,1.0,2.0,0.0,22.0,6.0,0.0,1.0,0.0,0.0,,,,
27,Group stage,2026-06-13 00:00:00,Haiti,Scotland,0.8986091017723083,1.6037302017211914,0,4,-128.96035980586862,1.2,1.1,1.8,1.2,0.0,1.2,1.8,0.33,1.0,8.0,0.0,1.0,0.0,0.0,,,,
27,Group stage,2026-06-13 00:00:00,Qatar,Switzerland,0.5497463941574097,2.393497943878174,0,4,-360.84472108477416,0.9,1.9,2.5,0.8,0.0,0.9,2.5,0.33,1.0,12.0,0.0,1.0,0.0,0.0,,,,
27,Group stage,2026-06-14 00:00:00,Germany,Curaçao,2.8003809452056885,0.6807331442832947,3,2,361.1352259778141,2.3,1.1,1.6,1.3,0.0,2.3,1.6,0.33,20.0,0.0,0.0,1.0,0.0,0.0,,,,
27,Group stage,2026-06-14 00:00:00,Ivory Coast,Ecuador,0.7578378915786743,1.6096333265304565,1,1,-219.15155902699053,2.0,0.7,0.7,0.4,0.0,2.0,0.7,0.33,3.0,4.0,0.0,1.0,0.0,0.0,,,,
27,Group stage,2026-06-14 00:00:00,Netherlands,Japan,1.4094085693359375,1.0377333164215088,0,0,19.05367466640928,3.0,0.6,1.8,0.7,0.0,3.0,1.8,0.33,11.0,7.0,0.0,1.0,0.0,0.0,,,,
27,Group stage,2026-06-14 00:00:00,Sweden,Tunisia,1.4389334917068481,1.2469319105148315,2,0,22.565366858667858,1.6,1.8,1.4,1.0,0.0,1.6,1.4,0.33,13.0,6.0,0.0,1.0,0.0,0.0,,,,
27,Group stage,2026-06-15 00:00:00,Belgium,Egypt,1.4515180587768555,0.9129274487495422,2,1,99.79242592327387,3.5,1.0,1.3,0.8,1.0,1.0,2.0,0.0,14.0,3.0,0.0,1.0,0.0,0.0,,,,
27,Group stage,2026-06-15 00:00:00,Iran,New Zealand,1.6201878786087036,0.738328218460083,1,2,142.34033556219924,1.6,0.7,0.9,1.5,0.0,1.6,0.9,0.33,6.0,2.0,0.0,1.0,0.0,0.0,,,,
27,Group stage,2026-06-15 00:00:00,Saudi Arabia,Uruguay,0.7248218059539795,1.7654508352279663,3,2,-283.38107610897714,0.9,1.3,1.0,0.9,0.0,0.9,1.0,0.33,6.0,14.0,0.0,1.0,0.0,0.0,,,,
27,Group stage,2026-06-15 00:00:00,Spain,Cape Verde,3.966179609298706,0.5665221810340881,1,1,563.2850614519855,3.1,0.8,1.7,1.0,0.0,3.1,1.7,0.33,16.0,0.0,0.0,1.0,0.0,0.0,,,,
27,Group stage,2026-06-16 00:00:00,Argentina,Algeria,2.156207323074341,0.7074368596076965,2,0,323.48300707879844,2.5,0.4,2.3,0.5,0.0,2.5,2.3,0.33,18.0,4.0,0.0,1.0,0.0,0.0,,,,
27,Group stage,2026-06-16 00:00:00,Austria,Jordan,2.314819097518921,0.9839795827865601,3,2,80.9944962008201,2.8,0.5,2.0,1.5,0.0,2.8,2.0,0.33,7.0,0.0,0.0,1.0,0.0,0.0,,,,
27,Group stage,2026-06-16 00:00:00,France,Senegal,2.243558645248413,0.8569515347480774,1,0,209.2497238875883,2.7,1.1,2.5,0.6,0.0,2.7,2.5,0.33,16.0,3.0,0.0,1.0,0.0,0.0,,,,
27,Group stage,2026-06-16 00:00:00,Iraq,Norway,0.7500935196876526,1.7158862352371216,0,3,-223.33641759859006,1.1,0.7,3.1,0.6,0.0,1.1,3.1,0.33,1.0,3.0,0.0,1.0,0.0,0.0,,,,
27,Group stage,2026-06-17 00:00:00,England,Croatia,1.630310297012329,1.0758646726608276,0,1,94.46756707201507,2.2,0.5,2.9,0.8,0.0,2.2,2.9,0.33,16.0,6.0,0.0,1.0,0.0,0.0,,,,
27,Group stage,2026-06-17 00:00:00,Ghana,Panama,0.8218146562576294,1.872027039527893,0,0,-237.5714618522527,1.5,1.3,1.3,0.8,0.0,1.5,1.3,0.33,4.0,1.0,0.0,1.0,0.0,0.0,,,,
27,Group stage,2026-06-17 00:00:00,Portugal,DR Congo,2.063178300857544,0.639021098613739,0,1,275.4864091486654,2.6,1.0,1.2,0.3,0.0,2.6,1.2,0.33,8.0,1.0,0.0,1.0,0.0,0.0,,,,
27,Group stage,2026-06-17 00:00:00,Uzbekistan,Colombia,0.7373384833335876,1.79137122631073,1,1,-213.1223064060914,1.5,0.7,2.1,1.0,0.0,1.5,2.1,0.33,0.0,6.0,0.0,1.0,0.0,0.0,,,,
27,Group stage,2026-06-18 00:00:00,Canada,Qatar,2.3861992359161377,0.4293593168258667,3,0,338.54750625103316,1.1,0.4,0.9,2.0,1.0,2.0,0.0,1.0,3.0,2.0,1.0,0.0,0.0,0.0,,,,
27,Group stage,2026-06-18 00:00:00,Czech Republic,South Africa,1.5165201425552368,0.980599045753479,1,1,105.53450493044556,1.6,1.3,1.5,1.4,0.0,1.6,1.5,0.33,2.0,4.0,0.0,1.0,0.0,0.0,,,,
27,Group stage,2026-06-18 00:00:00,Mexico,South Korea,1.5540649890899658,0.9462018013000488,1,1,69.58771226959561,1.3,0.9,1.4,1.2,1.0,2.0,2.0,0.0,18.0,12.0,1.0,0.0,0.0,0.0,,,,
27,Group stage,2026-06-18 00:00:00,Switzerland,Bosnia and Herzegovina,2.415785551071167,0.7042526006698608,4,0,320.488234354249,2.5,0.6,2.0,1.3,0.0,2.5,2.0,0.33,13.0,2.0,0.0,1.0,0.0,0.0,,,,
27,Group stage,2026-06-19 00:00:00,Brazil,Haiti,2.5452029705047607,0.5799069404602051,4,0,389.26517532701587,1.8,0.8,1.1,1.4,0.0,1.8,1.1,0.33,23.0,2.0,0.0,1.0,0.0,0.0,,,,
27,Group stage,2026-06-19 00:00:00,Scotland,Morocco,0.9619837999343872,1.4133710861206055,1,1,-128.18271417130654,2.1,0.9,1.5,0.3,0.0,2.1,1.5,0.33,9.0,7.0,0.0,1.0,0.0,0.0,,,,
27,Group stage,2026-06-19 00:00:00,Turkey,Paraguay,1.3636870384216309,1.1298900842666626,1,2,38.411748919090314,2.0,1.4,1.0,1.2,0.0,2.0,1.0,0.33,3.0,9.0,0.0,1.0,0.0,0.0,,,,
27,Group stage,2026-06-19 00:00:00,United States,Australia,1.3480066061019897,1.2149301767349243,2,3,-90.99084129438143,1.7,1.7,1.5,1.0,1.0,2.0,1.0,1.0,12.0,7.0,1.0,0.0,0.0,0.0,,,,
27,Group stage,2026-06-20 00:00:00,Ecuador,Curaçao,2.338062047958374,0.5993152856826782,1,0,386.96667244178843,0.8,0.5,1.7,1.5,0.0,0.8,1.7,0.33,5.0,1.0,0.0,1.0,0.0,0.0,,,,
27,Group stage,2026-06-20 00:00:00,Germany,Ivory Coast,1.9564144611358643,0.8775877356529236,0,0,173.14543659222227,2.5,1.1,1.8,0.8,0.0,2.5,1.8,0.33,21.0,4.0,0.0,1.0,0.0,0.0,,,,
27,Group stage,2026-06-20 00:00:00,Netherlands,Sweden,2.235074996948242,1.0113991498947144,2,0,195.7356942670981,2.8,0.6,1.6,1.8,0.0,2.8,1.6,0.33,12.0,14.0,0.0,1.0,0.0,0.0,,,,
27,Group stage,2026-06-20 00:00:00,Tunisia,Japan,0.6807187795639038,1.8078359365463257,2,1,-286.69739884130877,1.3,1.1,1.8,0.6,0.0,1.3,1.8,0.33,7.0,8.0,0.0,1.0,0.0,0.0,,,,
27,Group stage,2026-06-21 00:00:00,Belgium,Iran,1.7262777090072632,1.0717999935150146,1,1,84.4357067105359,3.6,1.0,1.5,0.9,0.0,3.6,1.5,0.33,15.0,7.0,0.0,1.0,0.0,0.0,,,,
27,Group stage,2026-06-21 00:00:00,New Zealand,Egypt,1.1140012741088867,1.2092242240905762,1,2,-0.4658917576480235,1.0,1.6,1.4,0.7,1.0,0.0,1.0,0.0,3.0,4.0,0.0,1.0,0.0,0.0,,,,
27,Group stage,2026-06-21 00:00:00,Spain,Saudi Arabia,2.618605375289917,0.69498211145401,2,0,457.64079377929784,2.7,0.5,1.2,1.5,0.0,2.7,1.2,0.33,17.0,7.0,0.0,1.0,0.0,0.0,,,,
27,Group stage,2026-06-21 00:00:00,Uruguay,Cape Verde,2.081407070159912,0.7473579049110413,1,1,233.17562724414097,1.2,1.0,1.5,1.1,0.0,1.2,1.5,0.33,15.0,1.0,0.0,1.0,0.0,0.0,,,,
27,Group stage,2026-06-22 00:00:00,Argentina,Austria,2.281306743621826,0.7769225239753723,3,2,298.658503473755,2.3,0.3,2.9,0.6,0.0,2.3,2.9,0.33,19.0,8.0,0.0,1.0,0.0,0.0,,,,
27,Group stage,2026-06-22 00:00:00,France,Iraq,2.666651964187622,0.47084319591522217,5,0,428.4677945994615,2.4,0.6,1.0,1.0,0.0,2.4,1.0,0.33,17.0,2.0,0.0,1.0,0.0,0.0,,,,
27,Group stage,2026-06-22 00:00:00,Jordan,Algeria,1.0185407400131226,1.6582051515579224,0,3,-78.22858018698275,2.0,1.5,1.8,0.6,0.0,2.0,1.8,0.33,1.0,5.0,0.0,1.0,0.0,0.0,,,,
27,Group stage,2026-06-22 00:00:00,Norway,Senegal,1.5904072523117065,0.9624053835868835,5,1,77.28330472352741,3.1,0.6,1.7,0.7,0.0,3.1,1.7,0.33,4.0,4.0,0.0,1.0,0.0,0.0,,,,
27,Group stage,2026-06-23 00:00:00,Colombia,DR Congo,1.8713337182998657,0.6869024634361267,0,0,215.2761641797906,2.2,1.1,1.2,0.3,0.0,2.2,1.2,0.33,7.0,2.0,0.0,1.0,0.0,0.0,,,,
27,Group stage,2026-06-23 00:00:00,England,Ghana,2.4362783432006836,0.7246355414390564,2,1,401.63324414278895,2.1,0.6,1.4,1.1,0.0,2.1,1.4,0.33,17.0,5.0,0.0,1.0,0.0,0.0,,,,
27,Group stage,2026-06-23 00:00:00,Panama,Croatia,0.8814012408256531,1.681673288345337,4,1,-181.15619886876584,1.3,0.8,2.3,0.8,0.0,1.3,2.3,0.33,2.0,7.0,0.0,1.0,0.0,0.0,,,,
27,Group stage,2026-06-23 00:00:00,Portugal,Uzbekistan,1.7695938348770142,0.8629348874092102,0,0,140.93756031782618,2.4,1.0,1.4,0.6,0.0,2.4,1.4,0.33,9.0,1.0,0.0,1.0,0.0,0.0,,,,
27,Group stage,2026-06-24 00:00:00,Bosnia and Herzegovina,Qatar,1.937132716178894,1.1652379035949707,2,1,57.83986565025066,1.9,1.5,0.7,2.1,0.0,1.9,0.7,0.33,2.0,2.0,0.0,1.0,0.0,0.0,,,,
27,Group stage,2026-06-24 00:00:00,Canada,Switzerland,1.1960369348526,1.0426830053329468,0,0,-54.914028188955626,1.3,0.3,2.5,0.6,0.0,1.3,2.5,0.33,3.0,13.0,1.0,0.0,0.0,0.0,,,,
27,Group stage,2026-06-24 00:00:00,Mexico,Czech Republic,1.9792420864105225,0.6506178975105286,2,0,206.69931967562297,1.4,0.6,1.6,0.9,0.0,1.4,1.6,0.33,18.0,2.0,1.0,0.0,0.0,0.0,,,,
27,Group stage,2026-06-24 00:00:00,Morocco,Haiti,2.133498191833496,0.505119800567627,0,2,329.92776570850424,1.4,0.4,1.0,1.6,0.0,1.4,1.0,0.33,7.0,2.0,0.0,1.0,0.0,0.0,,,,
27,Group stage,2026-06-24 00:00:00,Scotland,Brazil,0.9242300391197205,2.064000129699707,2,0,-187.9693337160661,1.8,1.0,2.1,0.8,0.0,1.8,2.1,0.33,9.0,23.0,0.0,1.0,0.0,0.0,,,,
27,Group stage,2026-06-24 00:00:00,South Africa,South Korea,0.859219491481781,1.9567925930023193,1,2,-252.12455835846185,1.6,1.5,1.1,1.3,0.0,1.6,1.1,0.33,4.0,12.0,0.0,1.0,0.0,0.0,,,,
27,Group stage,2026-06-25 00:00:00,Curaçao,Ivory Coast,0.7389967441558838,1.9755187034606934,1,0,-220.99278607245378,1.6,1.4,1.8,0.7,0.0,1.6,1.8,0.33,1.0,4.0,0.0,1.0,0.0,0.0,,,,
27,Group stage,2026-06-25 00:00:00,Ecuador,Germany,1.1920884847640991,1.294096827507019,2,0,32.1540235284624,0.9,0.5,2.5,0.9,0.0,0.9,2.5,0.33,5.0,21.0,0.0,1.0,0.0,0.0,,,,
27,Group stage,2026-06-25 00:00:00,Japan,Sweden,1.5784779787063599,1.120079517364502,0,0,151.66137564752125,1.3,0.8,1.2,1.7,0.0,1.3,1.2,0.33,8.0,14.0,0.0,1.0,0.0,0.0,,,,
27,Group stage,2026-06-25 00:00:00,Paraguay,Australia,1.206825852394104,1.2338428497314453,0,0,3.625792703144498,1.2,1.2,1.6,1.1,0.0,1.2,1.6,0.33,9.0,7.0,0.0,1.0,0.0,0.0,,,,
27,Group stage,2026-06-25 00:00:00,Tunisia,Netherlands,0.7120335102081299,1.885477900505066,3,6,-274.15611294726796,1.5,1.1,2.2,0.6,0.0,1.5,2.2,0.33,7.0,12.0,0.0,1.0,0.0,0.0,,,,
27,Group stage,2026-06-25 00:00:00,United States,Turkey,1.400057315826416,1.485995888710022,0,0,-127.97728246268503,1.8,1.8,2.1,1.5,1.0,1.0,2.0,0.0,12.0,3.0,1.0,0.0,0.0,0.0,,,,
27,Group stage,2026-06-26 00:00:00,Cape Verde,Saudi Arabia,1.196388840675354,1.3265671730041504,1,0,-26.557892965343854,1.5,1.1,1.1,1.7,0.0,1.5,1.1,0.33,1.0,7.0,0.0,1.0,0.0,0.0,,,,
27,Group stage,2026-06-26 00:00:00,Egypt,Iran,1.0199025869369507,1.1766778230667114,0,0,-35.7727293449077,1.4,0.7,1.4,0.8,0.0,1.4,1.4,0.33,4.0,7.0,0.0,1.0,0.0,0.0,,,,
27,Group stage,2026-06-26 00:00:00,New Zealand,Belgium,0.9450565576553345,2.1194283962249756,1,1,-166.29278619899014,1.0,1.6,3.3,0.8,0.0,1.0,3.3,0.33,3.0,15.0,0.0,1.0,0.0,0.0,,,,
27,Group stage,2026-06-26 00:00:00,Norway,France,1.1812463998794556,1.7100821733474731,0,2,-125.09571932942936,3.5,0.7,2.7,0.6,0.0,3.5,2.7,0.33,4.0,17.0,0.0,1.0,0.0,0.0,,,,
27,Group stage,2026-06-26 00:00:00,Senegal,Iraq,1.744864583015442,0.8111088275909424,1,3,156.9868412792839,1.5,1.2,0.9,1.5,0.0,1.5,0.9,0.33,4.0,2.0,0.0,1.0,0.0,0.0,,,,
27,Group stage,2026-06-26 00:00:00,Uruguay,Spain,0.7023714184761047,1.955200433731079,3,1,-298.2189113967604,1.1,1.1,2.7,0.3,0.0,1.1,2.7,0.33,15.0,17.0,0.0,1.0,0.0,0.0,,,,
27,Group stage,2026-06-27 00:00:00,Algeria,Austria,1.2207629680633545,1.2164838314056396,0,1,0.966567336624621,1.9,0.6,2.7,0.9,0.0,1.9,2.7,0.33,5.0,8.0,0.0,1.0,0.0,0.0,,,,
27,Group stage,2026-06-27 00:00:00,Colombia,Portugal,1.3619768619537354,1.187818169593811,0,4,34.410562360223366,2.1,1.0,2.2,0.8,0.0,2.1,2.2,0.33,7.0,9.0,0.0,1.0,0.0,0.0,,,,
27,Group stage,2026-06-27 00:00:00,Croatia,Ghana,2.048640727996826,0.6419996619224548,1,0,310.8609457516691,1.9,1.1,1.1,1.3,0.0,1.9,1.1,0.33,7.0,5.0,0.0,1.0,0.0,0.0,,,,
27,Group stage,2026-06-27 00:00:00,DR Congo,Uzbekistan,1.0310968160629272,1.0278202295303345,1,1,-29.962884354442394,1.1,0.3,1.4,0.6,0.0,1.1,1.4,0.33,2.0,1.0,0.0,1.0,0.0,0.0,,,,
27,Group stage,2026-06-27 00:00:00,Jordan,Argentina,0.46800583600997925,3.538713216781616,0,3,-475.9069576445886,1.8,1.5,2.5,0.5,0.0,1.8,2.5,0.33,1.0,19.0,0.0,1.0,0.0,0.0,,,,
27,Group stage,2026-06-27 00:00:00,Panama,England,0.8976626992225647,1.7299953699111938,0,1,-127.4720605296252,1.6,0.8,2.2,0.4,0.0,1.6,2.2,0.33,2.0,17.0,0.0,1.0,0.0,0.0,,,,
27,Round of 32,2026-06-28 19:00:00,South Korea,Canada,1.2382049560546875,0.9261448979377747,2,1,15.781127739253861,1.1,1.4,1.0,0.3,0.0,1.1,1.0,0.33,12.0,3.0,0.0,1.0,0.0,0.0,73.0,South Korea,Canada,False
27,Round of 32,2026-06-29 17:00:00,Scotland,Sweden,1.5981823205947876,1.0136655569076538,3,0,134.5883939919088,2.0,1.0,1.0,1.5,0.0,2.0,1.0,0.33,9.0,14.0,0.0,1.0,0.0,0.0,74.0,Scotland,Sweden,False
27,Round of 32,2026-06-29 20:30:00,Ecuador,Tunisia,1.9534409046173096,0.7217904329299927,2,2,306.90966105319103,1.1,0.5,1.6,1.5,0.0,1.1,1.6,0.33,5.0,7.0,0.0,1.0,0.0,0.0,75.0,Ecuador,Tunisia,True
27,Round of 32,2026-06-30 01:00:00,Netherlands,Brazil,1.62205171585083,1.4300849437713623,3,1,57.31166991993723,2.7,0.8,1.8,1.0,0.0,2.7,1.8,0.33,12.0,23.0,0.0,1.0,0.0,0.0,76.0,Netherlands,Brazil,False
27,Round of 32,2026-06-30 17:00:00,Germany,Norway,1.3988158702850342,1.5847558975219727,0,1,-74.05220628304278,2.5,0.9,3.4,0.9,0.0,2.5,3.4,0.33,21.0,4.0,0.0,1.0,0.0,0.0,77.0,Norway,Germany,False
27,Round of 32,2026-06-30 21:00:00,France,New Zealand,2.7046685218811035,0.5682913064956665,3,1,421.70693573083895,2.7,0.6,1.1,1.6,0.0,2.7,1.1,0.33,17.0,3.0,0.0,1.0,0.0,0.0,78.0,France,New Zealand,False
27,Round of 32,2026-07-01 01:00:00,Mexico,Curaçao,2.2720675468444824,0.6720399260520935,1,0,312.6159844792428,1.5,0.5,1.7,1.4,0.0,1.5,1.7,0.33,18.0,1.0,0.0,1.0,0.0,0.0,79.0,Mexico,Curaçao,False
27,Round of 32,2026-07-01 16:00:00,Croatia,Uzbekistan,1.4306243658065796,0.9699457883834839,1,1,90.48088441994469,1.9,1.1,1.2,0.7,0.0,1.9,1.2,0.33,7.0,1.0,0.0,1.0,0.0,0.0,80.0,Uzbekistan,Croatia,True
27,Round of 32,2026-07-01 20:00:00,Belgium,Spain,0.9728122353553772,2.3204472064971924,0,3,-217.46287598248796,2.8,0.9,2.5,0.6,0.0,2.8,2.5,0.33,15.0,17.0,0.0,1.0,0.0,0.0,81.0,Spain,Belgium,False
27,Round of 32,2026-07-02 00:00:00,Australia,Bosnia and Herzegovina,2.387483596801758,0.7329736948013306,2,1,303.92393552765543,1.5,1.1,1.5,1.6,0.0,1.5,1.5,0.33,7.0,2.0,0.0,1.0,0.0,0.0,82.0,Australia,Bosnia and Herzegovina,False
27,Round of 32,2026-07-02 19:00:00,Portugal,England,1.1084009408950806,1.4889529943466187,0,1,-20.70800003282443,2.1,0.8,2.1,0.4,0.0,2.1,2.1,0.33,9.0,17.0,0.0,1.0,0.0,0.0,83.0,England,Portugal,False
27,Round of 32,2026-07-02 23:00:00,Cape Verde,Austria,0.9085587859153748,1.8009968996047974,0,2,-177.4473273264989,1.4,1.1,2.7,0.9,0.0,1.4,2.7,0.33,1.0,8.0,0.0,1.0,0.0,0.0,84.0,Austria,Cape Verde,False
27,Round of 32,2026-07-03 03:00:00,Switzerland,Algeria,1.5462186336517334,0.8609955310821533,0,1,112.53790031082644,2.1,0.6,1.8,0.6,0.0,2.1,1.8,0.33,13.0,5.0,0.0,1.0,0.0,0.0,85.0,Algeria,Switzerland,False
27,Round of 32,2026-07-03 18:00:00,Paraguay,Egypt,1.356702446937561,0.8714846968650818,2,1,126.96200448765057,1.2,1.2,1.3,0.7,0.0,1.2,1.3,0.33,9.0,4.0,0.0,1.0,0.0,0.0,86.0,Paraguay,Egypt,False
27,Round of 32,2026-07-03 22:00:00,Argentina,Uruguay,1.787664532661438,1.0107316970825195,0,0,228.59390406830744,2.7,0.4,1.1,1.2,2.0,0.5,1.0,0.5,19.0,15.0,0.0,1.0,0.0,0.0,87.0,Argentina,Uruguay,True
27,Round of 32,2026-07-04 01:30:00,DR Congo,Panama,1.0056111812591553,1.1889151334762573,1,1,-61.34841842898527,1.1,0.4,1.5,0.9,0.0,1.1,1.5,0.33,2.0,2.0,0.0,1.0,0.0,0.0,88.0,Panama,DR Congo,True
27,Round of 16,2026-07-04 17:00:00,South Korea,Ecuador,1.0482656955718994,1.3990328311920166,1,3,-104.31280348034466,1.1,1.3,1.2,0.7,0.0,1.1,1.2,0.33,12.0,5.0,0.0,1.0,0.0,0.0,89.0,Ecuador,South Korea,False
27,Round of 16,2026-07-04 21:00:00,Scotland,Norway,1.2223871946334839,1.3404090404510498,1,1,-58.45687073606791,2.1,1.0,2.4,0.8,2.0,2.5,2.0,0.5,9.0,4.0,0.0,1.0,0.0,0.0,90.0,Norway,Scotland,True
27,Round of 16,2026-07-05 20:00:00,Netherlands,France,0.9952178597450256,1.4851019382476807,1,1,-110.71297206197983,2.7,0.7,2.8,0.6,3.0,0.3333333333333333,2.0,0.0,12.0,17.0,0.0,1.0,0.0,0.0,91.0,Netherlands,France,True
27,Round of 16,2026-07-06 00:00:00,Mexico,Uzbekistan,1.5743815898895264,0.9361679553985596,1,1,73.93028128447963,1.6,0.5,1.1,0.8,1.0,3.0,3.0,0.0,18.0,1.0,0.0,1.0,0.0,0.0,92.0,Uzbekistan,Mexico,True
27,Round of 16,2026-07-06 19:00:00,England,Austria,1.6121160984039307,0.9168710112571716,1,1,154.92161617041188,1.7,0.4,2.7,0.8,0.0,1.7,2.7,0.33,17.0,8.0,0.0,1.0,0.0,0.0,93.0,England,Austria,True
27,Round of 16,2026-07-07 00:00:00,Spain,Australia,1.8820488452911377,0.8105319738388062,2,0,197.43963093229036,2.2,0.6,1.4,1.1,0.0,2.2,1.4,0.33,17.0,7.0,0.0,1.0,0.0,0.0,94.0,Spain,Australia,False
27,Round of 16,2026-07-07 16:00:00,Paraguay,Panama,1.3080445528030396,1.0158015489578247,3,0,40.850750833338,1.3,1.3,1.5,0.9,1.0,1.0,0.0,1.0,9.0,2.0,0.0,1.0,0.0,0.0,95.0,Paraguay,Panama,False
27,Round of 16,2026-07-07 20:00:00,Algeria,Argentina,0.5958043336868286,1.9990657567977905,0,0,-325.6824629595178,1.6,0.6,2.4,0.4,1.0,0.0,2.0,0.0,5.0,19.0,0.0,1.0,0.0,0.0,96.0,Argentina,Algeria,True
27,Quarter-final,2026-07-09 20:00:00,Ecuador,Norway,1.2112468481063843,1.0240085124969482,0,2,31.73415462079265,1.4,0.7,2.0,0.9,0.0,1.4,2.0,0.33,5.0,4.0,0.0,1.0,0.0,0.0,97.0,Norway,Ecuador,False
27,Quarter-final,2026-07-10 19:00:00,England,Spain,1.0101863145828247,1.4925100803375244,0,0,-59.245534174519435,1.5,0.5,2.2,0.6,1.0,1.0,2.0,0.0,17.0,17.0,0.0,1.0,0.0,0.0,98.0,Spain,England,True
27,Quarter-final,2026-07-11 21:00:00,Netherlands,Uzbekistan,2.0502572059631348,0.7362937331199646,4,1,189.1951033328719,2.4,0.8,1.1,0.7,0.0,2.4,1.1,0.33,12.0,1.0,0.0,1.0,0.0,0.0,99.0,Netherlands,Uzbekistan,False
27,Quarter-final,2026-07-12 01:00:00,Paraguay,Argentina,0.7920387387275696,1.6083871126174927,1,1,-217.7507540611989,1.4,1.1,2.4,0.3,2.0,1.0,1.0,0.5,9.0,19.0,0.0,1.0,0.0,0.0,100.0,Argentina,Paraguay,True
27,Semi-final,2026-07-14 19:00:00,Norway,Spain,0.9668040871620178,1.5148136615753174,1,1,-91.71257271059721,2.1,0.8,1.8,0.6,2.0,0.0,2.0,0.0,4.0,17.0,0.0,1.0,0.0,0.0,101.0,Norway,Spain,True
27,Semi-final,2026-07-15 19:00:00,Netherlands,Argentina,1.0735915899276733,1.7270774841308594,1,2,-90.0244562641783,2.4,0.9,2.4,0.4,1.0,2.0,2.0,0.0,12.0,19.0,0.0,1.0,0.0,0.0,102.0,Argentina,Netherlands,False
27,Third-place playoff,2026-07-18 21:00:00,Spain,Netherlands,1.418497920036316,1.1894832849502563,4,0,27.873306136686097,1.5,0.7,2.4,1.0,2.0,2.5,2.5,0.0,17.0,12.0,0.0,1.0,0.0,0.0,103.0,Spain,Netherlands,False
27,Final,2026-07-19 19:00:00,Norway,Argentina,0.9115273952484131,1.7082672119140625,1,3,-123.17557805985962,1.8,0.8,2.0,0.5,0.0,1.8,2.0,0.33,4.0,19.0,0.0,1.0,0.0,0.0,104.0,Argentina,Norway,False
28,Group stage,2026-06-11 00:00:00,Mexico,South Africa,2.1329286098480225,0.6023440957069397,2,0,297.64561459530705,1.1,1.0,1.5,1.1,0.0,1.1,1.5,0.33,17.0,3.0,1.0,0.0,0.0,0.0,,,,
28,Group stage,2026-06-11 00:00:00,South Korea,Czech Republic,1.656619668006897,0.9059049487113953,4,2,98.40437375226111,1.5,1.2,1.8,1.2,0.0,1.5,1.8,0.33,11.0,1.0,0.0,1.0,0.0,0.0,,,,
28,Group stage,2026-06-12 00:00:00,Canada,Bosnia and Herzegovina,2.178720712661743,0.6230993866920471,1,1,252.19701310772894,1.1,0.4,2.1,1.1,0.0,1.1,2.1,0.33,2.0,1.0,1.0,0.0,0.0,0.0,,,,
28,Group stage,2026-06-12 00:00:00,United States,Paraguay,1.3273921012878418,1.1478886604309082,2,2,-90.4406608260008,1.7,1.6,1.0,1.0,1.0,2.0,1.0,1.0,11.0,8.0,1.0,0.0,0.0,0.0,,,,
28,Group stage,2026-06-13 00:00:00,Australia,Turkey,1.306311845779419,1.4813357591629028,0,2,-47.69773714089274,1.5,0.9,2.1,1.4,0.0,1.5,2.1,0.33,6.0,2.0,0.0,1.0,0.0,0.0,,,,
28,Group stage,2026-06-13 00:00:00,Brazil,Morocco,1.3794176578521729,1.0310763120651245,2,1,71.7854817950124,1.8,0.8,1.8,0.5,1.0,1.0,2.0,0.0,22.0,6.0,0.0,1.0,0.0,0.0,,,,
28,Group stage,2026-06-13 00:00:00,Haiti,Scotland,0.8986091017723083,1.6037302017211914,1,0,-128.96035980586862,1.2,1.1,1.8,1.2,0.0,1.2,1.8,0.33,1.0,8.0,0.0,1.0,0.0,0.0,,,,
28,Group stage,2026-06-13 00:00:00,Qatar,Switzerland,0.5497463941574097,2.393497943878174,0,1,-360.84472108477416,0.9,1.9,2.5,0.8,0.0,0.9,2.5,0.33,1.0,12.0,0.0,1.0,0.0,0.0,,,,
28,Group stage,2026-06-14 00:00:00,Germany,Curaçao,2.8003809452056885,0.6807331442832947,1,1,361.1352259778141,2.3,1.1,1.6,1.3,0.0,2.3,1.6,0.33,20.0,0.0,0.0,1.0,0.0,0.0,,,,
28,Group stage,2026-06-14 00:00:00,Ivory Coast,Ecuador,0.7578378915786743,1.6096333265304565,0,3,-219.15155902699053,2.0,0.7,0.7,0.4,0.0,2.0,0.7,0.33,3.0,4.0,0.0,1.0,0.0,0.0,,,,
28,Group stage,2026-06-14 00:00:00,Netherlands,Japan,1.4094085693359375,1.0377333164215088,1,0,19.05367466640928,3.0,0.6,1.8,0.7,0.0,3.0,1.8,0.33,11.0,7.0,0.0,1.0,0.0,0.0,,,,
28,Group stage,2026-06-14 00:00:00,Sweden,Tunisia,1.4389334917068481,1.2469319105148315,1,2,22.565366858667858,1.6,1.8,1.4,1.0,0.0,1.6,1.4,0.33,13.0,6.0,0.0,1.0,0.0,0.0,,,,
28,Group stage,2026-06-15 00:00:00,Belgium,Egypt,1.4515180587768555,0.9129274487495422,2,2,99.79242592327387,3.5,1.0,1.3,0.8,1.0,1.0,2.0,0.0,14.0,3.0,0.0,1.0,0.0,0.0,,,,
28,Group stage,2026-06-15 00:00:00,Iran,New Zealand,1.6201878786087036,0.738328218460083,2,2,142.34033556219924,1.6,0.7,0.9,1.5,0.0,1.6,0.9,0.33,6.0,2.0,0.0,1.0,0.0,0.0,,,,
28,Group stage,2026-06-15 00:00:00,Saudi Arabia,Uruguay,0.7248218059539795,1.7654508352279663,1,0,-283.38107610897714,0.9,1.3,1.0,0.9,0.0,0.9,1.0,0.33,6.0,14.0,0.0,1.0,0.0,0.0,,,,
28,Group stage,2026-06-15 00:00:00,Spain,Cape Verde,3.966179609298706,0.5665221810340881,3,1,563.2850614519855,3.1,0.8,1.7,1.0,0.0,3.1,1.7,0.33,16.0,0.0,0.0,1.0,0.0,0.0,,,,
28,Group stage,2026-06-16 00:00:00,Argentina,Algeria,2.156207323074341,0.7074368596076965,1,2,323.48300707879844,2.5,0.4,2.3,0.5,0.0,2.5,2.3,0.33,18.0,4.0,0.0,1.0,0.0,0.0,,,,
28,Group stage,2026-06-16 00:00:00,Austria,Jordan,2.314819097518921,0.9839795827865601,0,1,80.9944962008201,2.8,0.5,2.0,1.5,0.0,2.8,2.0,0.33,7.0,0.0,0.0,1.0,0.0,0.0,,,,
28,Group stage,2026-06-16 00:00:00,France,Senegal,2.243558645248413,0.8569515347480774,1,0,209.2497238875883,2.7,1.1,2.5,0.6,0.0,2.7,2.5,0.33,16.0,3.0,0.0,1.0,0.0,0.0,,,,
28,Group stage,2026-06-16 00:00:00,Iraq,Norway,0.7500935196876526,1.7158862352371216,0,1,-223.33641759859006,1.1,0.7,3.1,0.6,0.0,1.1,3.1,0.33,1.0,3.0,0.0,1.0,0.0,0.0,,,,
28,Group stage,2026-06-17 00:00:00,England,Croatia,1.630310297012329,1.0758646726608276,2,1,94.46756707201507,2.2,0.5,2.9,0.8,0.0,2.2,2.9,0.33,16.0,6.0,0.0,1.0,0.0,0.0,,,,
28,Group stage,2026-06-17 00:00:00,Ghana,Panama,0.8218146562576294,1.872027039527893,1,2,-237.5714618522527,1.5,1.3,1.3,0.8,0.0,1.5,1.3,0.33,4.0,1.0,0.0,1.0,0.0,0.0,,,,
28,Group stage,2026-06-17 00:00:00,Portugal,DR Congo,2.063178300857544,0.639021098613739,5,0,275.4864091486654,2.6,1.0,1.2,0.3,0.0,2.6,1.2,0.33,8.0,1.0,0.0,1.0,0.0,0.0,,,,
28,Group stage,2026-06-17 00:00:00,Uzbekistan,Colombia,0.7373384833335876,1.79137122631073,2,2,-213.1223064060914,1.5,0.7,2.1,1.0,0.0,1.5,2.1,0.33,0.0,6.0,0.0,1.0,0.0,0.0,,,,
28,Group stage,2026-06-18 00:00:00,Canada,Qatar,2.0895917415618896,0.44971075654029846,1,0,299.2118321064054,1.0,0.5,0.9,1.7,1.0,2.0,0.0,1.0,3.0,2.0,1.0,0.0,0.0,0.0,,,,
28,Group stage,2026-06-18 00:00:00,Czech Republic,South Africa,1.5308328866958618,1.1751199960708618,2,1,93.29235983413014,1.8,1.6,1.4,1.2,0.0,1.8,1.4,0.33,2.0,4.0,0.0,1.0,0.0,0.0,,,,
28,Group stage,2026-06-18 00:00:00,Mexico,South Korea,1.5679904222488403,0.9718262553215027,1,0,57.34556717328019,1.1,0.8,1.7,1.4,1.0,2.0,2.0,0.0,18.0,12.0,1.0,0.0,0.0,0.0,,,,
28,Group stage,2026-06-18 00:00:00,Switzerland,Bosnia and Herzegovina,2.3222100734710693,0.7277169227600098,1,0,281.15256020962124,2.2,0.6,2.1,1.2,0.0,2.2,2.1,0.33,13.0,2.0,0.0,1.0,0.0,0.0,,,,
28,Group stage,2026-06-19 00:00:00,Brazil,Haiti,2.3276419639587402,0.6652005910873413,1,0,342.33448841443465,2.0,0.9,1.2,1.0,0.0,2.0,1.2,0.33,23.0,2.0,0.0,1.0,0.0,0.0,,,,
28,Group stage,2026-06-19 00:00:00,Scotland,Morocco,0.8852413892745972,1.6692028045654297,0,1,-175.11340108388777,1.7,1.0,1.6,0.5,0.0,1.7,1.6,0.33,9.0,7.0,0.0,1.0,0.0,0.0,,,,
28,Group stage,2026-06-19 00:00:00,Turkey,Paraguay,1.5416431427001953,1.0992209911346436,2,1,81.36531248268443,2.1,1.3,1.0,1.2,0.0,2.1,1.0,0.33,3.0,9.0,0.0,1.0,0.0,0.0,,,,
28,Group stage,2026-06-19 00:00:00,United States,Australia,1.4418799877166748,1.2067806720733643,1,2,-48.03727773078731,1.7,1.7,1.4,1.1,1.0,2.0,1.0,1.0,12.0,7.0,1.0,0.0,0.0,0.0,,,,
28,Group stage,2026-06-20 00:00:00,Ecuador,Curaçao,2.3741347789764404,0.6059330701828003,3,1,396.89859027354555,1.0,0.4,1.6,1.3,0.0,1.0,1.6,0.33,5.0,1.0,0.0,1.0,0.0,0.0,,,,
28,Group stage,2026-06-20 00:00:00,Germany,Ivory Coast,2.0185532569885254,0.8645736575126648,2,0,183.0773544239794,2.3,1.0,1.7,1.0,0.0,2.3,1.7,0.33,21.0,4.0,0.0,1.0,0.0,0.0,,,,
28,Group stage,2026-06-20 00:00:00,Netherlands,Sweden,2.673037052154541,0.9289459586143494,3,2,299.76283661348316,2.9,0.6,1.5,2.0,0.0,2.9,1.5,0.33,12.0,14.0,0.0,1.0,0.0,0.0,,,,
28,Group stage,2026-06-20 00:00:00,Tunisia,Japan,0.8902124166488647,1.6760178804397583,1,3,-182.6702564949237,1.5,1.0,1.8,0.7,0.0,1.5,1.8,0.33,7.0,8.0,0.0,1.0,0.0,0.0,,,,
28,Group stage,2026-06-21 00:00:00,Belgium,Iran,1.5257624387741089,1.177505612373352,4,3,24.435706710535896,3.6,1.1,1.6,0.9,0.0,3.6,1.6,0.33,15.0,7.0,0.0,1.0,0.0,0.0,,,,
28,Group stage,2026-06-21 00:00:00,New Zealand,Egypt,1.076662302017212,1.4182838201522827,2,3,-60.46589175764802,1.0,1.7,1.5,0.7,1.0,0.0,1.0,0.0,3.0,4.0,0.0,1.0,0.0,0.0,,,,
28,Group stage,2026-06-21 00:00:00,Spain,Saudi Arabia,2.863616704940796,0.511959969997406,4,0,488.76868158949446,2.9,0.5,1.0,1.3,0.0,2.9,1.0,0.33,17.0,7.0,0.0,1.0,0.0,0.0,,,,
28,Group stage,2026-06-21 00:00:00,Uruguay,Cape Verde,2.0752995014190674,0.7102832794189453,3,0,264.3035150543376,1.0,0.8,1.5,1.3,0.0,1.0,1.5,0.33,15.0,1.0,0.0,1.0,0.0,0.0,,,,
28,Group stage,2026-06-22 00:00:00,Argentina,Austria,2.222935676574707,0.7963116765022278,2,0,294.6248118539934,2.2,0.5,2.6,0.5,0.0,2.2,2.6,0.33,19.0,8.0,0.0,1.0,0.0,0.0,,,,
28,Group stage,2026-06-22 00:00:00,France,Iraq,2.5921742916107178,0.473579466342926,4,0,418.7210746627834,2.4,0.6,1.0,0.8,0.0,2.4,1.0,0.33,17.0,2.0,0.0,1.0,0.0,0.0,,,,
28,Group stage,2026-06-22 00:00:00,Jordan,Algeria,0.9577579498291016,1.4726707935333252,1,3,-82.26227180674437,1.9,1.2,2.0,0.5,0.0,1.9,2.0,0.33,1.0,5.0,0.0,1.0,0.0,0.0,,,,
28,Group stage,2026-06-22 00:00:00,Norway,Senegal,1.5615144968032837,0.9574625492095947,2,1,67.53658478684929,2.9,0.6,1.7,0.7,0.0,2.9,1.7,0.33,4.0,4.0,0.0,1.0,0.0,0.0,,,,
28,Group stage,2026-06-23 00:00:00,Colombia,DR Congo,2.1075661182403564,0.7213758230209351,2,2,285.47447122841663,2.3,1.2,1.1,0.8,0.0,2.3,1.1,0.33,7.0,2.0,0.0,1.0,0.0,0.0,,,,
28,Group stage,2026-06-23 00:00:00,England,Ghana,2.824329137802124,0.7129439115524292,1,1,491.63324414278895,2.3,0.6,1.5,1.3,0.0,2.3,1.5,0.33,17.0,5.0,0.0,1.0,0.0,0.0,,,,
28,Group stage,2026-06-23 00:00:00,Panama,Croatia,1.0865939855575562,1.4577152729034424,1,1,-91.15619886876584,1.5,0.9,2.3,1.0,0.0,1.5,2.3,0.33,2.0,7.0,0.0,1.0,0.0,0.0,,,,
28,Group stage,2026-06-23 00:00:00,Portugal,Uzbekistan,2.1316616535186768,0.7818272709846497,1,0,211.1358673664522,2.9,0.9,1.5,0.7,0.0,2.9,1.5,0.33,9.0,1.0,0.0,1.0,0.0,0.0,,,,
28,Group stage,2026-06-24 00:00:00,Bosnia and Herzegovina,Qatar,1.6382815837860107,1.0226225852966309,0,1,88.60412475502812,2.0,1.1,0.7,1.6,0.0,2.0,0.7,0.33,2.0,2.0,0.0,1.0,0.0,0.0,,,,
28,Group stage,2026-06-24 00:00:00,Canada,Switzerland,1.0932601690292358,0.9992170929908752,1,1,-79.44102764512832,1.0,0.4,1.9,0.6,0.0,1.0,1.9,0.33,3.0,13.0,1.0,0.0,0.0,0.0,,,,
28,Group stage,2026-06-24 00:00:00,Mexico,Czech Republic,1.992866039276123,0.6676104068756104,0,0,216.05912712346503,1.2,0.4,1.9,1.2,0.0,1.2,1.9,0.33,18.0,2.0,1.0,0.0,0.0,0.0,,,,
28,Group stage,2026-06-24 00:00:00,Morocco,Haiti,1.7734450101852417,0.6669003963470459,3,1,246.153600356183,1.5,0.5,1.1,0.9,0.0,1.5,1.1,0.33,7.0,2.0,0.0,1.0,0.0,0.0,,,,
28,Group stage,2026-06-24 00:00:00,Scotland,Brazil,0.6973345279693604,2.15592622756958,1,3,-318.0565421889073,1.3,1.1,2.0,0.9,0.0,1.3,2.0,0.33,9.0,23.0,0.0,1.0,0.0,0.0,,,,
28,Group stage,2026-06-24 00:00:00,South Africa,South Korea,0.9024955034255981,1.9818990230560303,3,1,-261.7269173827492,1.5,1.4,1.3,1.5,0.0,1.5,1.3,0.33,4.0,12.0,0.0,1.0,0.0,0.0,,,,
28,Group stage,2026-06-25 00:00:00,Curaçao,Ivory Coast,0.9947017431259155,1.667937159538269,1,2,-116.45036416659627,1.6,1.4,1.7,1.1,0.0,1.6,1.7,0.33,1.0,4.0,0.0,1.0,0.0,0.0,,,,
28,Group stage,2026-06-25 00:00:00,Ecuador,Germany,1.3036093711853027,1.249112844467163,0,0,67.47543728611913,1.3,0.5,2.5,0.8,0.0,1.3,2.5,0.33,5.0,21.0,0.0,1.0,0.0,0.0,,,,
28,Group stage,2026-06-25 00:00:00,Japan,Sweden,2.172166347503662,0.975264847278595,5,1,256.369347236644,1.5,0.8,1.3,2.0,0.0,1.5,1.3,0.33,8.0,14.0,0.0,1.0,0.0,0.0,,,,
28,Group stage,2026-06-25 00:00:00,Paraguay,Australia,1.1654170751571655,1.2467836141586304,0,2,-13.499894499635957,1.1,1.3,1.4,1.1,0.0,1.1,1.4,0.33,9.0,7.0,0.0,1.0,0.0,0.0,,,,
28,Group stage,2026-06-25 00:00:00,Tunisia,Netherlands,0.7484548687934875,1.887093424797058,1,2,-290.80979984362057,1.6,1.2,2.4,0.8,0.0,1.6,2.4,0.33,7.0,12.0,0.0,1.0,0.0,0.0,,,,
28,Group stage,2026-06-25 00:00:00,United States,Turkey,1.2965753078460693,1.5868809223175049,0,2,-231.0100967926537,1.7,1.7,2.3,1.3,1.0,1.0,2.0,0.0,12.0,3.0,1.0,0.0,0.0,0.0,,,,
28,Group stage,2026-06-26 00:00:00,Cape Verde,Saudi Arabia,1.152083396911621,1.6234115362167358,1,2,-93.73779013952435,1.4,1.5,0.9,1.7,0.0,1.4,0.9,0.33,1.0,7.0,0.0,1.0,0.0,0.0,,,,
28,Group stage,2026-06-26 00:00:00,Egypt,Iran,1.1647721529006958,1.1961575746536255,2,2,-5.85739874623323,1.6,0.8,1.7,1.1,0.0,1.6,1.7,0.33,4.0,7.0,0.0,1.0,0.0,0.0,,,,
28,Group stage,2026-06-26 00:00:00,New Zealand,Belgium,0.9983973503112793,2.4882962703704834,0,1,-196.20811679766462,1.1,1.8,3.6,1.1,0.0,1.1,3.6,0.33,3.0,15.0,0.0,1.0,0.0,0.0,,,,
28,Group stage,2026-06-26 00:00:00,Norway,France,1.1000200510025024,1.9595184326171875,1,2,-154.42112629418557,3.0,0.7,2.6,0.6,0.0,3.0,2.6,0.33,4.0,17.0,0.0,1.0,0.0,0.0,,,,
28,Group stage,2026-06-26 00:00:00,Senegal,Iraq,1.695407748222351,0.7855678200721741,3,0,166.81880837068388,1.5,0.9,0.9,1.2,0.0,1.5,0.9,0.33,4.0,2.0,0.0,1.0,0.0,0.0,,,,
28,Group stage,2026-06-26 00:00:00,Uruguay,Spain,0.7252330780029297,1.9948184490203857,0,3,-293.29478984297316,1.1,0.8,3.1,0.3,0.0,1.1,3.1,0.33,15.0,17.0,0.0,1.0,0.0,0.0,,,,
28,Group stage,2026-06-27 00:00:00,Algeria,Austria,1.4485318660736084,0.9070143699645996,1,1,123.49612433771154,2.1,0.6,2.2,0.7,0.0,2.1,2.2,0.33,5.0,8.0,0.0,1.0,0.0,0.0,,,,
28,Group stage,2026-06-27 00:00:00,Colombia,Portugal,1.246948003768921,1.5719670057296753,3,4,-64.80922652025788,2.4,1.3,2.8,0.7,0.0,2.4,2.8,0.33,7.0,9.0,0.0,1.0,0.0,0.0,,,,
28,Group stage,2026-06-27 00:00:00,Croatia,Ghana,2.052663803100586,0.6762815117835999,2,0,318.73712224061774,1.9,1.0,1.2,1.4,0.0,1.9,1.2,0.33,7.0,5.0,0.0,1.0,0.0,0.0,,,,
28,Group stage,2026-06-27 00:00:00,DR Congo,Uzbekistan,0.9820905923843384,1.3490666151046753,1,2,-71.13970957121319,1.2,1.0,1.5,0.8,0.0,1.2,1.5,0.33,2.0,1.0,0.0,1.0,0.0,0.0,,,,
28,Group stage,2026-06-27 00:00:00,Jordan,Argentina,0.5323299765586853,2.69496488571167,0,4,-350.3691314061523,1.8,1.2,2.3,0.5,0.0,1.8,2.3,0.33,1.0,19.0,0.0,1.0,0.0,0.0,,,,
28,Group stage,2026-06-27 00:00:00,Panama,England,0.8029704093933105,1.9749692678451538,1,1,-195.34823701857385,1.5,0.9,2.3,0.4,0.0,1.5,2.3,0.33,2.0,17.0,0.0,1.0,0.0,0.0,,,,
28,Round of 32,2026-06-28 19:00:00,Czech Republic,Canada,0.9814849495887756,1.3025317192077637,2,1,-84.43618542391937,1.7,1.2,0.8,0.5,0.0,1.7,0.8,0.33,2.0,3.0,0.0,1.0,0.0,0.0,73.0,Czech Republic,Canada,False
28,Round of 32,2026-06-29 17:00:00,Brazil,Japan,1.4956088066101074,1.1164271831512451,2,2,90.38197118144922,2.0,1.0,2.0,0.9,1.0,2.0,3.0,0.0,23.0,8.0,0.0,1.0,0.0,0.0,74.0,Japan,Brazil,True
28,Round of 32,2026-06-29 20:30:00,Ecuador,Haiti,2.000190258026123,0.5931307077407837,3,2,330.7850018625727,1.3,0.5,1.2,1.2,0.0,1.3,1.2,0.33,5.0,2.0,0.0,1.0,0.0,0.0,75.0,Ecuador,Haiti,False
28,Round of 32,2026-06-30 01:00:00,Netherlands,Morocco,1.6131312847137451,1.025926947593689,2,0,65.42000039300387,2.5,0.8,1.7,0.5,0.0,2.5,1.7,0.33,12.0,7.0,0.0,1.0,0.0,0.0,76.0,Netherlands,Morocco,False
28,Round of 32,2026-06-30 17:00:00,Germany,Norway,1.4679063558578491,1.2451244592666626,2,4,-2.9000509363638685,2.5,0.6,3.0,0.9,0.0,2.5,3.0,0.33,21.0,4.0,0.0,1.0,0.0,0.0,77.0,Norway,Germany,False
28,Round of 32,2026-06-30 21:00:00,France,Tunisia,2.1988489627838135,0.7373164892196655,4,1,430.15702432732064,2.6,0.7,1.5,1.2,1.0,0.0,1.0,0.0,17.0,7.0,0.0,1.0,0.0,0.0,78.0,France,Tunisia,False
28,Round of 32,2026-07-01 01:00:00,Mexico,Uruguay,1.0649943351745605,1.0919452905654907,1,4,37.033206529016525,1.1,0.3,0.8,1.1,2.0,0.0,2.0,0.0,18.0,15.0,0.0,1.0,0.0,0.0,79.0,Uruguay,Mexico,False
28,Round of 32,2026-07-01 16:00:00,Panama,Senegal,1.0530357360839844,1.2273095846176147,1,2,-24.97596739009964,1.5,1.0,1.7,0.8,0.0,1.5,1.7,0.33,2.0,4.0,0.0,1.0,0.0,0.0,80.0,Senegal,Panama,False
28,Round of 32,2026-07-01 20:00:00,Belgium,South Africa,2.2006239891052246,0.8438485860824585,0,1,238.7872602228524,3.1,1.1,1.5,1.5,0.0,3.1,1.5,0.33,15.0,4.0,0.0,1.0,0.0,0.0,81.0,South Africa,Belgium,False
28,Round of 32,2026-07-02 00:00:00,Turkey,Qatar,2.625443935394287,0.49728769063949585,6,1,444.4386909965592,2.2,1.1,0.6,1.4,0.0,2.2,0.6,0.33,3.0,2.0,0.0,1.0,0.0,0.0,82.0,Turkey,Qatar,False
28,Round of 32,2026-07-02 19:00:00,Uzbekistan,England,0.7669975161552429,2.0187718868255615,1,0,-194.8722146396401,1.4,0.9,2.2,0.5,0.0,1.4,2.2,0.33,1.0,17.0,0.0,1.0,0.0,0.0,83.0,Uzbekistan,England,False
28,Round of 32,2026-07-02 23:00:00,Spain,Argentina,1.5787808895111084,1.1321582794189453,2,1,93.54217710535295,3.1,0.3,2.6,0.4,0.0,3.1,2.6,0.33,17.0,19.0,0.0,1.0,0.0,0.0,84.0,Spain,Argentina,False
28,Round of 32,2026-07-03 03:00:00,Switzerland,Ivory Coast,1.706162929534912,0.7928797006607056,2,0,184.52213361130998,1.6,0.7,1.7,1.2,0.0,1.6,1.7,0.33,13.0,4.0,0.0,1.0,0.0,0.0,85.0,Switzerland,Ivory Coast,False
28,Round of 32,2026-07-03 18:00:00,Australia,Egypt,1.487453818321228,0.9091399908065796,1,0,105.32501743106081,1.5,1.1,1.7,1.0,0.0,1.5,1.7,0.33,7.0,4.0,0.0,1.0,0.0,0.0,86.0,Australia,Egypt,False
28,Round of 32,2026-07-03 22:00:00,Algeria,Saudi Arabia,1.7113722562789917,0.891990602016449,3,0,179.76802865942568,2.1,0.6,1.1,1.6,1.0,2.0,0.0,1.0,5.0,7.0,0.0,1.0,0.0,0.0,87.0,Algeria,Saudi Arabia,False
28,Round of 32,2026-07-04 01:30:00,Portugal,Croatia,1.4549578428268433,1.0218591690063477,0,6,136.14260117275035,2.7,1.0,2.0,1.0,3.0,1.3333333333333333,1.3333333333333333,0.3333333333333333,9.0,7.0,0.0,1.0,0.0,0.0,88.0,Croatia,Portugal,False
28,Round of 16,2026-07-04 17:00:00,Czech Republic,Ecuador,0.772788405418396,1.8347705602645874,3,1,-224.5491728374759,1.8,1.2,1.5,0.7,0.0,1.8,1.5,0.33,2.0,5.0,0.0,1.0,0.0,0.0,89.0,Czech Republic,Ecuador,False
28,Round of 16,2026-07-04 21:00:00,Japan,Norway,1.5110431909561157,1.303033709526062,2,0,11.915795478946393,2.2,0.9,2.3,1.0,0.0,2.2,2.3,0.33,8.0,4.0,0.0,1.0,0.0,0.0,90.0,Japan,Norway,False
28,Round of 16,2026-07-05 20:00:00,Netherlands,France,1.0033729076385498,1.3175503015518188,1,1,-91.9174947837073,2.4,0.6,2.8,0.7,3.0,0.3333333333333333,2.0,0.0,12.0,17.0,0.0,1.0,0.0,0.0,91.0,France,Netherlands,True
28,Round of 16,2026-07-06 00:00:00,Uruguay,Senegal,1.3362680673599243,1.0547605752944946,3,1,34.61235426110943,1.2,1.2,1.6,0.9,0.0,1.2,1.6,0.33,15.0,4.0,0.0,1.0,0.0,0.0,92.0,Uruguay,Senegal,False
28,Round of 16,2026-07-06 19:00:00,Uzbekistan,Spain,0.5116210579872131,2.5512020587921143,0,5,-362.3706414824137,1.3,0.9,2.7,0.4,0.0,1.3,2.7,0.33,1.0,17.0,0.0,1.0,0.0,0.0,93.0,Spain,Uzbekistan,False
28,Round of 16,2026-07-07 00:00:00,South Africa,Turkey,0.7152227759361267,2.0350489616394043,1,6,-304.224570180382,1.3,1.4,2.8,0.6,0.0,1.3,2.8,0.33,4.0,3.0,0.0,1.0,0.0,0.0,94.0,Turkey,South Africa,False
28,Round of 16,2026-07-07 16:00:00,Australia,Croatia,1.0874863862991333,1.447066068649292,0,3,-87.25868610352995,1.3,1.0,2.2,1.0,0.0,1.3,2.2,0.33,7.0,7.0,0.0,1.0,0.0,0.0,95.0,Croatia,Australia,False
28,Round of 16,2026-07-07 20:00:00,Switzerland,Algeria,1.2485768795013428,1.0578930377960205,1,1,17.21450345568087,1.5,0.7,2.1,0.6,0.0,1.5,2.1,0.33,13.0,5.0,0.0,1.0,0.0,0.0,96.0,Switzerland,Algeria,True
28,Quarter-final,2026-07-09 20:00:00,Czech Republic,Japan,0.9735687971115112,1.8969507217407227,0,1,-193.08819084589845,2.1,1.3,2.2,0.7,0.0,2.1,2.2,0.33,2.0,8.0,0.0,1.0,0.0,0.0,97.0,Japan,Czech Republic,False
28,Quarter-final,2026-07-10 19:00:00,Spain,Turkey,2.0281686782836914,0.7955344915390015,2,2,212.84771882900964,3.0,0.4,2.8,0.6,2.0,4.0,1.0,0.5,17.0,3.0,0.0,1.0,0.0,0.0,98.0,Turkey,Spain,True
28,Quarter-final,2026-07-11 21:00:00,France,Uruguay,2.0165367126464844,1.08793306350708,4,1,186.2473594169378,2.6,0.8,1.4,1.3,0.0,2.6,1.4,0.33,17.0,15.0,0.0,1.0,0.0,0.0,99.0,France,Uruguay,False
28,Quarter-final,2026-07-12 01:00:00,Croatia,Switzerland,1.4611080884933472,1.1057888269424438,1,1,87.3249362834315,2.5,1.0,1.4,0.8,0.0,2.5,1.4,0.33,7.0,13.0,0.0,1.0,0.0,0.0,100.0,Switzerland,Croatia,True
28,Semi-final,2026-07-14 19:00:00,Japan,Turkey,1.3247721195220947,1.1515495777130127,0,1,-15.013444296506123,2.0,0.5,2.6,0.7,1.0,4.0,2.0,1.0,8.0,3.0,0.0,1.0,0.0,0.0,101.0,Turkey,Japan,False
28,Semi-final,2026-07-15 19:00:00,France,Switzerland,1.9300540685653687,0.9082295894622803,2,0,190.95200541329996,2.8,0.7,1.5,0.9,0.0,2.8,1.5,0.33,17.0,13.0,0.0,1.0,0.0,0.0,102.0,France,Switzerland,False
28,Third-place playoff,2026-07-18 21:00:00,Japan,Switzerland,1.3422960042953491,1.0210366249084473,1,1,53.04888771339415,1.8,0.6,1.1,1.0,0.0,1.8,1.1,0.33,8.0,13.0,0.0,1.0,0.0,0.0,103.0,Switzerland,Japan,True
28,Final,2026-07-19 19:00:00,Turkey,France,1.1107217073440552,1.8058381080627441,1,2,-110.4606850577834,2.5,0.7,2.6,0.7,0.0,2.5,2.6,0.33,3.0,17.0,0.0,1.0,0.0,0.0,104.0,France,Turkey,False
29,Group stage,2026-06-11 00:00:00,Mexico,South Africa,2.1329286098480225,0.6023440957069397,2,0,297.64561459530705,1.1,1.0,1.5,1.1,0.0,1.1,1.5,0.33,17.0,3.0,1.0,0.0,0.0,0.0,,,,
29,Group stage,2026-06-11 00:00:00,South Korea,Czech Republic,1.656619668006897,0.9059049487113953,5,0,98.40437375226111,1.5,1.2,1.8,1.2,0.0,1.5,1.8,0.33,11.0,1.0,0.0,1.0,0.0,0.0,,,,
29,Group stage,2026-06-12 00:00:00,Canada,Bosnia and Herzegovina,2.178720712661743,0.6230993866920471,4,0,252.19701310772894,1.1,0.4,2.1,1.1,0.0,1.1,2.1,0.33,2.0,1.0,1.0,0.0,0.0,0.0,,,,
29,Group stage,2026-06-12 00:00:00,United States,Paraguay,1.3273921012878418,1.1478886604309082,0,1,-90.4406608260008,1.7,1.6,1.0,1.0,1.0,2.0,1.0,1.0,11.0,8.0,1.0,0.0,0.0,0.0,,,,
29,Group stage,2026-06-13 00:00:00,Australia,Turkey,1.306311845779419,1.4813357591629028,1,1,-47.69773714089274,1.5,0.9,2.1,1.4,0.0,1.5,2.1,0.33,6.0,2.0,0.0,1.0,0.0,0.0,,,,
29,Group stage,2026-06-13 00:00:00,Brazil,Morocco,1.3794176578521729,1.0310763120651245,1,2,71.7854817950124,1.8,0.8,1.8,0.5,1.0,1.0,2.0,0.0,22.0,6.0,0.0,1.0,0.0,0.0,,,,
29,Group stage,2026-06-13 00:00:00,Haiti,Scotland,0.8986091017723083,1.6037302017211914,2,5,-128.96035980586862,1.2,1.1,1.8,1.2,0.0,1.2,1.8,0.33,1.0,8.0,0.0,1.0,0.0,0.0,,,,
29,Group stage,2026-06-13 00:00:00,Qatar,Switzerland,0.5497463941574097,2.393497943878174,2,2,-360.84472108477416,0.9,1.9,2.5,0.8,0.0,0.9,2.5,0.33,1.0,12.0,0.0,1.0,0.0,0.0,,,,
29,Group stage,2026-06-14 00:00:00,Germany,Curaçao,2.8003809452056885,0.6807331442832947,6,1,361.1352259778141,2.3,1.1,1.6,1.3,0.0,2.3,1.6,0.33,20.0,0.0,0.0,1.0,0.0,0.0,,,,
29,Group stage,2026-06-14 00:00:00,Ivory Coast,Ecuador,0.7578378915786743,1.6096333265304565,0,1,-219.15155902699053,2.0,0.7,0.7,0.4,0.0,2.0,0.7,0.33,3.0,4.0,0.0,1.0,0.0,0.0,,,,
29,Group stage,2026-06-14 00:00:00,Netherlands,Japan,1.4094085693359375,1.0377333164215088,2,3,19.05367466640928,3.0,0.6,1.8,0.7,0.0,3.0,1.8,0.33,11.0,7.0,0.0,1.0,0.0,0.0,,,,
29,Group stage,2026-06-14 00:00:00,Sweden,Tunisia,1.4389334917068481,1.2469319105148315,3,1,22.565366858667858,1.6,1.8,1.4,1.0,0.0,1.6,1.4,0.33,13.0,6.0,0.0,1.0,0.0,0.0,,,,
29,Group stage,2026-06-15 00:00:00,Belgium,Egypt,1.4515180587768555,0.9129274487495422,4,1,99.79242592327387,3.5,1.0,1.3,0.8,1.0,1.0,2.0,0.0,14.0,3.0,0.0,1.0,0.0,0.0,,,,
29,Group stage,2026-06-15 00:00:00,Iran,New Zealand,1.6201878786087036,0.738328218460083,1,1,142.34033556219924,1.6,0.7,0.9,1.5,0.0,1.6,0.9,0.33,6.0,2.0,0.0,1.0,0.0,0.0,,,,
29,Group stage,2026-06-15 00:00:00,Saudi Arabia,Uruguay,0.7248218059539795,1.7654508352279663,0,0,-283.38107610897714,0.9,1.3,1.0,0.9,0.0,0.9,1.0,0.33,6.0,14.0,0.0,1.0,0.0,0.0,,,,
29,Group stage,2026-06-15 00:00:00,Spain,Cape Verde,3.966179609298706,0.5665221810340881,5,0,563.2850614519855,3.1,0.8,1.7,1.0,0.0,3.1,1.7,0.33,16.0,0.0,0.0,1.0,0.0,0.0,,,,
29,Group stage,2026-06-16 00:00:00,Argentina,Algeria,2.156207323074341,0.7074368596076965,3,3,323.48300707879844,2.5,0.4,2.3,0.5,0.0,2.5,2.3,0.33,18.0,4.0,0.0,1.0,0.0,0.0,,,,
29,Group stage,2026-06-16 00:00:00,Austria,Jordan,2.314819097518921,0.9839795827865601,2,2,80.9944962008201,2.8,0.5,2.0,1.5,0.0,2.8,2.0,0.33,7.0,0.0,0.0,1.0,0.0,0.0,,,,
29,Group stage,2026-06-16 00:00:00,France,Senegal,2.243558645248413,0.8569515347480774,4,2,209.2497238875883,2.7,1.1,2.5,0.6,0.0,2.7,2.5,0.33,16.0,3.0,0.0,1.0,0.0,0.0,,,,
29,Group stage,2026-06-16 00:00:00,Iraq,Norway,0.7500935196876526,1.7158862352371216,0,2,-223.33641759859006,1.1,0.7,3.1,0.6,0.0,1.1,3.1,0.33,1.0,3.0,0.0,1.0,0.0,0.0,,,,
29,Group stage,2026-06-17 00:00:00,England,Croatia,1.630310297012329,1.0758646726608276,1,0,94.46756707201507,2.2,0.5,2.9,0.8,0.0,2.2,2.9,0.33,16.0,6.0,0.0,1.0,0.0,0.0,,,,
29,Group stage,2026-06-17 00:00:00,Ghana,Panama,0.8218146562576294,1.872027039527893,2,0,-237.5714618522527,1.5,1.3,1.3,0.8,0.0,1.5,1.3,0.33,4.0,1.0,0.0,1.0,0.0,0.0,,,,
29,Group stage,2026-06-17 00:00:00,Portugal,DR Congo,2.063178300857544,0.639021098613739,2,1,275.4864091486654,2.6,1.0,1.2,0.3,0.0,2.6,1.2,0.33,8.0,1.0,0.0,1.0,0.0,0.0,,,,
29,Group stage,2026-06-17 00:00:00,Uzbekistan,Colombia,0.7373384833335876,1.79137122631073,1,2,-213.1223064060914,1.5,0.7,2.1,1.0,0.0,1.5,2.1,0.33,0.0,6.0,0.0,1.0,0.0,0.0,,,,
29,Group stage,2026-06-18 00:00:00,Canada,Qatar,2.243680953979492,0.49737560749053955,3,0,305.3204726033705,1.3,0.4,1.1,1.8,1.0,2.0,0.0,1.0,3.0,2.0,1.0,0.0,0.0,0.0,,,,
29,Group stage,2026-06-18 00:00:00,Czech Republic,South Africa,1.4989174604415894,1.1678615808486938,3,0,82.43074566793985,1.6,1.7,1.4,1.2,0.0,1.6,1.4,0.33,2.0,4.0,0.0,1.0,0.0,0.0,,,,
29,Group stage,2026-06-18 00:00:00,Mexico,South Korea,1.4928110837936401,0.9575846791267395,0,0,46.483953007089895,1.1,0.8,1.8,1.2,1.0,2.0,2.0,0.0,18.0,12.0,1.0,0.0,0.0,0.0,,,,
29,Group stage,2026-06-18 00:00:00,Switzerland,Bosnia and Herzegovina,2.4863810539245605,0.7706630229949951,2,1,287.26120070658635,2.3,0.8,2.0,1.5,0.0,2.3,2.0,0.33,13.0,2.0,0.0,1.0,0.0,0.0,,,,
29,Group stage,2026-06-19 00:00:00,Brazil,Haiti,2.463782787322998,0.6803331971168518,1,0,356.84650576807576,1.9,1.0,1.3,1.5,0.0,1.9,1.3,0.33,23.0,2.0,0.0,1.0,0.0,0.0,,,,
29,Group stage,2026-06-19 00:00:00,Scotland,Morocco,0.9644238352775574,1.6798075437545776,1,1,-160.60138373024665,2.2,1.1,1.7,0.4,0.0,2.2,1.7,0.33,9.0,7.0,0.0,1.0,0.0,0.0,,,,
29,Group stage,2026-06-19 00:00:00,Turkey,Paraguay,1.2371101379394531,1.271652102470398,2,1,8.411748919090314,2.0,1.4,0.9,1.0,0.0,2.0,0.9,0.33,3.0,9.0,0.0,1.0,0.0,0.0,,,,
29,Group stage,2026-06-19 00:00:00,United States,Australia,1.28974449634552,1.236928939819336,3,0,-120.99084129438143,1.5,1.6,1.5,1.0,1.0,2.0,1.0,1.0,12.0,7.0,1.0,0.0,0.0,0.0,,,,
29,Group stage,2026-06-20 00:00:00,Ecuador,Curaçao,2.7071146965026855,0.5931335687637329,8,1,423.6367773473819,0.8,0.4,1.6,1.8,0.0,0.8,1.6,0.33,5.0,1.0,0.0,1.0,0.0,0.0,,,,
29,Group stage,2026-06-20 00:00:00,Germany,Ivory Coast,2.089357852935791,0.8151251077651978,2,1,209.81554149781573,2.8,1.0,1.7,0.8,0.0,2.8,1.7,0.33,21.0,4.0,0.0,1.0,0.0,0.0,,,,
29,Group stage,2026-06-20 00:00:00,Netherlands,Sweden,2.2314341068267822,1.1425126791000366,1,2,165.7356942670981,3.0,0.9,1.7,1.9,0.0,3.0,1.7,0.33,12.0,14.0,0.0,1.0,0.0,0.0,,,,
29,Group stage,2026-06-20 00:00:00,Tunisia,Japan,0.7252978682518005,1.940359354019165,0,1,-316.69739884130877,1.4,1.2,2.1,0.8,0.0,1.4,2.1,0.33,7.0,8.0,0.0,1.0,0.0,0.0,,,,
29,Group stage,2026-06-21 00:00:00,Belgium,Iran,1.7045422792434692,1.0737887620925903,1,2,70.64517145745549,3.8,1.0,1.5,0.8,0.0,3.8,1.5,0.33,15.0,7.0,0.0,1.0,0.0,0.0,,,,
29,Group stage,2026-06-21 00:00:00,New Zealand,Egypt,1.100978970527649,1.2130824327468872,2,0,-14.256427010728203,0.9,1.6,1.4,0.9,1.0,0.0,1.0,0.0,3.0,4.0,0.0,1.0,0.0,0.0,,,,
29,Group stage,2026-06-21 00:00:00,Spain,Saudi Arabia,3.0835156440734863,0.47197920083999634,1,0,519.8965693996911,3.1,0.4,0.9,1.3,0.0,3.1,0.9,0.33,17.0,7.0,0.0,1.0,0.0,0.0,,,,
29,Group stage,2026-06-21 00:00:00,Uruguay,Cape Verde,2.2098798751831055,0.6680355668067932,3,1,295.4314028645342,1.0,0.7,1.4,1.5,0.0,1.0,1.4,0.33,15.0,1.0,0.0,1.0,0.0,0.0,,,,
29,Group stage,2026-06-22 00:00:00,Argentina,Austria,2.281663179397583,0.7849380970001221,3,0,294.6248118539934,2.4,0.6,2.8,0.6,0.0,2.4,2.8,0.33,19.0,8.0,0.0,1.0,0.0,0.0,,,,
29,Group stage,2026-06-22 00:00:00,France,Iraq,2.757467269897461,0.4820883274078369,4,0,432.13895415364686,2.7,0.8,1.0,0.9,0.0,2.7,1.0,0.33,17.0,2.0,0.0,1.0,0.0,0.0,,,,
29,Group stage,2026-06-22 00:00:00,Jordan,Algeria,1.002286434173584,1.6269469261169434,2,3,-82.26227180674437,2.0,1.4,2.1,0.7,0.0,2.0,2.1,0.33,1.0,5.0,0.0,1.0,0.0,0.0,,,,
29,Group stage,2026-06-22 00:00:00,Norway,Senegal,1.7689605951309204,1.0004210472106934,2,0,80.95446427771276,3.0,0.6,1.9,1.0,0.0,3.0,1.9,0.33,4.0,4.0,0.0,1.0,0.0,0.0,,,,
29,Group stage,2026-06-23 00:00:00,Colombia,DR Congo,2.0774316787719727,0.6625948548316956,2,1,305.2761641797906,2.3,1.1,1.2,0.5,0.0,2.3,1.2,0.33,7.0,2.0,0.0,1.0,0.0,0.0,,,,
29,Group stage,2026-06-23 00:00:00,England,Ghana,2.4918806552886963,0.7363009452819824,0,0,407.72361999173404,2.2,0.5,1.6,1.1,0.0,2.2,1.6,0.33,17.0,5.0,0.0,1.0,0.0,0.0,,,,
29,Group stage,2026-06-23 00:00:00,Panama,Croatia,0.9011737704277039,1.7180335521697998,0,2,-175.06582301982075,1.3,1.0,2.2,0.9,0.0,1.3,2.2,0.33,2.0,7.0,0.0,1.0,0.0,0.0,,,,
29,Group stage,2026-06-23 00:00:00,Portugal,Uzbekistan,2.130521059036255,0.786345362663269,2,0,230.93756031782618,2.6,1.0,1.4,0.7,0.0,2.6,1.4,0.33,9.0,1.0,0.0,1.0,0.0,0.0,,,,
29,Group stage,2026-06-24 00:00:00,Bosnia and Herzegovina,Qatar,1.7021957635879517,1.2733782529830933,1,1,26.58925117211561,2.0,1.5,0.9,1.9,0.0,2.0,0.9,0.33,2.0,2.0,0.0,1.0,0.0,0.0,,,,
29,Group stage,2026-06-24 00:00:00,Canada,Switzerland,1.1988714933395386,0.9555137753486633,3,2,-9.238620234110613,1.5,0.3,2.1,0.9,0.0,1.5,2.1,0.33,3.0,13.0,1.0,0.0,0.0,0.0,,,,
29,Group stage,2026-06-24 00:00:00,Mexico,Czech Republic,1.8702235221862793,0.6819091439247131,2,1,179.55985099838495,1.1,0.4,1.8,1.2,0.0,1.1,1.8,0.33,18.0,2.0,1.0,0.0,0.0,0.0,,,,
29,Group stage,2026-06-24 00:00:00,Morocco,Haiti,2.1325221061706543,0.5923404097557068,1,0,351.14493442171033,1.6,0.5,1.2,1.4,0.0,1.6,1.2,0.33,7.0,2.0,0.0,1.0,0.0,0.0,,,,
29,Group stage,2026-06-24 00:00:00,Scotland,Brazil,1.0249942541122437,1.9761773347854614,2,6,-154.02384154715241,1.9,1.2,1.9,1.0,0.0,1.9,1.9,0.33,9.0,23.0,0.0,1.0,0.0,0.0,,,,
29,Group stage,2026-06-24 00:00:00,South Africa,South Korea,0.7475638389587402,2.043302059173584,1,1,-319.9494218402099,1.4,1.5,1.4,1.2,0.0,1.4,1.4,0.33,4.0,12.0,0.0,1.0,0.0,0.0,,,,
29,Group stage,2026-06-25 00:00:00,Curaçao,Ivory Coast,0.9496251940727234,2.0861001014709473,0,4,-175.0314194012899,1.6,2.4,1.8,0.9,0.0,1.6,1.8,0.33,1.0,4.0,0.0,1.0,0.0,0.0,,,,
29,Group stage,2026-06-25 00:00:00,Ecuador,Germany,1.2089526653289795,1.3470096588134766,1,0,32.85244704611159,1.6,0.5,3.0,0.9,0.0,1.6,3.0,0.33,5.0,21.0,0.0,1.0,0.0,0.0,,,,
29,Group stage,2026-06-25 00:00:00,Japan,Sweden,1.757805585861206,1.0500141382217407,2,0,174.9974748269551,1.6,0.8,1.5,1.7,0.0,1.6,1.5,0.33,8.0,14.0,0.0,1.0,0.0,0.0,,,,
29,Group stage,2026-06-25 00:00:00,Paraguay,Australia,1.3975276947021484,1.0666810274124146,0,1,57.494441875521034,1.0,1.1,1.3,1.2,0.0,1.0,1.3,0.33,9.0,7.0,0.0,1.0,0.0,0.0,,,,
29,Group stage,2026-06-25 00:00:00,Tunisia,Netherlands,0.9164375066757202,1.8797436952590942,1,2,-237.49221212670182,1.4,1.2,2.3,1.1,0.0,1.4,2.3,0.33,7.0,12.0,0.0,1.0,0.0,0.0,,,,
29,Group stage,2026-06-25 00:00:00,United States,Turkey,1.4123159646987915,1.3582735061645508,0,0,-134.1086332903085,1.7,1.4,2.2,1.4,1.0,1.0,2.0,0.0,12.0,3.0,1.0,0.0,0.0,0.0,,,,
29,Group stage,2026-06-26 00:00:00,Cape Verde,Saudi Arabia,1.106086015701294,1.6367840766906738,1,2,-63.44072150191073,1.4,1.7,0.8,1.4,0.0,1.4,0.8,0.33,1.0,7.0,0.0,1.0,0.0,0.0,,,,
29,Group stage,2026-06-26 00:00:00,Egypt,Iran,0.845445454120636,1.6358927488327026,2,2,-187.654180975808,1.2,1.0,1.5,0.7,0.0,1.2,1.5,0.33,4.0,7.0,0.0,1.0,0.0,0.0,,,,
29,Group stage,2026-06-26 00:00:00,New Zealand,Belgium,1.0629290342330933,1.769250750541687,1,0,-106.83026406192926,1.0,1.4,3.5,0.9,0.0,1.0,3.5,0.33,3.0,15.0,0.0,1.0,0.0,0.0,,,,
29,Group stage,2026-06-26 00:00:00,Norway,France,1.1894595623016357,1.8056589365005493,1,3,-143.7476118222819,3.1,0.6,2.9,0.8,0.0,3.1,2.9,0.33,4.0,17.0,0.0,1.0,0.0,0.0,,,,
29,Group stage,2026-06-26 00:00:00,Senegal,Iraq,1.6697595119476318,0.8051815629005432,2,0,155.30078808152825,1.6,1.2,0.9,1.3,0.0,1.6,0.9,0.33,4.0,2.0,0.0,1.0,0.0,0.0,,,,
29,Group stage,2026-06-26 00:00:00,Uruguay,Spain,0.8403133153915405,1.9072932004928589,1,1,-265.84763410098003,1.1,0.8,3.0,0.2,0.0,1.1,3.0,0.33,15.0,17.0,0.0,1.0,0.0,0.0,,,,
29,Group stage,2026-06-27 00:00:00,Algeria,Austria,1.4647777080535889,1.2282744646072388,0,1,54.307593283569986,2.2,0.9,2.4,0.9,0.0,2.2,2.4,0.33,5.0,8.0,0.0,1.0,0.0,0.0,,,,
29,Group stage,2026-06-27 00:00:00,Colombia,Portugal,1.3543708324432373,1.3624550104141235,1,2,-0.6127347349383854,2.4,1.1,2.6,0.8,0.0,2.4,2.6,0.33,7.0,9.0,0.0,1.0,0.0,0.0,,,,
29,Group stage,2026-06-27 00:00:00,Croatia,Ghana,1.855475664138794,0.7016812562942505,1,1,268.4852549410391,1.9,0.8,1.2,1.1,0.0,1.9,1.2,0.33,7.0,5.0,0.0,1.0,0.0,0.0,,,,
29,Group stage,2026-06-27 00:00:00,DR Congo,Uzbekistan,1.0111104249954224,1.2241902351379395,1,1,-54.93958725928064,1.2,0.7,1.4,0.9,0.0,1.2,1.4,0.33,2.0,1.0,0.0,1.0,0.0,0.0,,,,
29,Group stage,2026-06-27 00:00:00,Jordan,Argentina,0.5263640284538269,3.5177369117736816,0,8,-401.18060035201074,2.0,1.4,2.6,0.6,0.0,2.0,2.6,0.33,1.0,19.0,0.0,1.0,0.0,0.0,,,,
29,Group stage,2026-06-27 00:00:00,Panama,England,0.5857313871383667,2.0967235565185547,1,1,-312.91561802110505,1.2,1.1,2.1,0.2,0.0,1.2,2.1,0.33,2.0,17.0,0.0,1.0,0.0,0.0,,,,
29,Round of 32,2026-06-28 19:00:00,South Korea,Switzerland,1.2928717136383057,1.3183528184890747,2,0,7.806734890758662,1.3,1.3,1.9,1.2,0.0,1.3,1.9,0.33,12.0,13.0,0.0,1.0,0.0,0.0,73.0,South Korea,Switzerland,False
29,Round of 32,2026-06-29 17:00:00,Morocco,Sweden,1.7232760190963745,1.0012520551681519,2,0,180.07417993942,1.6,0.4,1.3,1.7,0.0,1.6,1.3,0.33,7.0,14.0,0.0,1.0,0.0,0.0,74.0,Morocco,Sweden,False
29,Round of 32,2026-06-29 20:30:00,Ecuador,Australia,1.5529215335845947,0.8292353749275208,0,0,176.57195308949372,1.7,0.5,1.3,1.2,2.0,1.5,2.0,0.5,5.0,7.0,0.0,1.0,0.0,0.0,75.0,Ecuador,Australia,True
29,Round of 32,2026-06-30 01:00:00,Japan,Brazil,1.3455148935317993,1.4818068742752075,3,3,-2.0741759333861864,1.8,0.8,2.2,1.2,1.0,3.0,2.0,1.0,8.0,23.0,0.0,1.0,0.0,0.0,76.0,Japan,Brazil,True
29,Round of 32,2026-06-30 17:00:00,Germany,Norway,1.5191946029663086,1.2454026937484741,2,1,-15.675009090295816,3.0,0.8,3.1,0.9,0.0,3.0,3.1,0.33,21.0,4.0,0.0,1.0,0.0,0.0,77.0,Germany,Norway,False
29,Round of 32,2026-06-30 21:00:00,France,Netherlands,2.0414135456085205,1.0207860469818115,0,4,246.25395537347845,3.0,0.9,2.4,1.1,3.0,2.0,0.3333333333333333,0.6666666666666666,17.0,12.0,0.0,1.0,0.0,0.0,78.0,Netherlands,France,False
29,Round of 32,2026-07-01 01:00:00,Mexico,Scotland,1.562997579574585,1.092510461807251,2,2,124.87174676696941,1.2,0.4,2.1,1.8,0.0,1.2,2.1,0.33,18.0,9.0,0.0,1.0,0.0,0.0,79.0,Scotland,Mexico,True
29,Round of 32,2026-07-01 16:00:00,Ghana,Ivory Coast,1.048309564590454,1.4100667238235474,2,2,-62.45868892139356,1.2,1.1,2.0,0.9,0.0,1.2,2.0,0.33,5.0,4.0,0.0,1.0,0.0,0.0,80.0,Ivory Coast,Ghana,True
29,Round of 32,2026-07-01 20:00:00,New Zealand,Saudi Arabia,1.404390811920166,0.8635967373847961,5,1,111.00516630176912,1.1,1.3,1.0,1.3,0.0,1.1,1.0,0.33,3.0,7.0,0.0,1.0,0.0,0.0,81.0,New Zealand,Saudi Arabia,False
29,Round of 32,2026-07-02 00:00:00,Turkey,Algeria,1.401339054107666,0.9720008969306946,0,0,109.58839787451666,1.9,1.2,2.1,0.9,0.0,1.9,2.1,0.33,3.0,5.0,0.0,1.0,0.0,0.0,82.0,Algeria,Turkey,True
29,Round of 32,2026-07-02 19:00:00,Colombia,England,1.1563055515289307,1.5621938705444336,0,1,-11.563812465227556,2.2,1.3,2.0,0.3,0.0,2.2,2.0,0.33,7.0,17.0,0.0,1.0,0.0,0.0,83.0,England,Colombia,False
29,Round of 32,2026-07-02 23:00:00,Spain,Austria,2.293893337249756,0.7539162039756775,5,0,328.87391049201256,2.8,0.3,2.4,0.9,0.0,2.8,2.4,0.33,17.0,8.0,0.0,1.0,0.0,0.0,84.0,Spain,Austria,False
29,Round of 32,2026-07-03 03:00:00,Canada,Belgium,1.3356446027755737,1.163955569267273,0,0,66.49129390198163,1.5,0.5,2.9,1.0,1.0,0.0,1.0,0.0,3.0,15.0,0.0,1.0,0.0,0.0,85.0,Belgium,Canada,True
29,Round of 32,2026-07-03 18:00:00,United States,Iran,1.1323168277740479,1.3940576314926147,0,2,-46.28484012558852,1.7,1.2,1.7,0.8,1.0,1.0,0.0,1.0,12.0,7.0,0.0,1.0,0.0,0.0,86.0,Iran,United States,False
29,Round of 32,2026-07-03 22:00:00,Argentina,Uruguay,1.68302321434021,0.9251223206520081,7,1,203.72268722005333,3.3,0.5,0.9,0.9,2.0,0.5,1.0,0.5,19.0,15.0,0.0,1.0,0.0,0.0,87.0,Argentina,Uruguay,False
29,Round of 32,2026-07-04 01:30:00,Portugal,Croatia,1.3651316165924072,0.9931660890579224,0,0,136.6152351535618,2.3,0.9,1.9,0.9,3.0,1.3333333333333333,1.3333333333333333,0.3333333333333333,9.0,7.0,0.0,1.0,0.0,0.0,88.0,Portugal,Croatia,True
29,Round of 16,2026-07-04 17:00:00,South Korea,Ecuador,0.9625177383422852,1.4426984786987305,0,0,-130.55825296755688,1.3,1.1,1.6,0.5,0.0,1.3,1.6,0.33,12.0,5.0,0.0,1.0,0.0,0.0,89.0,Ecuador,South Korea,True
29,Round of 16,2026-07-04 21:00:00,Morocco,Germany,1.2071441411972046,1.320264458656311,3,1,24.841218442094032,1.5,0.4,2.9,0.8,0.0,1.5,2.9,0.33,7.0,21.0,0.0,1.0,0.0,0.0,90.0,Morocco,Germany,False
29,Round of 16,2026-07-05 20:00:00,Japan,Netherlands,1.3609873056411743,1.2471967935562134,1,4,47.404440642442296,2.1,0.9,2.5,0.9,1.0,3.0,2.0,1.0,8.0,12.0,0.0,1.0,0.0,0.0,91.0,Netherlands,Japan,False
29,Round of 16,2026-07-06 00:00:00,Scotland,Ivory Coast,1.5469948053359985,1.4127601385116577,1,3,53.940108901906115,2.1,2.0,2.1,1.1,1.0,0.0,1.0,0.0,9.0,4.0,0.0,1.0,0.0,0.0,92.0,Ivory Coast,Scotland,False
29,Round of 16,2026-07-06 19:00:00,England,Spain,0.905950665473938,1.3877977132797241,0,0,-143.58676147815345,1.6,0.3,2.7,0.3,1.0,1.0,2.0,0.0,17.0,17.0,0.0,1.0,0.0,0.0,93.0,Spain,England,True
29,Round of 16,2026-07-07 00:00:00,New Zealand,Algeria,1.0815538167953491,1.24881911277771,0,1,-27.142116414042448,1.5,1.1,1.8,0.9,0.0,1.5,1.8,0.33,3.0,5.0,0.0,1.0,0.0,0.0,94.0,Algeria,New Zealand,False
29,Round of 16,2026-07-07 16:00:00,Iran,Portugal,0.8922843337059021,1.6603537797927856,0,2,-188.0297998138169,1.6,0.8,2.0,0.7,0.0,1.6,2.0,0.33,7.0,9.0,0.0,1.0,0.0,0.0,95.0,Portugal,Iran,False
29,Round of 16,2026-07-07 20:00:00,Belgium,Argentina,0.9192373752593994,3.3406472206115723,1,4,-312.7606338732137,2.3,1.0,3.7,0.6,0.0,2.3,3.7,0.33,15.0,19.0,0.0,1.0,0.0,0.0,96.0,Argentina,Belgium,False
29,Quarter-final,2026-07-09 20:00:00,Ecuador,Morocco,1.1517246961593628,0.9680245518684387,4,0,24.38643735686469,1.5,0.4,1.7,0.5,1.0,1.0,1.0,0.0,5.0,7.0,0.0,1.0,0.0,0.0,97.0,Ecuador,Morocco,False
29,Quarter-final,2026-07-10 19:00:00,Spain,Algeria,2.0884668827056885,0.725967526435852,2,1,311.01609240005473,2.5,0.3,1.8,0.9,0.0,2.5,1.8,0.33,17.0,5.0,0.0,1.0,0.0,0.0,98.0,Spain,Algeria,False
29,Quarter-final,2026-07-11 21:00:00,Netherlands,Ivory Coast,2.3026394844055176,0.8650689721107483,6,1,221.66806849015597,2.5,1.0,2.3,1.1,0.0,2.5,2.3,0.33,12.0,4.0,0.0,1.0,0.0,0.0,99.0,Netherlands,Ivory Coast,False
29,Quarter-final,2026-07-12 01:00:00,Portugal,Argentina,1.1000943183898926,1.9452641010284424,1,1,-87.93550857487048,2.1,0.7,4.1,0.6,0.0,2.1,4.1,0.33,9.0,19.0,0.0,1.0,0.0,0.0,100.0,Portugal,Argentina,True
29,Semi-final,2026-07-14 19:00:00,Ecuador,Spain,0.9498611092567444,1.3704389333724976,1,2,-99.37719747213305,1.8,0.3,2.3,0.4,0.0,1.8,2.3,0.33,5.0,17.0,0.0,1.0,0.0,0.0,101.0,Spain,Ecuador,False
29,Semi-final,2026-07-15 19:00:00,Netherlands,Portugal,1.2309777736663818,1.4675029516220093,0,5,-58.265490961607384,2.7,1.1,2.0,0.6,0.0,2.7,2.0,0.33,12.0,9.0,0.0,1.0,0.0,0.0,102.0,Portugal,Netherlands,False
29,Third-place playoff,2026-07-18 21:00:00,Ecuador,Netherlands,1.4314836263656616,1.1793007850646973,3,0,58.77750572813875,1.9,0.5,2.6,1.5,2.0,1.0,1.0,0.0,5.0,12.0,0.0,1.0,0.0,0.0,103.0,Ecuador,Netherlands,False
29,Final,2026-07-19 19:00:00,Spain,Portugal,1.2676595449447632,1.1221970319747925,0,2,43.11820579718619,2.1,0.5,2.5,0.4,2.0,1.5,1.0,0.5,17.0,9.0,0.0,1.0,0.0,0.0,104.0,Portugal,Spain,False
30,Group stage,2026-06-11 00:00:00,Mexico,South Africa,2.1329286098480225,0.6023440957069397,3,2,297.64561459530705,1.1,1.0,1.5,1.1,0.0,1.1,1.5,0.33,17.0,3.0,1.0,0.0,0.0,0.0,,,,
30,Group stage,2026-06-11 00:00:00,South Korea,Czech Republic,1.656619668006897,0.9059049487113953,2,1,98.40437375226111,1.5,1.2,1.8,1.2,0.0,1.5,1.8,0.33,11.0,1.0,0.0,1.0,0.0,0.0,,,,
30,Group stage,2026-06-12 00:00:00,Canada,Bosnia and Herzegovina,2.178720712661743,0.6230993866920471,4,0,252.19701310772894,1.1,0.4,2.1,1.1,0.0,1.1,2.1,0.33,2.0,1.0,1.0,0.0,0.0,0.0,,,,
30,Group stage,2026-06-12 00:00:00,United States,Paraguay,1.3273921012878418,1.1478886604309082,1,0,-90.4406608260008,1.7,1.6,1.0,1.0,1.0,2.0,1.0,1.0,11.0,8.0,1.0,0.0,0.0,0.0,,,,
30,Group stage,2026-06-13 00:00:00,Australia,Turkey,1.306311845779419,1.4813357591629028,2,1,-47.69773714089274,1.5,0.9,2.1,1.4,0.0,1.5,2.1,0.33,6.0,2.0,0.0,1.0,0.0,0.0,,,,
30,Group stage,2026-06-13 00:00:00,Brazil,Morocco,1.3794176578521729,1.0310763120651245,2,0,71.7854817950124,1.8,0.8,1.8,0.5,1.0,1.0,2.0,0.0,22.0,6.0,0.0,1.0,0.0,0.0,,,,
30,Group stage,2026-06-13 00:00:00,Haiti,Scotland,0.8986091017723083,1.6037302017211914,1,1,-128.96035980586862,1.2,1.1,1.8,1.2,0.0,1.2,1.8,0.33,1.0,8.0,0.0,1.0,0.0,0.0,,,,
30,Group stage,2026-06-13 00:00:00,Qatar,Switzerland,0.5497463941574097,2.393497943878174,0,1,-360.84472108477416,0.9,1.9,2.5,0.8,0.0,0.9,2.5,0.33,1.0,12.0,0.0,1.0,0.0,0.0,,,,
30,Group stage,2026-06-14 00:00:00,Germany,Curaçao,2.8003809452056885,0.6807331442832947,3,1,361.1352259778141,2.3,1.1,1.6,1.3,0.0,2.3,1.6,0.33,20.0,0.0,0.0,1.0,0.0,0.0,,,,
30,Group stage,2026-06-14 00:00:00,Ivory Coast,Ecuador,0.7578378915786743,1.6096333265304565,0,5,-219.15155902699053,2.0,0.7,0.7,0.4,0.0,2.0,0.7,0.33,3.0,4.0,0.0,1.0,0.0,0.0,,,,
30,Group stage,2026-06-14 00:00:00,Netherlands,Japan,1.4094085693359375,1.0377333164215088,1,4,19.05367466640928,3.0,0.6,1.8,0.7,0.0,3.0,1.8,0.33,11.0,7.0,0.0,1.0,0.0,0.0,,,,
30,Group stage,2026-06-14 00:00:00,Sweden,Tunisia,1.4389334917068481,1.2469319105148315,1,2,22.565366858667858,1.6,1.8,1.4,1.0,0.0,1.6,1.4,0.33,13.0,6.0,0.0,1.0,0.0,0.0,,,,
30,Group stage,2026-06-15 00:00:00,Belgium,Egypt,1.4515180587768555,0.9129274487495422,2,2,99.79242592327387,3.5,1.0,1.3,0.8,1.0,1.0,2.0,0.0,14.0,3.0,0.0,1.0,0.0,0.0,,,,
30,Group stage,2026-06-15 00:00:00,Iran,New Zealand,1.6201878786087036,0.738328218460083,0,0,142.34033556219924,1.6,0.7,0.9,1.5,0.0,1.6,0.9,0.33,6.0,2.0,0.0,1.0,0.0,0.0,,,,
30,Group stage,2026-06-15 00:00:00,Saudi Arabia,Uruguay,0.7248218059539795,1.7654508352279663,0,1,-283.38107610897714,0.9,1.3,1.0,0.9,0.0,0.9,1.0,0.33,6.0,14.0,0.0,1.0,0.0,0.0,,,,
30,Group stage,2026-06-15 00:00:00,Spain,Cape Verde,3.966179609298706,0.5665221810340881,5,1,563.2850614519855,3.1,0.8,1.7,1.0,0.0,3.1,1.7,0.33,16.0,0.0,0.0,1.0,0.0,0.0,,,,
30,Group stage,2026-06-16 00:00:00,Argentina,Algeria,2.156207323074341,0.7074368596076965,2,0,323.48300707879844,2.5,0.4,2.3,0.5,0.0,2.5,2.3,0.33,18.0,4.0,0.0,1.0,0.0,0.0,,,,
30,Group stage,2026-06-16 00:00:00,Austria,Jordan,2.314819097518921,0.9839795827865601,3,0,80.9944962008201,2.8,0.5,2.0,1.5,0.0,2.8,2.0,0.33,7.0,0.0,0.0,1.0,0.0,0.0,,,,
30,Group stage,2026-06-16 00:00:00,France,Senegal,2.243558645248413,0.8569515347480774,2,2,209.2497238875883,2.7,1.1,2.5,0.6,0.0,2.7,2.5,0.33,16.0,3.0,0.0,1.0,0.0,0.0,,,,
30,Group stage,2026-06-16 00:00:00,Iraq,Norway,0.7500935196876526,1.7158862352371216,0,0,-223.33641759859006,1.1,0.7,3.1,0.6,0.0,1.1,3.1,0.33,1.0,3.0,0.0,1.0,0.0,0.0,,,,
30,Group stage,2026-06-17 00:00:00,England,Croatia,1.630310297012329,1.0758646726608276,2,2,94.46756707201507,2.2,0.5,2.9,0.8,0.0,2.2,2.9,0.33,16.0,6.0,0.0,1.0,0.0,0.0,,,,
30,Group stage,2026-06-17 00:00:00,Ghana,Panama,0.8218146562576294,1.872027039527893,2,4,-237.5714618522527,1.5,1.3,1.3,0.8,0.0,1.5,1.3,0.33,4.0,1.0,0.0,1.0,0.0,0.0,,,,
30,Group stage,2026-06-17 00:00:00,Portugal,DR Congo,2.063178300857544,0.639021098613739,3,0,275.4864091486654,2.6,1.0,1.2,0.3,0.0,2.6,1.2,0.33,8.0,1.0,0.0,1.0,0.0,0.0,,,,
30,Group stage,2026-06-17 00:00:00,Uzbekistan,Colombia,0.7373384833335876,1.79137122631073,0,4,-213.1223064060914,1.5,0.7,2.1,1.0,0.0,1.5,2.1,0.33,0.0,6.0,0.0,1.0,0.0,0.0,,,,
30,Group stage,2026-06-18 00:00:00,Canada,Qatar,2.094303846359253,0.4286613166332245,0,0,335.3204726033705,1.3,0.4,0.9,1.7,1.0,2.0,0.0,1.0,3.0,2.0,1.0,0.0,0.0,0.0,,,,
30,Group stage,2026-06-18 00:00:00,Czech Republic,South Africa,1.5292212963104248,0.9862669110298157,1,1,101.39291214006926,1.7,1.4,1.6,1.3,0.0,1.7,1.6,0.33,2.0,4.0,0.0,1.0,0.0,0.0,,,,
30,Group stage,2026-06-18 00:00:00,Mexico,South Korea,1.5823283195495605,0.9621001482009888,0,1,65.4461194792193,1.2,1.0,1.5,1.3,1.0,2.0,2.0,0.0,18.0,12.0,1.0,0.0,0.0,0.0,,,,
30,Group stage,2026-06-18 00:00:00,Switzerland,Bosnia and Herzegovina,2.384751081466675,0.7090798020362854,2,0,317.26120070658635,2.2,0.6,2.0,1.5,0.0,2.2,2.0,0.33,13.0,2.0,0.0,1.0,0.0,0.0,,,,
30,Group stage,2026-06-19 00:00:00,Brazil,Haiti,2.446683883666992,0.6335269808769226,3,0,384.27862161109033,2.0,0.8,1.2,1.1,0.0,2.0,1.2,0.33,23.0,2.0,0.0,1.0,0.0,0.0,,,,
30,Group stage,2026-06-19 00:00:00,Scotland,Morocco,0.9479852318763733,1.5107537508010864,1,1,-133.16926788723208,1.8,1.0,1.5,0.5,0.0,1.8,1.5,0.33,9.0,7.0,0.0,1.0,0.0,0.0,,,,
30,Group stage,2026-06-19 00:00:00,Turkey,Paraguay,1.3498414754867554,1.1443103551864624,2,1,38.411748919090314,2.0,1.5,0.8,1.1,0.0,2.0,0.8,0.33,3.0,9.0,0.0,1.0,0.0,0.0,,,,
30,Group stage,2026-06-19 00:00:00,United States,Australia,1.318365454673767,1.1574596166610718,3,3,-90.99084129438143,1.6,1.5,1.6,1.0,1.0,2.0,1.0,1.0,12.0,7.0,1.0,0.0,0.0,0.0,,,,
30,Group stage,2026-06-20 00:00:00,Ecuador,Curaçao,2.637401580810547,0.6035417914390564,4,1,433.5442820035946,1.2,0.4,1.6,1.5,0.0,1.2,1.6,0.33,5.0,1.0,0.0,1.0,0.0,0.0,,,,
30,Group stage,2026-06-20 00:00:00,Germany,Ivory Coast,2.1239662170410156,0.8187538385391235,0,1,219.72304615402845,2.5,1.0,1.7,1.2,0.0,2.5,1.7,0.33,21.0,4.0,0.0,1.0,0.0,0.0,,,,
30,Group stage,2026-06-20 00:00:00,Netherlands,Sweden,2.5999295711517334,1.0775694847106934,0,2,216.03015224961746,2.9,1.0,1.5,2.0,0.0,2.9,1.5,0.33,12.0,14.0,0.0,1.0,0.0,0.0,,,,
30,Group stage,2026-06-20 00:00:00,Tunisia,Japan,0.8498707413673401,1.8509966135025024,0,1,-266.4029408587894,1.5,1.0,2.2,0.7,0.0,1.5,2.2,0.33,7.0,8.0,0.0,1.0,0.0,0.0,,,,
30,Group stage,2026-06-21 00:00:00,Belgium,Iran,1.4766250848770142,1.165947437286377,2,0,24.435706710535896,3.6,1.1,1.4,0.7,0.0,3.6,1.4,0.33,15.0,7.0,0.0,1.0,0.0,0.0,,,,
30,Group stage,2026-06-21 00:00:00,New Zealand,Egypt,1.0747202634811401,1.3534547090530396,0,3,-60.46589175764802,0.8,1.5,1.5,0.7,1.0,0.0,1.0,0.0,3.0,4.0,0.0,1.0,0.0,0.0,,,,
30,Group stage,2026-06-21 00:00:00,Spain,Saudi Arabia,3.2083096504211426,0.47807127237319946,1,0,549.6145974471419,3.1,0.5,0.9,1.4,0.0,3.1,0.9,0.33,17.0,7.0,0.0,1.0,0.0,0.0,,,,
30,Group stage,2026-06-21 00:00:00,Uruguay,Cape Verde,2.271378755569458,0.668783962726593,5,0,325.14943091198506,1.1,0.7,1.5,1.5,0.0,1.1,1.5,0.33,15.0,1.0,0.0,1.0,0.0,0.0,,,,
30,Group stage,2026-06-22 00:00:00,Argentina,Austria,2.26589298248291,0.7780532836914062,4,1,281.31072698258913,2.3,0.3,2.9,0.4,0.0,2.3,2.9,0.33,19.0,8.0,0.0,1.0,0.0,0.0,,,,
30,Group stage,2026-06-22 00:00:00,France,Iraq,2.36453914642334,0.521123468875885,3,0,358.7210746627834,2.5,0.8,1.0,0.7,0.0,2.5,1.0,0.33,17.0,2.0,0.0,1.0,0.0,0.0,,,,
30,Group stage,2026-06-22 00:00:00,Jordan,Algeria,1.0184376239776611,1.6539679765701294,1,1,-95.57635667814861,1.8,1.5,1.8,0.6,0.0,1.8,1.8,0.33,1.0,5.0,0.0,1.0,0.0,0.0,,,,
30,Group stage,2026-06-22 00:00:00,Norway,Senegal,1.34552800655365,1.129589319229126,0,0,7.536584786849289,2.8,0.6,1.9,0.8,0.0,2.8,1.9,0.33,4.0,4.0,0.0,1.0,0.0,0.0,,,,
30,Group stage,2026-06-23 00:00:00,Colombia,DR Congo,2.07586407661438,0.6219913959503174,1,0,324.82856721121357,2.5,1.0,1.1,0.6,0.0,2.5,1.1,0.33,7.0,2.0,0.0,1.0,0.0,0.0,,,,
30,Group stage,2026-06-23 00:00:00,England,Ghana,2.652555465698242,0.745331883430481,5,1,467.72361999173404,2.3,0.7,1.6,1.5,0.0,2.3,1.6,0.33,17.0,5.0,0.0,1.0,0.0,0.0,,,,
30,Group stage,2026-06-23 00:00:00,Panama,Croatia,1.0964174270629883,1.5874327421188354,0,1,-115.06582301982075,1.7,1.0,2.4,1.0,0.0,1.7,2.4,0.33,2.0,7.0,0.0,1.0,0.0,0.0,,,,
30,Group stage,2026-06-23 00:00:00,Portugal,Uzbekistan,2.106902837753296,0.7644023895263672,2,0,250.4899633492489,2.7,0.9,1.3,0.9,0.0,2.7,1.3,0.33,9.0,1.0,0.0,1.0,0.0,0.0,,,,
30,Group stage,2026-06-24 00:00:00,Bosnia and Herzegovina,Qatar,1.4426460266113281,1.1989508867263794,0,1,18.98913932935261,1.9,1.5,0.7,1.5,0.0,1.9,0.7,0.33,2.0,2.0,0.0,1.0,0.0,0.0,,,,
30,Group stage,2026-06-24 00:00:00,Canada,Switzerland,1.081418752670288,0.9784252643585205,1,3,-76.83873207687361,1.2,0.3,2.0,0.6,0.0,1.2,2.0,0.33,3.0,13.0,1.0,0.0,0.0,0.0,,,,
30,Group stage,2026-06-24 00:00:00,Mexico,Czech Republic,1.8843263387680054,0.691552996635437,3,0,172.51589335495237,1.2,0.7,1.7,1.0,0.0,1.2,1.7,0.33,18.0,2.0,1.0,0.0,0.0,0.0,,,,
30,Group stage,2026-06-24 00:00:00,Morocco,Haiti,1.8743528127670288,0.6956568956375122,1,1,240.2218487889436,1.4,0.6,1.1,1.2,0.0,1.4,1.1,0.33,7.0,2.0,0.0,1.0,0.0,0.0,,,,
30,Group stage,2026-06-24 00:00:00,Scotland,Brazil,0.7453967928886414,2.1848208904266357,0,5,-276.01305701497927,1.5,1.1,2.2,0.8,0.0,1.5,2.2,0.33,9.0,23.0,0.0,1.0,0.0,0.0,,,,
30,Group stage,2026-06-24 00:00:00,South Africa,South Korea,0.797099769115448,1.9335341453552246,1,2,-278.02479909837984,1.7,1.4,1.2,1.3,0.0,1.7,1.2,0.33,4.0,12.0,0.0,1.0,0.0,0.0,,,,
30,Group stage,2026-06-25 00:00:00,Curaçao,Ivory Coast,0.796858549118042,2.1558427810668945,1,0,-216.21081091879205,1.6,1.7,1.8,1.1,0.0,1.6,1.8,0.33,1.0,4.0,0.0,1.0,0.0,0.0,,,,
30,Group stage,2026-06-25 00:00:00,Ecuador,Germany,1.348808765411377,1.2062615156173706,0,2,107.18705768722657,1.6,0.5,2.5,0.9,0.0,1.6,2.5,0.33,5.0,21.0,0.0,1.0,0.0,0.0,,,,
30,Group stage,2026-06-25 00:00:00,Japan,Sweden,1.8641451597213745,0.9188781976699829,0,0,248.52097109899591,1.7,0.7,1.3,1.7,0.0,1.7,1.3,0.33,8.0,14.0,0.0,1.0,0.0,0.0,,,,
30,Group stage,2026-06-25 00:00:00,Paraguay,Australia,1.032098412513733,1.3785196542739868,0,2,-86.3742072968555,0.9,1.2,1.7,1.2,0.0,0.9,1.7,0.33,9.0,7.0,0.0,1.0,0.0,0.0,,,,
30,Group stage,2026-06-25 00:00:00,Tunisia,Netherlands,1.0509381294250488,1.6142940521240234,1,1,-115.49605497824109,1.5,1.0,2.1,1.2,0.0,1.5,2.1,0.33,7.0,12.0,0.0,1.0,0.0,0.0,,,,
30,Group stage,2026-06-25 00:00:00,United States,Turkey,1.5578815937042236,1.3448337316513062,2,0,-97.97728246268503,1.8,1.6,2.2,1.5,1.0,1.0,2.0,0.0,12.0,3.0,1.0,0.0,0.0,0.0,,,,
30,Group stage,2026-06-26 00:00:00,Cape Verde,Saudi Arabia,1.1931957006454468,1.5470913648605347,1,2,-35.69791964811179,1.4,1.9,0.8,1.5,0.0,1.4,0.8,0.33,1.0,7.0,0.0,1.0,0.0,0.0,,,,
30,Group stage,2026-06-26 00:00:00,Egypt,Iran,1.156493902206421,0.9853073358535767,1,0,26.712640201495788,1.6,0.6,1.2,0.7,0.0,1.6,1.2,0.33,4.0,7.0,0.0,1.0,0.0,0.0,,,,
30,Group stage,2026-06-26 00:00:00,New Zealand,Belgium,0.8307162523269653,2.17106032371521,0,4,-228.77815574539363,0.7,1.6,3.4,0.8,0.0,0.7,3.4,0.33,3.0,15.0,0.0,1.0,0.0,0.0,,,,
30,Group stage,2026-06-26 00:00:00,Norway,France,0.998218834400177,2.0229766368865967,0,2,-181.8617092380946,2.7,0.6,2.6,0.8,0.0,2.7,2.6,0.33,4.0,17.0,0.0,1.0,0.0,0.0,,,,
30,Group stage,2026-06-26 00:00:00,Senegal,Iraq,1.8212754726409912,0.6740386486053467,1,1,194.2593913145929,1.6,0.8,0.9,1.0,0.0,1.6,0.9,0.33,4.0,2.0,0.0,1.0,0.0,0.0,,,,
30,Group stage,2026-06-26 00:00:00,Uruguay,Spain,0.8645331859588623,1.9525234699249268,1,3,-233.02649204968066,1.4,0.7,3.0,0.3,0.0,1.4,3.0,0.33,15.0,17.0,0.0,1.0,0.0,0.0,,,,
30,Group stage,2026-06-27 00:00:00,Algeria,Austria,1.1476582288742065,1.3516106605529785,2,2,-57.069237448055446,1.7,0.7,2.6,0.8,0.0,1.7,2.6,0.33,5.0,8.0,0.0,1.0,0.0,0.0,,,,
30,Group stage,2026-06-27 00:00:00,Colombia,Portugal,1.374825358390808,1.331789493560791,2,1,4.449420667328013,2.5,0.9,2.7,0.7,0.0,2.5,2.7,0.33,7.0,9.0,0.0,1.0,0.0,0.0,,,,
30,Group stage,2026-06-27 00:00:00,Croatia,Ghana,2.9112486839294434,0.7599595189094543,2,1,416.72685447531285,2.0,0.9,1.3,2.0,0.0,2.0,1.3,0.33,7.0,5.0,0.0,1.0,0.0,0.0,,,,
30,Group stage,2026-06-27 00:00:00,DR Congo,Uzbekistan,1.065713882446289,1.2242517471313477,0,0,-51.49185774457965,1.0,0.7,1.3,1.1,0.0,1.0,1.3,0.33,2.0,1.0,0.0,1.0,0.0,0.0,,,,
30,Group stage,2026-06-27 00:00:00,Jordan,Argentina,0.47302260994911194,3.302111864089966,0,9,-452.56670584224025,1.7,1.3,2.6,0.4,0.0,1.7,2.6,0.33,1.0,19.0,0.0,1.0,0.0,0.0,,,,
30,Group stage,2026-06-27 00:00:00,Panama,England,0.777655303478241,2.1141934394836426,1,4,-221.1572175553788,1.6,1.0,2.7,0.5,0.0,1.6,2.7,0.33,2.0,17.0,0.0,1.0,0.0,0.0,,,,
30,Round of 32,2026-06-28 19:00:00,Mexico,Canada,1.303817629814148,0.7186170220375061,0,0,105.83031572233062,1.4,0.6,1.0,0.6,2.0,1.0,0.0,0.5,18.0,3.0,0.0,1.0,0.0,0.0,73.0,Mexico,Canada,True
30,Round of 32,2026-06-29 17:00:00,Brazil,Tunisia,2.2164106369018555,0.7322645783424377,3,0,341.1946483990821,2.4,0.8,1.4,0.9,2.0,3.0,1.0,0.5,23.0,7.0,0.0,1.0,0.0,0.0,74.0,Brazil,Tunisia,False
30,Round of 32,2026-06-29 20:30:00,Germany,Turkey,1.7301368713378906,1.0118095874786377,2,0,98.85545247008963,2.7,0.7,1.9,1.5,1.0,2.0,3.0,0.0,21.0,3.0,0.0,1.0,0.0,0.0,75.0,Germany,Turkey,False
30,Round of 32,2026-06-30 01:00:00,Japan,Morocco,1.3068920373916626,0.8385216593742371,2,0,121.5544440423032,1.7,0.7,1.4,0.6,0.0,1.7,1.4,0.33,8.0,7.0,0.0,1.0,0.0,0.0,76.0,Japan,Morocco,False
30,Round of 32,2026-06-30 17:00:00,Ecuador,Senegal,1.2806199789047241,0.9750955700874329,2,0,62.2211901294163,1.6,0.7,1.6,0.8,1.0,1.0,2.0,0.0,5.0,4.0,0.0,1.0,0.0,0.0,77.0,Ecuador,Senegal,False
30,Round of 32,2026-06-30 21:00:00,France,Sweden,2.267714262008667,0.7558261156082153,3,1,328.8831908786435,2.6,0.8,1.1,1.5,0.0,2.6,1.1,0.33,17.0,14.0,0.0,1.0,0.0,0.0,78.0,France,Sweden,False
30,Round of 32,2026-07-01 01:00:00,South Korea,Curaçao,2.3862059116363525,0.7324038743972778,1,0,302.6098647648448,1.2,1.4,1.7,1.7,0.0,1.2,1.7,0.33,12.0,1.0,0.0,1.0,0.0,0.0,79.0,South Korea,Curaçao,False
30,Round of 32,2026-07-01 16:00:00,England,Norway,2.0078227519989014,0.8257414698600769,6,1,173.16475231186814,2.9,0.6,2.6,0.8,0.0,2.9,2.6,0.33,17.0,4.0,0.0,1.0,0.0,0.0,80.0,England,Norway,False
30,Round of 32,2026-07-01 20:00:00,Belgium,Saudi Arabia,2.16568922996521,0.7341498732566833,3,0,261.5348594205527,3.2,0.8,1.0,1.4,0.0,3.2,1.0,0.33,15.0,7.0,0.0,1.0,0.0,0.0,81.0,Belgium,Saudi Arabia,False
30,Round of 32,2026-07-02 00:00:00,Australia,Qatar,2.138207197189331,0.5173149108886719,1,1,349.7966720617576,1.8,1.2,0.6,1.3,0.0,1.8,0.6,0.33,7.0,2.0,0.0,1.0,0.0,0.0,82.0,Australia,Qatar,True
30,Round of 32,2026-07-02 19:00:00,Portugal,Croatia,1.2678968906402588,1.1462219953536987,2,0,32.28336889858201,2.3,0.9,2.1,1.0,3.0,1.3333333333333333,1.3333333333333333,0.3333333333333333,9.0,7.0,0.0,1.0,0.0,0.0,83.0,Portugal,Croatia,False
30,Round of 32,2026-07-02 23:00:00,Spain,Austria,2.573275089263916,0.7325236201286316,3,0,359.4077708137486,3.0,0.4,2.7,1.0,0.0,3.0,2.7,0.33,17.0,8.0,0.0,1.0,0.0,0.0,84.0,Spain,Austria,False
30,Round of 32,2026-07-03 03:00:00,Switzerland,Algeria,1.5985010862350464,0.8530445098876953,5,5,161.90282830924502,1.9,0.7,1.8,0.8,0.0,1.9,1.8,0.33,13.0,5.0,0.0,1.0,0.0,0.0,85.0,Switzerland,Algeria,True
30,Round of 32,2026-07-03 18:00:00,United States,Egypt,1.332586407661438,1.272933840751648,2,2,7.726452491911459,2.0,1.4,1.6,0.6,0.0,2.0,1.6,0.33,12.0,4.0,0.0,1.0,0.0,0.0,86.0,Egypt,United States,True
30,Round of 32,2026-07-03 22:00:00,Argentina,Uruguay,1.7519534826278687,0.9063149094581604,0,1,242.15604819980013,3.4,0.3,1.2,1.0,2.0,0.5,1.0,0.5,19.0,15.0,0.0,1.0,0.0,0.0,87.0,Uruguay,Argentina,False
30,Round of 32,2026-07-04 01:30:00,Colombia,Panama,2.64296817779541,0.765428900718689,3,1,279.81726280785347,2.4,1.0,1.6,1.4,1.0,5.0,0.0,1.0,7.0,2.0,0.0,1.0,0.0,0.0,88.0,Colombia,Panama,False
30,Round of 16,2026-07-04 17:00:00,Mexico,Germany,1.0323561429977417,1.613715648651123,2,2,-76.1331065276811,1.4,0.6,2.6,0.6,1.0,2.0,2.0,0.0,18.0,21.0,0.0,1.0,0.0,0.0,89.0,Germany,Mexico,True
30,Round of 16,2026-07-04 21:00:00,Brazil,Ecuador,1.40165114402771,0.9406337141990662,2,1,104.70499622326633,2.7,0.7,1.7,0.7,2.0,0.5,0.0,0.5,23.0,5.0,0.0,1.0,0.0,0.0,90.0,Brazil,Ecuador,False
30,Round of 16,2026-07-05 20:00:00,Japan,France,1.0414907932281494,1.5873372554779053,1,1,-99.11217459919885,1.9,0.5,2.7,0.8,0.0,1.9,2.7,0.33,8.0,17.0,0.0,1.0,0.0,0.0,91.0,France,Japan,True
30,Round of 16,2026-07-06 00:00:00,South Korea,England,0.9924024343490601,1.895872950553894,3,2,-174.3065185396856,1.1,1.2,3.0,0.7,0.0,1.1,3.0,0.33,12.0,17.0,0.0,1.0,0.0,0.0,92.0,South Korea,England,False
30,Round of 16,2026-07-06 19:00:00,Portugal,Spain,0.8915226459503174,1.674104928970337,0,1,-169.6846810853251,2.2,0.7,2.7,0.4,2.0,1.0,1.5,0.0,9.0,17.0,0.0,1.0,0.0,0.0,93.0,Spain,Portugal,False
30,Round of 16,2026-07-07 00:00:00,Belgium,Australia,1.4049272537231445,1.2236356735229492,2,0,-0.09118788703608516,2.9,0.8,1.6,1.2,0.0,2.9,1.6,0.33,15.0,7.0,0.0,1.0,0.0,0.0,94.0,Belgium,Australia,False
30,Round of 16,2026-07-07 16:00:00,Egypt,Colombia,0.8337032198905945,1.723266363143921,1,1,-211.41063220666092,1.8,0.8,2.1,0.8,0.0,1.8,2.1,0.33,4.0,7.0,0.0,1.0,0.0,0.0,95.0,Colombia,Egypt,True
30,Round of 16,2026-07-07 20:00:00,Switzerland,Uruguay,1.2605632543563843,1.4665910005569458,1,1,-5.591873623810216,2.1,1.2,1.3,1.0,0.0,2.1,1.3,0.33,13.0,15.0,0.0,1.0,0.0,0.0,96.0,Uruguay,Switzerland,True
30,Quarter-final,2026-07-09 20:00:00,Germany,Brazil,1.2706241607666016,1.9896364212036133,1,2,-97.16387985962388,2.4,0.8,2.4,0.8,0.0,2.4,2.4,0.33,21.0,23.0,0.0,1.0,0.0,0.0,97.0,Brazil,Germany,False
30,Quarter-final,2026-07-10 19:00:00,Spain,Belgium,2.100727081298828,0.9690534472465515,4,0,248.7801756537358,2.6,0.4,3.1,0.8,0.0,2.6,3.1,0.33,17.0,15.0,0.0,1.0,0.0,0.0,98.0,Spain,Belgium,False
30,Quarter-final,2026-07-11 21:00:00,France,South Korea,1.959013819694519,0.9707205891609192,2,2,186.9662727775658,2.5,0.9,1.4,0.9,0.0,2.5,1.4,0.33,17.0,12.0,0.0,1.0,0.0,0.0,99.0,South Korea,France,True
30,Quarter-final,2026-07-12 01:00:00,Colombia,Uruguay,1.2916996479034424,1.2088510990142822,0,0,86.37963769891076,1.8,0.9,1.3,1.1,3.0,1.6666666666666667,1.6666666666666667,0.3333333333333333,7.0,15.0,0.0,1.0,0.0,0.0,100.0,Uruguay,Colombia,True
30,Semi-final,2026-07-14 19:00:00,Brazil,Spain,1.132279396057129,1.900758981704712,1,1,-121.89758740714274,2.4,0.6,2.6,0.4,1.0,3.0,3.0,0.0,23.0,17.0,0.0,1.0,0.0,0.0,101.0,Spain,Brazil,True
30,Semi-final,2026-07-15 19:00:00,South Korea,Uruguay,1.1109997034072876,1.2976831197738647,1,3,-45.655148978330544,1.4,1.1,1.1,1.0,2.0,0.5,1.0,0.0,12.0,15.0,0.0,1.0,0.0,0.0,102.0,Uruguay,South Korea,False
30,Third-place playoff,2026-07-18 21:00:00,Brazil,South Korea,1.9103816747665405,1.0117506980895996,0,2,148.3042976573022,2.3,0.7,1.3,1.4,2.0,4.5,0.5,1.0,23.0,12.0,0.0,1.0,0.0,0.0,103.0,South Korea,Brazil,False
30,Final,2026-07-19 19:00:00,Spain,Uruguay,1.8726738691329956,1.0896191596984863,2,1,186.07795808961328,2.3,0.5,1.4,1.1,1.0,3.0,1.0,1.0,17.0,15.0,0.0,1.0,0.0,0.0,104.0,Spain,Uruguay,False
31,Group stage,2026-06-11 00:00:00,Mexico,South Africa,2.1329286098480225,0.6023440957069397,1,0,297.64561459530705,1.1,1.0,1.5,1.1,0.0,1.1,1.5,0.33,17.0,3.0,1.0,0.0,0.0,0.0,,,,
31,Group stage,2026-06-11 00:00:00,South Korea,Czech Republic,1.656619668006897,0.9059049487113953,2,0,98.40437375226111,1.5,1.2,1.8,1.2,0.0,1.5,1.8,0.33,11.0,1.0,0.0,1.0,0.0,0.0,,,,
31,Group stage,2026-06-12 00:00:00,Canada,Bosnia and Herzegovina,2.178720712661743,0.6230993866920471,2,1,252.19701310772894,1.1,0.4,2.1,1.1,0.0,1.1,2.1,0.33,2.0,1.0,1.0,0.0,0.0,0.0,,,,
31,Group stage,2026-06-12 00:00:00,United States,Paraguay,1.3273921012878418,1.1478886604309082,1,1,-90.4406608260008,1.7,1.6,1.0,1.0,1.0,2.0,1.0,1.0,11.0,8.0,1.0,0.0,0.0,0.0,,,,
31,Group stage,2026-06-13 00:00:00,Australia,Turkey,1.306311845779419,1.4813357591629028,1,0,-47.69773714089274,1.5,0.9,2.1,1.4,0.0,1.5,2.1,0.33,6.0,2.0,0.0,1.0,0.0,0.0,,,,
31,Group stage,2026-06-13 00:00:00,Brazil,Morocco,1.3794176578521729,1.0310763120651245,1,2,71.7854817950124,1.8,0.8,1.8,0.5,1.0,1.0,2.0,0.0,22.0,6.0,0.0,1.0,0.0,0.0,,,,
31,Group stage,2026-06-13 00:00:00,Haiti,Scotland,0.8986091017723083,1.6037302017211914,2,0,-128.96035980586862,1.2,1.1,1.8,1.2,0.0,1.2,1.8,0.33,1.0,8.0,0.0,1.0,0.0,0.0,,,,
31,Group stage,2026-06-13 00:00:00,Qatar,Switzerland,0.5497463941574097,2.393497943878174,1,1,-360.84472108477416,0.9,1.9,2.5,0.8,0.0,0.9,2.5,0.33,1.0,12.0,0.0,1.0,0.0,0.0,,,,
31,Group stage,2026-06-14 00:00:00,Germany,Curaçao,2.8003809452056885,0.6807331442832947,2,1,361.1352259778141,2.3,1.1,1.6,1.3,0.0,2.3,1.6,0.33,20.0,0.0,0.0,1.0,0.0,0.0,,,,
31,Group stage,2026-06-14 00:00:00,Ivory Coast,Ecuador,0.7578378915786743,1.6096333265304565,1,0,-219.15155902699053,2.0,0.7,0.7,0.4,0.0,2.0,0.7,0.33,3.0,4.0,0.0,1.0,0.0,0.0,,,,
31,Group stage,2026-06-14 00:00:00,Netherlands,Japan,1.4094085693359375,1.0377333164215088,1,1,19.05367466640928,3.0,0.6,1.8,0.7,0.0,3.0,1.8,0.33,11.0,7.0,0.0,1.0,0.0,0.0,,,,
31,Group stage,2026-06-14 00:00:00,Sweden,Tunisia,1.4389334917068481,1.2469319105148315,1,3,22.565366858667858,1.6,1.8,1.4,1.0,0.0,1.6,1.4,0.33,13.0,6.0,0.0,1.0,0.0,0.0,,,,
31,Group stage,2026-06-15 00:00:00,Belgium,Egypt,1.4515180587768555,0.9129274487495422,2,2,99.79242592327387,3.5,1.0,1.3,0.8,1.0,1.0,2.0,0.0,14.0,3.0,0.0,1.0,0.0,0.0,,,,
31,Group stage,2026-06-15 00:00:00,Iran,New Zealand,1.6201878786087036,0.738328218460083,1,1,142.34033556219924,1.6,0.7,0.9,1.5,0.0,1.6,0.9,0.33,6.0,2.0,0.0,1.0,0.0,0.0,,,,
31,Group stage,2026-06-15 00:00:00,Saudi Arabia,Uruguay,0.7248218059539795,1.7654508352279663,1,3,-283.38107610897714,0.9,1.3,1.0,0.9,0.0,0.9,1.0,0.33,6.0,14.0,0.0,1.0,0.0,0.0,,,,
31,Group stage,2026-06-15 00:00:00,Spain,Cape Verde,3.966179609298706,0.5665221810340881,3,1,563.2850614519855,3.1,0.8,1.7,1.0,0.0,3.1,1.7,0.33,16.0,0.0,0.0,1.0,0.0,0.0,,,,
31,Group stage,2026-06-16 00:00:00,Argentina,Algeria,2.156207323074341,0.7074368596076965,3,2,323.48300707879844,2.5,0.4,2.3,0.5,0.0,2.5,2.3,0.33,18.0,4.0,0.0,1.0,0.0,0.0,,,,
31,Group stage,2026-06-16 00:00:00,Austria,Jordan,2.314819097518921,0.9839795827865601,4,4,80.9944962008201,2.8,0.5,2.0,1.5,0.0,2.8,2.0,0.33,7.0,0.0,0.0,1.0,0.0,0.0,,,,
31,Group stage,2026-06-16 00:00:00,France,Senegal,2.243558645248413,0.8569515347480774,1,1,209.2497238875883,2.7,1.1,2.5,0.6,0.0,2.7,2.5,0.33,16.0,3.0,0.0,1.0,0.0,0.0,,,,
31,Group stage,2026-06-16 00:00:00,Iraq,Norway,0.7500935196876526,1.7158862352371216,1,0,-223.33641759859006,1.1,0.7,3.1,0.6,0.0,1.1,3.1,0.33,1.0,3.0,0.0,1.0,0.0,0.0,,,,
31,Group stage,2026-06-17 00:00:00,England,Croatia,1.630310297012329,1.0758646726608276,0,1,94.46756707201507,2.2,0.5,2.9,0.8,0.0,2.2,2.9,0.33,16.0,6.0,0.0,1.0,0.0,0.0,,,,
31,Group stage,2026-06-17 00:00:00,Ghana,Panama,0.8218146562576294,1.872027039527893,0,1,-237.5714618522527,1.5,1.3,1.3,0.8,0.0,1.5,1.3,0.33,4.0,1.0,0.0,1.0,0.0,0.0,,,,
31,Group stage,2026-06-17 00:00:00,Portugal,DR Congo,2.063178300857544,0.639021098613739,2,0,275.4864091486654,2.6,1.0,1.2,0.3,0.0,2.6,1.2,0.33,8.0,1.0,0.0,1.0,0.0,0.0,,,,
31,Group stage,2026-06-17 00:00:00,Uzbekistan,Colombia,0.7373384833335876,1.79137122631073,0,1,-213.1223064060914,1.5,0.7,2.1,1.0,0.0,1.5,2.1,0.33,0.0,6.0,0.0,1.0,0.0,0.0,,,,
31,Group stage,2026-06-18 00:00:00,Canada,Qatar,2.1320736408233643,0.45336854457855225,0,0,299.2118321064054,1.1,0.5,1.0,1.7,1.0,2.0,0.0,1.0,3.0,2.0,1.0,0.0,0.0,0.0,,,,
31,Group stage,2026-06-18 00:00:00,Czech Republic,South Africa,1.4444832801818848,1.0890038013458252,2,3,90.53129797387919,1.6,1.4,1.4,1.1,0.0,1.6,1.4,0.33,2.0,4.0,0.0,1.0,0.0,0.0,,,,
31,Group stage,2026-06-18 00:00:00,Mexico,South Korea,1.5107357501983643,0.9351188540458679,4,2,54.58450531302924,1.0,0.8,1.5,1.2,1.0,2.0,2.0,0.0,18.0,12.0,1.0,0.0,0.0,0.0,,,,
31,Group stage,2026-06-18 00:00:00,Switzerland,Bosnia and Herzegovina,2.333515167236328,0.7457178831100464,2,1,281.15256020962124,2.2,0.7,2.1,1.3,0.0,2.2,2.1,0.33,13.0,2.0,0.0,1.0,0.0,0.0,,,,
31,Group stage,2026-06-19 00:00:00,Brazil,Haiti,2.146613597869873,0.7357970476150513,1,1,262.00916665019554,1.9,1.0,1.3,1.0,0.0,1.9,1.3,0.33,23.0,2.0,0.0,1.0,0.0,0.0,,,,
31,Group stage,2026-06-19 00:00:00,Scotland,Morocco,0.7938816547393799,1.8433914184570312,1,0,-255.43872284812687,1.7,1.1,1.7,0.4,0.0,1.7,1.7,0.33,9.0,7.0,0.0,1.0,0.0,0.0,,,,
31,Group stage,2026-06-19 00:00:00,Turkey,Paraguay,1.2408545017242432,1.27106773853302,0,0,8.411748919090314,1.9,1.4,0.9,1.1,0.0,1.9,0.9,0.33,3.0,9.0,0.0,1.0,0.0,0.0,,,,
31,Group stage,2026-06-19 00:00:00,United States,Australia,1.2958102226257324,1.245729923248291,1,0,-120.99084129438143,1.6,1.6,1.5,0.9,1.0,2.0,1.0,1.0,12.0,7.0,1.0,0.0,0.0,0.0,,,,
31,Group stage,2026-06-20 00:00:00,Ecuador,Curaçao,2.2158265113830566,0.6279082894325256,2,1,356.96667244178843,0.7,0.5,1.6,1.4,0.0,0.7,1.6,0.33,5.0,1.0,0.0,1.0,0.0,0.0,,,,
31,Group stage,2026-06-20 00:00:00,Germany,Ivory Coast,1.7650682926177979,0.9121636152267456,2,2,143.14543659222227,2.4,1.0,1.8,0.7,0.0,2.4,1.8,0.33,21.0,4.0,0.0,1.0,0.0,0.0,,,,
31,Group stage,2026-06-20 00:00:00,Netherlands,Sweden,2.6546096801757812,0.98138028383255,4,1,285.7356942670981,2.9,0.7,1.5,2.1,0.0,2.9,1.5,0.33,12.0,14.0,0.0,1.0,0.0,0.0,,,,
31,Group stage,2026-06-20 00:00:00,Tunisia,Japan,0.8716976642608643,1.6822755336761475,2,0,-196.69739884130877,1.6,1.0,1.9,0.7,0.0,1.6,1.9,0.33,7.0,8.0,0.0,1.0,0.0,0.0,,,,
31,Group stage,2026-06-21 00:00:00,Belgium,Iran,1.5295366048812866,1.1693991422653198,2,0,24.435706710535896,3.6,1.1,1.5,0.8,0.0,3.6,1.5,0.33,15.0,7.0,0.0,1.0,0.0,0.0,,,,
31,Group stage,2026-06-21 00:00:00,New Zealand,Egypt,1.0747095346450806,1.3862063884735107,1,2,-60.46589175764802,0.9,1.6,1.5,0.7,1.0,0.0,1.0,0.0,3.0,4.0,0.0,1.0,0.0,0.0,,,,
31,Group stage,2026-06-21 00:00:00,Spain,Saudi Arabia,3.2757811546325684,0.44132232666015625,2,0,553.6783646449169,2.9,0.5,1.0,1.6,0.0,2.9,1.0,0.33,17.0,7.0,0.0,1.0,0.0,0.0,,,,
31,Group stage,2026-06-21 00:00:00,Uruguay,Cape Verde,2.284532070159912,0.6666421890258789,3,2,329.21319810976,1.3,0.8,1.5,1.3,0.0,1.3,1.5,0.33,15.0,1.0,0.0,1.0,0.0,0.0,,,,
31,Group stage,2026-06-22 00:00:00,Argentina,Austria,2.3208961486816406,0.8036230206489563,3,1,324.6248118539934,2.4,0.5,3.0,0.8,0.0,2.4,3.0,0.33,19.0,8.0,0.0,1.0,0.0,0.0,,,,
31,Group stage,2026-06-22 00:00:00,France,Iraq,2.201544761657715,0.5903816223144531,1,2,328.7210746627834,2.4,0.7,1.1,0.7,0.0,2.4,1.1,0.33,17.0,2.0,0.0,1.0,0.0,0.0,,,,
31,Group stage,2026-06-22 00:00:00,Jordan,Algeria,1.165371298789978,1.7435202598571777,1,2,-52.262271806744366,2.2,1.6,2.0,0.7,0.0,2.2,2.0,0.33,1.0,5.0,0.0,1.0,0.0,0.0,,,,
31,Group stage,2026-06-22 00:00:00,Norway,Senegal,1.2312095165252686,1.1337321996688843,2,4,-22.46341521315071,2.8,0.7,1.8,0.7,0.0,2.8,1.8,0.33,4.0,4.0,0.0,1.0,0.0,0.0,,,,
31,Group stage,2026-06-23 00:00:00,Colombia,DR Congo,2.012890577316284,0.6260747909545898,1,1,310.3753177041035,2.2,1.0,1.1,0.5,0.0,2.2,1.1,0.33,7.0,2.0,0.0,1.0,0.0,0.0,,,,
31,Group stage,2026-06-23 00:00:00,England,Ghana,2.5376484394073486,0.7241557836532593,3,1,431.63324414278895,2.1,0.6,1.4,1.2,0.0,2.1,1.4,0.33,17.0,5.0,0.0,1.0,0.0,0.0,,,,
31,Group stage,2026-06-23 00:00:00,Panama,Croatia,0.9814147353172302,1.5558207035064697,0,2,-151.15619886876584,1.4,0.8,2.3,0.8,0.0,1.4,2.3,0.33,2.0,7.0,0.0,1.0,0.0,0.0,,,,
31,Group stage,2026-06-23 00:00:00,Portugal,Uzbekistan,2.075049638748169,0.7716727256774902,2,1,236.03671384213908,2.6,0.9,1.3,0.6,0.0,2.6,1.3,0.33,9.0,1.0,0.0,1.0,0.0,0.0,,,,
31,Group stage,2026-06-24 00:00:00,Bosnia and Herzegovina,Qatar,1.3586481809616089,1.2979470491409302,0,1,-1.3958752449718759,2.1,1.3,0.8,1.5,0.0,2.1,0.8,0.33,2.0,2.0,0.0,1.0,0.0,0.0,,,,
31,Group stage,2026-06-24 00:00:00,Canada,Switzerland,1.171759009361267,1.0012825727462769,1,2,-49.441027645128315,1.0,0.4,2.0,0.8,0.0,1.0,2.0,0.33,3.0,13.0,1.0,0.0,0.0,0.0,,,,
31,Group stage,2026-06-24 00:00:00,Mexico,Czech Republic,2.2064075469970703,0.6169624924659729,4,0,282.0059083166461,1.4,0.6,1.7,1.2,0.0,1.4,1.7,0.33,18.0,2.0,1.0,0.0,0.0,0.0,,,,
31,Group stage,2026-06-24 00:00:00,Morocco,Haiti,1.7118604183197021,0.7143767476081848,1,1,194.53178017917048,1.5,0.5,1.3,0.9,0.0,1.5,1.3,0.33,7.0,2.0,0.0,1.0,0.0,0.0,,,,
31,Group stage,2026-06-24 00:00:00,Scotland,Brazil,0.9198741316795349,1.9377392530441284,1,1,-187.085365540373,1.4,1.1,1.9,1.1,0.0,1.4,1.9,0.33,9.0,23.0,0.0,1.0,0.0,0.0,,,,
31,Group stage,2026-06-24 00:00:00,South Africa,South Korea,1.046087384223938,1.8493409156799316,0,4,-190.25801246906622,1.7,1.3,1.3,1.6,0.0,1.7,1.3,0.33,4.0,12.0,0.0,1.0,0.0,0.0,,,,
31,Group stage,2026-06-25 00:00:00,Curaçao,Ivory Coast,0.7468627095222473,2.0606157779693604,0,2,-249.84893117014485,1.6,1.4,2.0,0.8,0.0,1.6,2.0,0.33,1.0,4.0,0.0,1.0,0.0,0.0,,,,
31,Group stage,2026-06-25 00:00:00,Ecuador,Germany,1.1964672803878784,1.4232641458511353,0,1,1.0101686261534724,0.9,0.6,2.6,1.0,0.0,0.9,2.6,0.33,5.0,21.0,0.0,1.0,0.0,0.0,,,,
31,Group stage,2026-06-25 00:00:00,Japan,Sweden,2.1453325748443604,1.0836739540100098,1,1,218.89579001182756,1.3,0.9,1.2,2.2,0.0,1.3,1.2,0.33,8.0,14.0,0.0,1.0,0.0,0.0,,,,
31,Group stage,2026-06-25 00:00:00,Paraguay,Australia,1.1159526109695435,1.16157066822052,2,4,3.6367222343453705,0.9,1.0,1.3,0.9,0.0,0.9,1.3,0.33,9.0,7.0,0.0,1.0,0.0,0.0,,,,
31,Group stage,2026-06-25 00:00:00,Tunisia,Netherlands,1.0073683261871338,1.8042269945144653,0,1,-161.39052731157426,1.8,0.9,2.5,0.8,0.0,1.8,2.5,0.33,7.0,12.0,0.0,1.0,0.0,0.0,,,,
31,Group stage,2026-06-25 00:00:00,United States,Turkey,1.4544730186462402,1.1802215576171875,3,2,-67.96635293148415,1.6,1.4,1.9,1.3,1.0,1.0,2.0,0.0,12.0,3.0,1.0,0.0,0.0,0.0,,,,
31,Group stage,2026-06-26 00:00:00,Cape Verde,Saudi Arabia,1.3224270343780518,1.4347283840179443,2,2,-20.645419041268497,1.6,1.5,0.9,1.8,0.0,1.6,0.9,0.33,1.0,7.0,0.0,1.0,0.0,0.0,,,,
31,Group stage,2026-06-26 00:00:00,Egypt,Iran,1.1156601905822754,1.1011717319488525,1,1,8.089363045744221,1.5,0.7,1.3,0.8,0.0,1.5,1.3,0.33,4.0,7.0,0.0,1.0,0.0,0.0,,,,
31,Group stage,2026-06-26 00:00:00,New Zealand,Belgium,0.885968804359436,2.1041502952575684,0,3,-210.15487858964207,0.9,1.6,3.4,0.8,0.0,0.9,3.4,0.33,3.0,15.0,0.0,1.0,0.0,0.0,,,,
31,Group stage,2026-06-26 00:00:00,Norway,France,1.0147695541381836,2.2226412296295166,1,2,-189.34712798221585,2.9,1.1,2.3,0.9,0.0,2.9,2.3,0.33,4.0,17.0,0.0,1.0,0.0,0.0,,,,
31,Group stage,2026-06-26 00:00:00,Senegal,Iraq,1.4934583902359009,0.8401356935501099,1,1,141.74481005871417,1.9,0.9,1.2,0.8,0.0,1.9,1.2,0.33,4.0,2.0,0.0,1.0,0.0,0.0,,,,
31,Group stage,2026-06-26 00:00:00,Uruguay,Spain,0.9001339673995972,1.9882550239562988,0,1,-236.56779483038417,1.4,1.0,2.9,0.3,0.0,1.4,2.9,0.33,15.0,17.0,0.0,1.0,0.0,0.0,,,,
31,Group stage,2026-06-27 00:00:00,Algeria,Austria,1.4203004837036133,1.2083595991134644,2,1,22.560479013985514,2.0,0.8,2.7,1.1,0.0,2.0,2.7,0.33,5.0,8.0,0.0,1.0,0.0,0.0,,,,
31,Group stage,2026-06-27 00:00:00,Colombia,Portugal,1.281029462814331,1.3838469982147217,1,0,-29.36382277298958,2.2,1.0,2.6,0.8,0.0,2.2,2.6,0.33,7.0,9.0,0.0,1.0,0.0,0.0,,,,
31,Group stage,2026-06-27 00:00:00,Croatia,Ghana,2.5046403408050537,0.5692493319511414,1,0,446.58423108982106,2.0,0.7,1.1,1.5,0.0,2.0,1.1,0.33,7.0,5.0,0.0,1.0,0.0,0.0,,,,
31,Group stage,2026-06-27 00:00:00,DR Congo,Uzbekistan,1.0194027423858643,1.1112364530563354,1,0,-36.38680626985524,1.1,0.6,1.4,0.8,0.0,1.1,1.4,0.33,2.0,1.0,0.0,1.0,0.0,0.0,,,,
31,Group stage,2026-06-27 00:00:00,Jordan,Argentina,0.4806031882762909,3.4068403244018555,1,4,-429.43348608242627,2.1,1.5,2.6,0.6,0.0,2.1,2.6,0.33,1.0,19.0,0.0,1.0,0.0,0.0,,,,
31,Group stage,2026-06-27 00:00:00,Panama,England,0.7792506814002991,1.9468262195587158,1,3,-203.19534586777718,1.3,0.9,2.3,0.4,0.0,1.3,2.3,0.33,2.0,17.0,0.0,1.0,0.0,0.0,,,,
31,Round of 32,2026-06-28 19:00:00,South Korea,Qatar,2.007873773574829,0.7031301259994507,2,0,255.88335391062787,1.5,1.6,0.7,1.3,0.0,1.5,0.7,0.33,12.0,2.0,0.0,1.0,0.0,0.0,73.0,South Korea,Qatar,False
31,Round of 32,2026-06-29 17:00:00,Haiti,Tunisia,0.9939738512039185,1.3428947925567627,0,2,-57.17576248757041,1.4,1.0,1.6,0.8,1.0,0.0,1.0,0.0,2.0,7.0,0.0,1.0,0.0,0.0,74.0,Tunisia,Haiti,False
31,Round of 32,2026-06-29 20:30:00,Ivory Coast,Morocco,0.978081226348877,1.2727830410003662,0,0,-82.0256867176306,2.0,0.8,1.5,0.5,1.0,1.0,1.0,0.0,4.0,7.0,0.0,1.0,0.0,0.0,75.0,Morocco,Ivory Coast,True
31,Round of 32,2026-06-30 01:00:00,Netherlands,Scotland,2.1063854694366455,0.9270182847976685,2,0,216.35528249683512,2.5,0.7,1.5,1.2,1.0,4.0,0.0,1.0,12.0,9.0,0.0,1.0,0.0,0.0,76.0,Netherlands,Scotland,False
31,Round of 32,2026-06-30 17:00:00,Germany,Senegal,1.514492392539978,1.1108546257019043,2,2,30.269864495638785,2.7,0.8,1.9,0.9,0.0,2.7,1.9,0.33,21.0,4.0,0.0,1.0,0.0,0.0,77.0,Senegal,Germany,True
31,Round of 32,2026-06-30 21:00:00,Iraq,Paraguay,1.085026741027832,1.2520805597305298,1,2,-11.459180472374783,1.3,0.9,1.1,1.4,0.0,1.3,1.1,0.33,2.0,9.0,0.0,1.0,0.0,0.0,78.0,Paraguay,Iraq,False
31,Round of 32,2026-07-01 01:00:00,Mexico,Ecuador,1.1888585090637207,0.8894593715667725,2,1,53.676362620592045,1.7,0.5,0.9,0.7,2.0,0.5,0.5,0.0,18.0,5.0,0.0,1.0,0.0,0.0,79.0,Mexico,Ecuador,False
31,Round of 32,2026-07-01 16:00:00,Croatia,DR Congo,1.7700170278549194,0.670216977596283,3,0,244.8476170576373,2.0,0.7,1.1,0.6,0.0,2.0,1.1,0.33,7.0,2.0,0.0,1.0,0.0,0.0,80.0,Croatia,DR Congo,False
31,Round of 32,2026-07-01 20:00:00,Belgium,South Africa,2.3498902320861816,0.7600463032722473,2,1,301.53027295726565,3.1,0.8,1.4,1.7,0.0,3.1,1.4,0.33,15.0,4.0,0.0,1.0,0.0,0.0,81.0,Belgium,South Africa,False
31,Round of 32,2026-07-02 00:00:00,United States,Canada,1.2381491661071777,1.0422221422195435,3,2,39.79994799500241,1.9,1.4,0.8,0.6,4.0,1.5,1.5,0.25,12.0,3.0,0.0,1.0,0.0,0.0,82.0,United States,Canada,False
31,Round of 32,2026-07-02 19:00:00,Portugal,England,1.1787512302398682,1.6874568462371826,2,0,-29.507919247638256,2.1,0.9,2.4,0.5,0.0,2.1,2.4,0.33,9.0,17.0,0.0,1.0,0.0,0.0,83.0,Portugal,England,False
31,Round of 32,2026-07-02 23:00:00,Spain,Algeria,2.1939210891723633,0.7363613247871399,1,3,339.8043953948991,2.7,0.3,2.1,0.8,0.0,2.7,2.1,0.33,17.0,5.0,0.0,1.0,0.0,0.0,84.0,Algeria,Spain,False
31,Round of 32,2026-07-03 03:00:00,Switzerland,France,1.1297506093978882,1.8025736808776855,2,1,-126.45805741739218,1.8,0.9,2.3,1.0,0.0,1.8,2.3,0.33,13.0,17.0,0.0,1.0,0.0,0.0,85.0,Switzerland,France,False
31,Round of 32,2026-07-03 18:00:00,Australia,Egypt,1.4018951654434204,0.8964983224868774,1,0,115.43735489090773,1.6,1.1,1.5,0.8,0.0,1.6,1.5,0.33,7.0,4.0,0.0,1.0,0.0,0.0,86.0,Australia,Egypt,False
31,Round of 32,2026-07-03 22:00:00,Argentina,Uruguay,1.8309358358383179,1.0160493850708008,2,1,227.48523601584634,2.9,0.6,1.1,1.1,2.0,0.5,1.0,0.5,19.0,15.0,0.0,1.0,0.0,0.0,87.0,Argentina,Uruguay,False
31,Round of 32,2026-07-04 01:30:00,Colombia,Panama,2.1389963626861572,0.7265722155570984,2,0,252.02661704799698,2.0,1.0,1.3,1.2,1.0,5.0,0.0,1.0,7.0,2.0,0.0,1.0,0.0,0.0,88.0,Colombia,Panama,False
31,Round of 16,2026-07-04 17:00:00,South Korea,Morocco,1.1679500341415405,1.41000497341156,1,2,-51.24165598840932,1.5,1.4,1.2,0.5,0.0,1.5,1.2,0.33,12.0,7.0,0.0,1.0,0.0,0.0,89.0,Morocco,South Korea,False
31,Round of 16,2026-07-04 21:00:00,Tunisia,Senegal,1.0465381145477295,1.4769515991210938,0,0,-122.09101166573691,1.5,0.8,1.8,1.1,0.0,1.5,1.8,0.33,7.0,4.0,0.0,1.0,0.0,0.0,90.0,Senegal,Tunisia,True
31,Round of 16,2026-07-05 20:00:00,Netherlands,Paraguay,1.9115478992462158,0.9114759564399719,1,1,166.4040847124188,2.4,0.5,1.2,1.5,0.0,2.4,1.2,0.33,12.0,9.0,0.0,1.0,0.0,0.0,91.0,Paraguay,Netherlands,True
31,Round of 16,2026-07-06 00:00:00,Mexico,Croatia,1.1319801807403564,1.3216865062713623,0,0,-48.79195975341372,1.9,0.6,1.9,0.7,0.0,1.9,1.9,0.33,18.0,7.0,0.0,1.0,0.0,0.0,92.0,Mexico,Croatia,True
31,Round of 16,2026-07-06 19:00:00,Portugal,Algeria,1.4039987325668335,0.8929088115692139,2,0,106.74842354950988,2.0,0.7,2.1,0.9,0.0,2.0,2.1,0.33,9.0,5.0,0.0,1.0,0.0,0.0,93.0,Portugal,Algeria,False
31,Round of 16,2026-07-07 00:00:00,Belgium,United States,1.8545174598693848,1.399607539176941,1,1,67.42354940769837,2.7,0.9,2.0,1.6,1.0,5.0,2.0,1.0,15.0,12.0,0.0,1.0,0.0,0.0,94.0,Belgium,United States,True
31,Round of 16,2026-07-07 16:00:00,Australia,Colombia,0.9870837330818176,1.4599212408065796,1,1,-116.98756527967498,1.4,1.0,1.6,0.7,1.0,0.0,3.0,0.0,7.0,7.0,0.0,1.0,0.0,0.0,95.0,Colombia,Australia,True
31,Round of 16,2026-07-07 20:00:00,Switzerland,Argentina,0.9452016353607178,2.154289484024048,1,3,-223.6304671819346,1.7,1.0,2.8,0.7,0.0,1.7,2.8,0.33,13.0,19.0,0.0,1.0,0.0,0.0,96.0,Argentina,Switzerland,False
31,Quarter-final,2026-07-09 20:00:00,Morocco,Senegal,1.2685425281524658,1.0508391857147217,0,0,-24.088266788558485,1.3,0.6,1.5,1.0,1.0,3.0,0.0,1.0,7.0,4.0,0.0,1.0,0.0,0.0,97.0,Senegal,Morocco,True
31,Quarter-final,2026-07-10 19:00:00,Portugal,Belgium,1.613467812538147,1.193021535873413,1,1,122.34002278816934,2.1,0.7,2.8,1.0,0.0,2.1,2.8,0.33,9.0,15.0,0.0,1.0,0.0,0.0,98.0,Belgium,Portugal,True
31,Quarter-final,2026-07-11 21:00:00,Paraguay,Mexico,0.9625755548477173,1.561643362045288,1,2,-119.07683667299511,1.1,1.4,1.8,0.4,2.0,1.5,0.5,1.0,9.0,18.0,0.0,1.0,0.0,0.0,99.0,Mexico,Paraguay,False
31,Quarter-final,2026-07-12 01:00:00,Colombia,Argentina,0.9561451077461243,1.4061187505722046,1,4,-128.63624565506802,1.3,0.8,3.1,0.7,3.0,1.0,1.0,0.3333333333333333,7.0,19.0,0.0,1.0,0.0,0.0,100.0,Argentina,Colombia,False
31,Semi-final,2026-07-14 19:00:00,Senegal,Belgium,1.2193171977996826,1.3537236452102661,1,0,17.376756050351105,1.4,1.0,2.5,0.9,0.0,1.4,2.5,0.33,4.0,15.0,0.0,1.0,0.0,0.0,101.0,Senegal,Belgium,False
31,Semi-final,2026-07-15 19:00:00,Mexico,Argentina,0.8895783424377441,1.9257616996765137,0,1,-195.92822567586563,1.9,0.5,3.4,0.8,1.0,0.0,2.0,0.0,18.0,19.0,0.0,1.0,0.0,0.0,102.0,Argentina,Mexico,False
31,Third-place playoff,2026-07-18 21:00:00,Belgium,Mexico,1.095609188079834,1.602118968963623,1,3,-55.27414291349601,2.4,0.9,1.8,0.6,1.0,1.0,1.0,0.0,15.0,18.0,0.0,1.0,0.0,0.0,103.0,Mexico,Belgium,False
31,Final,2026-07-19 19:00:00,Senegal,Argentina,0.8473821878433228,2.0068440437316895,2,1,-206.17086538445278,1.4,1.0,2.9,0.8,0.0,1.4,2.9,0.33,4.0,19.0,0.0,1.0,0.0,0.0,104.0,Senegal,Argentina,False
32,Group stage,2026-06-11 00:00:00,Mexico,South Africa,2.1329286098480225,0.6023440957069397,2,1,297.64561459530705,1.1,1.0,1.5,1.1,0.0,1.1,1.5,0.33,17.0,3.0,1.0,0.0,0.0,0.0,,,,
32,Group stage,2026-06-11 00:00:00,South Korea,Czech Republic,1.656619668006897,0.9059049487113953,4,3,98.40437375226111,1.5,1.2,1.8,1.2,0.0,1.5,1.8,0.33,11.0,1.0,0.0,1.0,0.0,0.0,,,,
32,Group stage,2026-06-12 00:00:00,Canada,Bosnia and Herzegovina,2.178720712661743,0.6230993866920471,2,1,252.19701310772894,1.1,0.4,2.1,1.1,0.0,1.1,2.1,0.33,2.0,1.0,1.0,0.0,0.0,0.0,,,,
32,Group stage,2026-06-12 00:00:00,United States,Paraguay,1.3273921012878418,1.1478886604309082,0,0,-90.4406608260008,1.7,1.6,1.0,1.0,1.0,2.0,1.0,1.0,11.0,8.0,1.0,0.0,0.0,0.0,,,,
32,Group stage,2026-06-13 00:00:00,Australia,Turkey,1.306311845779419,1.4813357591629028,1,3,-47.69773714089274,1.5,0.9,2.1,1.4,0.0,1.5,2.1,0.33,6.0,2.0,0.0,1.0,0.0,0.0,,,,
32,Group stage,2026-06-13 00:00:00,Brazil,Morocco,1.3794176578521729,1.0310763120651245,0,1,71.7854817950124,1.8,0.8,1.8,0.5,1.0,1.0,2.0,0.0,22.0,6.0,0.0,1.0,0.0,0.0,,,,
32,Group stage,2026-06-13 00:00:00,Haiti,Scotland,0.8986091017723083,1.6037302017211914,0,2,-128.96035980586862,1.2,1.1,1.8,1.2,0.0,1.2,1.8,0.33,1.0,8.0,0.0,1.0,0.0,0.0,,,,
32,Group stage,2026-06-13 00:00:00,Qatar,Switzerland,0.5497463941574097,2.393497943878174,1,1,-360.84472108477416,0.9,1.9,2.5,0.8,0.0,0.9,2.5,0.33,1.0,12.0,0.0,1.0,0.0,0.0,,,,
32,Group stage,2026-06-14 00:00:00,Germany,Curaçao,2.8003809452056885,0.6807331442832947,4,1,361.1352259778141,2.3,1.1,1.6,1.3,0.0,2.3,1.6,0.33,20.0,0.0,0.0,1.0,0.0,0.0,,,,
32,Group stage,2026-06-14 00:00:00,Ivory Coast,Ecuador,0.7578378915786743,1.6096333265304565,2,2,-219.15155902699053,2.0,0.7,0.7,0.4,0.0,2.0,0.7,0.33,3.0,4.0,0.0,1.0,0.0,0.0,,,,
32,Group stage,2026-06-14 00:00:00,Netherlands,Japan,1.4094085693359375,1.0377333164215088,2,0,19.05367466640928,3.0,0.6,1.8,0.7,0.0,3.0,1.8,0.33,11.0,7.0,0.0,1.0,0.0,0.0,,,,
32,Group stage,2026-06-14 00:00:00,Sweden,Tunisia,1.4389334917068481,1.2469319105148315,2,2,22.565366858667858,1.6,1.8,1.4,1.0,0.0,1.6,1.4,0.33,13.0,6.0,0.0,1.0,0.0,0.0,,,,
32,Group stage,2026-06-15 00:00:00,Belgium,Egypt,1.4515180587768555,0.9129274487495422,0,1,99.79242592327387,3.5,1.0,1.3,0.8,1.0,1.0,2.0,0.0,14.0,3.0,0.0,1.0,0.0,0.0,,,,
32,Group stage,2026-06-15 00:00:00,Iran,New Zealand,1.6201878786087036,0.738328218460083,2,3,142.34033556219924,1.6,0.7,0.9,1.5,0.0,1.6,0.9,0.33,6.0,2.0,0.0,1.0,0.0,0.0,,,,
32,Group stage,2026-06-15 00:00:00,Saudi Arabia,Uruguay,0.7248218059539795,1.7654508352279663,0,4,-283.38107610897714,0.9,1.3,1.0,0.9,0.0,0.9,1.0,0.33,6.0,14.0,0.0,1.0,0.0,0.0,,,,
32,Group stage,2026-06-15 00:00:00,Spain,Cape Verde,3.966179609298706,0.5665221810340881,6,0,563.2850614519855,3.1,0.8,1.7,1.0,0.0,3.1,1.7,0.33,16.0,0.0,0.0,1.0,0.0,0.0,,,,
32,Group stage,2026-06-16 00:00:00,Argentina,Algeria,2.156207323074341,0.7074368596076965,4,0,323.48300707879844,2.5,0.4,2.3,0.5,0.0,2.5,2.3,0.33,18.0,4.0,0.0,1.0,0.0,0.0,,,,
32,Group stage,2026-06-16 00:00:00,Austria,Jordan,2.314819097518921,0.9839795827865601,3,0,80.9944962008201,2.8,0.5,2.0,1.5,0.0,2.8,2.0,0.33,7.0,0.0,0.0,1.0,0.0,0.0,,,,
32,Group stage,2026-06-16 00:00:00,France,Senegal,2.243558645248413,0.8569515347480774,3,0,209.2497238875883,2.7,1.1,2.5,0.6,0.0,2.7,2.5,0.33,16.0,3.0,0.0,1.0,0.0,0.0,,,,
32,Group stage,2026-06-16 00:00:00,Iraq,Norway,0.7500935196876526,1.7158862352371216,0,0,-223.33641759859006,1.1,0.7,3.1,0.6,0.0,1.1,3.1,0.33,1.0,3.0,0.0,1.0,0.0,0.0,,,,
32,Group stage,2026-06-17 00:00:00,England,Croatia,1.630310297012329,1.0758646726608276,1,0,94.46756707201507,2.2,0.5,2.9,0.8,0.0,2.2,2.9,0.33,16.0,6.0,0.0,1.0,0.0,0.0,,,,
32,Group stage,2026-06-17 00:00:00,Ghana,Panama,0.8218146562576294,1.872027039527893,1,2,-237.5714618522527,1.5,1.3,1.3,0.8,0.0,1.5,1.3,0.33,4.0,1.0,0.0,1.0,0.0,0.0,,,,
32,Group stage,2026-06-17 00:00:00,Portugal,DR Congo,2.063178300857544,0.639021098613739,0,1,275.4864091486654,2.6,1.0,1.2,0.3,0.0,2.6,1.2,0.33,8.0,1.0,0.0,1.0,0.0,0.0,,,,
32,Group stage,2026-06-17 00:00:00,Uzbekistan,Colombia,0.7373384833335876,1.79137122631073,2,1,-213.1223064060914,1.5,0.7,2.1,1.0,0.0,1.5,2.1,0.33,0.0,6.0,0.0,1.0,0.0,0.0,,,,
32,Group stage,2026-06-18 00:00:00,Canada,Qatar,2.1320736408233643,0.45336854457855225,2,1,299.2118321064054,1.1,0.5,1.0,1.7,1.0,2.0,0.0,1.0,3.0,2.0,1.0,0.0,0.0,0.0,,,,
32,Group stage,2026-06-18 00:00:00,Czech Republic,South Africa,1.5806002616882324,1.02565598487854,1,1,101.39291214006926,1.9,1.6,1.5,1.2,0.0,1.9,1.5,0.33,2.0,4.0,0.0,1.0,0.0,0.0,,,,
32,Group stage,2026-06-18 00:00:00,Mexico,South Korea,1.6103737354278564,0.9815886616706848,1,0,65.4461194792193,1.1,0.9,1.7,1.5,1.0,2.0,2.0,0.0,18.0,12.0,1.0,0.0,0.0,0.0,,,,
32,Group stage,2026-06-18 00:00:00,Switzerland,Bosnia and Herzegovina,2.333515167236328,0.7457178831100464,4,2,281.15256020962124,2.2,0.7,2.1,1.3,0.0,2.2,2.1,0.33,13.0,2.0,0.0,1.0,0.0,0.0,,,,
32,Group stage,2026-06-19 00:00:00,Brazil,Haiti,2.365983486175537,0.60923171043396,2,1,352.00916665019554,1.8,0.9,1.1,1.2,0.0,1.8,1.1,0.33,23.0,2.0,0.0,1.0,0.0,0.0,,,,
32,Group stage,2026-06-19 00:00:00,Scotland,Morocco,0.8587309122085571,1.5504461526870728,2,4,-165.43872284812687,1.9,0.9,1.6,0.3,0.0,1.9,1.6,0.33,9.0,7.0,0.0,1.0,0.0,0.0,,,,
32,Group stage,2026-06-19 00:00:00,Turkey,Paraguay,1.561118483543396,1.0806738138198853,0,0,81.36531248268443,2.2,1.4,0.8,1.0,0.0,2.2,0.8,0.33,3.0,9.0,0.0,1.0,0.0,0.0,,,,
32,Group stage,2026-06-19 00:00:00,United States,Australia,1.44620943069458,1.1572425365447998,0,2,-48.03727773078731,1.5,1.5,1.5,1.2,1.0,2.0,1.0,1.0,12.0,7.0,1.0,0.0,0.0,0.0,,,,
32,Group stage,2026-06-20 00:00:00,Ecuador,Curaçao,2.4526302814483643,0.6148996949195862,2,0,391.9692511209835,0.9,0.6,1.6,1.6,0.0,0.9,1.6,0.33,5.0,1.0,0.0,1.0,0.0,0.0,,,,
32,Group stage,2026-06-20 00:00:00,Germany,Ivory Coast,1.9523539543151855,0.9037280678749084,1,2,178.1480152714173,2.6,1.0,1.9,0.9,0.0,2.6,1.9,0.33,21.0,4.0,0.0,1.0,0.0,0.0,,,,
32,Group stage,2026-06-20 00:00:00,Netherlands,Sweden,2.633770227432251,0.9538424611091614,3,1,283.9410470375726,3.0,0.6,1.6,2.0,0.0,3.0,1.6,0.33,12.0,14.0,0.0,1.0,0.0,0.0,,,,
32,Group stage,2026-06-20 00:00:00,Tunisia,Japan,0.8619835376739502,1.6752500534057617,1,3,-198.49204607083425,1.5,1.1,1.8,0.8,0.0,1.5,1.8,0.33,7.0,8.0,0.0,1.0,0.0,0.0,,,,
32,Group stage,2026-06-21 00:00:00,Belgium,Iran,1.55196213722229,1.1547845602035522,0,1,24.435706710535896,3.4,1.0,1.6,1.0,0.0,3.4,1.6,0.33,15.0,7.0,0.0,1.0,0.0,0.0,,,,
32,Group stage,2026-06-21 00:00:00,New Zealand,Egypt,1.0608183145523071,1.4041246175765991,3,2,-60.46589175764802,1.1,1.7,1.4,0.5,1.0,0.0,1.0,0.0,3.0,4.0,0.0,1.0,0.0,0.0,,,,
32,Group stage,2026-06-21 00:00:00,Spain,Saudi Arabia,3.260310173034668,0.4452551007270813,3,2,558.7704866992292,3.2,0.4,0.9,1.7,0.0,3.2,0.9,0.33,17.0,7.0,0.0,1.0,0.0,0.0,,,,
32,Group stage,2026-06-21 00:00:00,Uruguay,Cape Verde,2.30936598777771,0.6734902858734131,2,3,334.3053201640723,1.4,0.7,1.4,1.6,0.0,1.4,1.4,0.33,15.0,1.0,0.0,1.0,0.0,0.0,,,,
32,Group stage,2026-06-22 00:00:00,Argentina,Austria,2.223062753677368,0.7735693454742432,4,2,284.33599569741045,2.5,0.3,2.9,0.4,0.0,2.5,2.9,0.33,19.0,8.0,0.0,1.0,0.0,0.0,,,,
32,Group stage,2026-06-22 00:00:00,France,Iraq,2.5830140113830566,0.47103893756866455,1,0,399.1011739624005,2.6,0.6,1.0,0.7,0.0,2.6,1.0,0.33,17.0,2.0,0.0,1.0,0.0,0.0,,,,
32,Group stage,2026-06-22 00:00:00,Jordan,Algeria,1.0227594375610352,1.6636673212051392,1,1,-92.55108796332729,1.8,1.5,1.8,0.8,0.0,1.8,1.8,0.33,1.0,5.0,0.0,1.0,0.0,0.0,,,,
32,Group stage,2026-06-22 00:00:00,Norway,Senegal,1.4224177598953247,0.9972676634788513,5,1,47.916684086466375,2.8,0.6,1.7,0.9,0.0,2.8,1.7,0.33,4.0,4.0,0.0,1.0,0.0,0.0,,,,
32,Group stage,2026-06-23 00:00:00,Colombia,DR Congo,1.8404521942138672,0.7088188529014587,1,2,185.2761641797906,2.2,1.2,1.2,0.3,0.0,2.2,1.2,0.33,7.0,2.0,0.0,1.0,0.0,0.0,,,,
32,Group stage,2026-06-23 00:00:00,England,Ghana,2.799750566482544,0.7144852876663208,3,0,491.63324414278895,2.2,0.5,1.5,1.3,0.0,2.2,1.5,0.33,17.0,5.0,0.0,1.0,0.0,0.0,,,,
32,Group stage,2026-06-23 00:00:00,Panama,Croatia,1.0234224796295166,1.4591513872146606,1,3,-91.15619886876584,1.5,0.9,2.2,0.9,0.0,1.5,2.2,0.33,2.0,7.0,0.0,1.0,0.0,0.0,,,,
32,Group stage,2026-06-23 00:00:00,Portugal,Uzbekistan,1.723759412765503,0.874161958694458,1,1,110.93756031782618,2.4,1.0,1.5,0.6,0.0,2.4,1.5,0.33,9.0,1.0,0.0,1.0,0.0,0.0,,,,
32,Group stage,2026-06-24 00:00:00,Bosnia and Herzegovina,Qatar,1.7805125713348389,1.2905445098876953,4,1,23.641538525948363,2.2,1.5,0.9,1.7,0.0,2.2,0.9,0.33,2.0,2.0,0.0,1.0,0.0,0.0,,,,
32,Group stage,2026-06-24 00:00:00,Canada,Switzerland,1.2621335983276367,1.032837986946106,1,2,-24.403613874208077,1.2,0.5,2.2,0.9,0.0,1.2,2.2,0.33,3.0,13.0,1.0,0.0,0.0,0.0,,,,
32,Group stage,2026-06-24 00:00:00,Mexico,Czech Republic,2.037821054458618,0.6638087034225464,2,1,232.51589335495237,1.2,0.5,1.9,1.2,0.0,1.2,1.9,0.33,18.0,2.0,1.0,0.0,0.0,0.0,,,,
32,Group stage,2026-06-24 00:00:00,Morocco,Haiti,2.2445504665374756,0.5214201807975769,2,1,384.4923982091484,1.8,0.5,1.1,1.2,0.0,1.8,1.1,0.33,7.0,2.0,0.0,1.0,0.0,0.0,,,,
32,Group stage,2026-06-24 00:00:00,Scotland,Brazil,0.914470374584198,2.0625317096710205,1,4,-197.04598357035093,1.7,1.3,1.9,1.0,0.0,1.7,1.9,0.33,9.0,23.0,0.0,1.0,0.0,0.0,,,,
32,Group stage,2026-06-24 00:00:00,South Africa,South Korea,0.9315930604934692,1.969780683517456,1,0,-218.02479909837984,1.6,1.3,1.3,1.6,0.0,1.6,1.3,0.33,4.0,12.0,0.0,1.0,0.0,0.0,,,,
32,Group stage,2026-06-25 00:00:00,Curaçao,Ivory Coast,0.7340739965438843,2.1845343112945557,1,0,-259.0273914296606,1.5,1.6,2.1,0.9,0.0,1.5,2.1,0.33,1.0,4.0,0.0,1.0,0.0,0.0,,,,
32,Group stage,2026-06-25 00:00:00,Ecuador,Germany,1.39694344997406,1.3158808946609497,3,1,60.183471527278925,1.1,0.6,2.7,1.0,0.0,1.1,2.7,0.33,5.0,21.0,0.0,1.0,0.0,0.0,,,,
32,Group stage,2026-06-25 00:00:00,Japan,Sweden,2.146712303161621,1.0346249341964722,2,0,216.27319326465317,1.5,0.9,1.3,2.0,0.0,1.5,1.3,0.33,8.0,14.0,0.0,1.0,0.0,0.0,,,,
32,Group stage,2026-06-25 00:00:00,Paraguay,Australia,1.1414880752563477,1.1789716482162476,0,0,-0.7267266951500915,0.8,0.9,1.5,1.1,0.0,0.8,1.5,0.33,9.0,7.0,0.0,1.0,0.0,0.0,,,,
32,Group stage,2026-06-25 00:00:00,Tunisia,Netherlands,0.6829699277877808,2.1089460849761963,0,2,-339.07006671980866,1.6,1.3,2.5,0.7,0.0,1.6,2.5,0.33,7.0,12.0,0.0,1.0,0.0,0.0,,,,
32,Group stage,2026-06-25 00:00:00,United States,Turkey,1.2546249628067017,1.4609036445617676,1,3,-218.23692898816785,1.4,1.5,2.2,1.3,1.0,1.0,2.0,0.0,12.0,3.0,1.0,0.0,0.0,0.0,,,,
32,Group stage,2026-06-26 00:00:00,Cape Verde,Saudi Arabia,1.5717864036560059,1.2518693208694458,1,2,40.56906126263971,1.6,1.7,1.0,2.0,0.0,1.6,1.0,0.33,1.0,7.0,0.0,1.0,0.0,0.0,,,,
32,Group stage,2026-06-26 00:00:00,Egypt,Iran,1.0186054706573486,1.2535537481307983,1,2,-65.85739874623323,1.4,0.7,1.5,0.8,0.0,1.4,1.5,0.33,4.0,7.0,0.0,1.0,0.0,0.0,,,,
32,Group stage,2026-06-26 00:00:00,New Zealand,Belgium,1.1867187023162842,1.5952129364013672,0,1,-16.208116797664616,1.3,1.7,3.0,0.8,0.0,1.3,3.0,0.33,3.0,15.0,0.0,1.0,0.0,0.0,,,,
32,Group stage,2026-06-26 00:00:00,Norway,France,1.0111891031265259,1.945419430732727,2,3,-166.71268098793144,3.2,0.7,2.5,0.6,0.0,3.2,2.5,0.33,4.0,17.0,0.0,1.0,0.0,0.0,,,,
32,Group stage,2026-06-26 00:00:00,Senegal,Iraq,1.4161754846572876,0.8281224966049194,0,1,98.35016446519558,1.5,1.4,0.9,0.8,0.0,1.5,0.9,0.33,4.0,2.0,0.0,1.0,0.0,0.0,,,,
32,Group stage,2026-06-26 00:00:00,Uruguay,Spain,0.8064032793045044,2.48931622505188,0,1,-293.23747007664997,1.4,1.0,3.3,0.4,0.0,1.4,3.3,0.33,15.0,17.0,0.0,1.0,0.0,0.0,,,,
32,Group stage,2026-06-27 00:00:00,Algeria,Austria,1.1503961086273193,1.4648324251174927,0,0,-62.545931594060676,1.7,0.9,2.7,0.8,0.0,1.7,2.7,0.33,5.0,8.0,0.0,1.0,0.0,0.0,,,,
32,Group stage,2026-06-27 00:00:00,Colombia,Portugal,1.323728322982788,1.431426763534546,2,1,-25.976784674919372,2.2,1.3,2.3,0.9,0.0,2.2,2.3,0.33,7.0,9.0,0.0,1.0,0.0,0.0,,,,
32,Group stage,2026-06-27 00:00:00,Croatia,Ghana,2.3123810291290283,0.6334832310676575,2,0,392.3969132479583,2.0,0.9,1.1,1.6,0.0,2.0,1.1,0.33,7.0,5.0,0.0,1.0,0.0,0.0,,,,
32,Group stage,2026-06-27 00:00:00,DR Congo,Uzbekistan,1.074556827545166,1.0256906747817993,2,1,-29.575537319299656,1.3,0.4,1.6,0.7,0.0,1.3,1.6,0.33,2.0,1.0,0.0,1.0,0.0,0.0,,,,
32,Group stage,2026-06-27 00:00:00,Jordan,Argentina,0.47022879123687744,3.3077094554901123,1,1,-453.14054912587767,1.7,1.3,2.8,0.5,0.0,1.7,2.8,0.33,1.0,19.0,0.0,1.0,0.0,0.0,,,,
32,Group stage,2026-06-27 00:00:00,Panama,England,0.721298098564148,2.054889678955078,0,3,-269.0080280259144,1.5,1.1,2.4,0.2,0.0,1.5,2.4,0.33,2.0,17.0,0.0,1.0,0.0,0.0,,,,
32,Round of 32,2026-06-28 19:00:00,South Africa,Canada,0.9486281275749207,1.5834354162216187,3,8,-158.87139255826037,1.4,1.3,1.0,0.7,0.0,1.4,1.0,0.33,4.0,3.0,0.0,1.0,0.0,0.0,73.0,Canada,South Africa,False
32,Round of 32,2026-06-29 17:00:00,Morocco,Japan,1.3273437023162842,1.0290789604187012,2,0,58.54677465581767,1.9,0.5,1.7,0.9,0.0,1.9,1.7,0.33,7.0,8.0,0.0,1.0,0.0,0.0,74.0,Morocco,Japan,False
32,Round of 32,2026-06-29 20:30:00,Ecuador,Scotland,1.8573884963989258,0.9043508768081665,2,0,242.48184495692158,1.4,0.7,1.8,1.7,0.0,1.4,1.8,0.33,5.0,9.0,0.0,1.0,0.0,0.0,75.0,Ecuador,Scotland,False
32,Round of 32,2026-06-30 01:00:00,Netherlands,Brazil,1.4306737184524536,1.4433072805404663,1,2,28.43707648192367,2.6,0.6,2.0,1.1,0.0,2.6,2.0,0.33,12.0,23.0,0.0,1.0,0.0,0.0,76.0,Brazil,Netherlands,False
32,Round of 32,2026-06-30 17:00:00,Ivory Coast,Norway,1.2002023458480835,2.074518918991089,0,3,-175.03845395039866,1.9,1.0,3.3,1.0,0.0,1.9,3.3,0.33,4.0,4.0,0.0,1.0,0.0,0.0,77.0,Norway,Ivory Coast,False
32,Round of 32,2026-06-30 21:00:00,France,Paraguay,2.0768706798553467,0.7725116610527039,6,4,264.2879081076685,2.6,0.8,0.8,0.9,0.0,2.6,0.8,0.33,17.0,9.0,0.0,1.0,0.0,0.0,78.0,France,Paraguay,False
32,Round of 32,2026-07-01 01:00:00,Mexico,Germany,1.4175924062728882,1.4136148691177368,1,1,76.31712235783948,1.3,0.5,2.8,1.1,1.0,2.0,2.0,0.0,18.0,21.0,0.0,1.0,0.0,0.0,79.0,Mexico,Germany,True
32,Round of 32,2026-07-01 16:00:00,England,Colombia,1.7538317441940308,0.9431943893432617,1,1,133.35902453732433,2.5,0.2,2.1,1.4,0.0,2.5,2.1,0.33,17.0,7.0,0.0,1.0,0.0,0.0,80.0,England,Colombia,True
32,Round of 32,2026-07-01 20:00:00,New Zealand,South Korea,1.2774440050125122,1.5576218366622925,0,1,-41.75030429808089,1.3,1.7,1.1,1.7,0.0,1.3,1.1,0.33,3.0,12.0,0.0,1.0,0.0,0.0,81.0,South Korea,New Zealand,False
32,Round of 32,2026-07-02 00:00:00,Turkey,Bosnia and Herzegovina,2.564727544784546,0.7563796043395996,3,0,350.81152809004516,2.2,1.2,2.0,1.6,0.0,2.2,2.0,0.33,3.0,2.0,0.0,1.0,0.0,0.0,82.0,Turkey,Bosnia and Herzegovina,False
32,Round of 32,2026-07-02 19:00:00,Uzbekistan,Croatia,0.876896321773529,1.6317927837371826,0,0,-143.74285605344926,1.4,0.9,2.1,0.9,0.0,1.4,2.1,0.33,1.0,7.0,0.0,1.0,0.0,0.0,83.0,Uzbekistan,Croatia,True
32,Round of 32,2026-07-02 23:00:00,Spain,Austria,2.379751443862915,0.719825029373169,5,0,348.3235566370431,3.1,0.4,2.6,0.8,0.0,3.1,2.6,0.33,17.0,8.0,0.0,1.0,0.0,0.0,84.0,Spain,Austria,False
32,Round of 32,2026-07-03 03:00:00,Switzerland,Egypt,1.7415122985839844,0.8479949235916138,2,1,178.88522428921783,2.0,1.0,1.4,0.9,0.0,2.0,1.4,0.33,13.0,4.0,0.0,1.0,0.0,0.0,85.0,Switzerland,Egypt,False
32,Round of 32,2026-07-03 18:00:00,Australia,Iran,1.1700866222381592,1.1226425170898438,0,1,19.504496242092955,1.4,1.1,1.7,0.8,0.0,1.4,1.7,0.33,7.0,7.0,0.0,1.0,0.0,0.0,86.0,Iran,Australia,False
32,Round of 32,2026-07-03 22:00:00,Argentina,Uruguay,1.8043973445892334,1.0094071626663208,1,2,256.7560552741427,2.8,0.5,1.1,1.1,2.0,0.5,1.0,0.5,19.0,15.0,0.0,1.0,0.0,0.0,87.0,Uruguay,Argentina,False
32,Round of 32,2026-07-04 01:30:00,DR Congo,Iraq,1.2751110792160034,0.7217434644699097,1,0,100.76686116750511,1.4,0.5,1.0,0.8,0.0,1.4,1.0,0.33,2.0,2.0,0.0,1.0,0.0,0.0,88.0,DR Congo,Iraq,False
32,Round of 16,2026-07-04 17:00:00,Canada,Ecuador,0.9144033789634705,1.541629433631897,1,0,-160.99370983255994,1.7,1.0,1.5,0.7,1.0,0.0,0.0,0.0,3.0,5.0,0.0,1.0,0.0,0.0,89.0,Canada,Ecuador,False
32,Round of 16,2026-07-04 21:00:00,Morocco,Norway,1.427757978439331,1.0304985046386719,5,1,75.16914172445422,1.8,0.5,2.5,0.9,0.0,1.8,2.5,0.33,7.0,4.0,0.0,1.0,0.0,0.0,90.0,Morocco,Norway,False
32,Round of 16,2026-07-05 20:00:00,Brazil,France,1.1551114320755005,1.8613238334655762,1,5,-116.73302007801476,2.2,1.1,3.0,1.1,1.0,1.0,2.0,0.0,23.0,17.0,0.0,1.0,0.0,0.0,91.0,France,Brazil,False
32,Round of 16,2026-07-06 00:00:00,Mexico,England,0.87074214220047,1.6636403799057007,0,3,-134.071614766302,1.4,0.6,2.1,0.3,0.0,1.4,2.1,0.33,18.0,17.0,0.0,1.0,0.0,0.0,92.0,England,Mexico,False
32,Round of 16,2026-07-06 19:00:00,Uzbekistan,Spain,0.5192008018493652,2.6549103260040283,0,1,-351.8451037256293,1.2,0.9,3.0,0.4,0.0,1.2,3.0,0.33,1.0,17.0,0.0,1.0,0.0,0.0,93.0,Spain,Uzbekistan,False
32,Round of 16,2026-07-07 00:00:00,South Korea,Turkey,1.0652474164962769,1.712458610534668,1,1,-169.7653527208056,1.0,1.5,2.5,0.6,0.0,1.0,2.5,0.33,12.0,3.0,0.0,1.0,0.0,0.0,94.0,Turkey,South Korea,True
32,Round of 16,2026-07-07 16:00:00,Iran,DR Congo,1.1650934219360352,1.0008575916290283,1,0,14.595060625066026,1.5,0.8,1.4,0.4,0.0,1.5,1.4,0.33,7.0,2.0,0.0,1.0,0.0,0.0,95.0,Iran,DR Congo,False
32,Round of 16,2026-07-07 20:00:00,Switzerland,Uruguay,1.291153907775879,1.4237146377563477,2,0,3.773924618373485,1.9,1.1,1.3,1.2,0.0,1.9,1.3,0.33,13.0,15.0,0.0,1.0,0.0,0.0,96.0,Switzerland,Uruguay,False
32,Quarter-final,2026-07-09 20:00:00,Canada,Morocco,0.9070761799812317,1.569179654121399,2,0,-186.4392021559297,1.8,0.9,2.2,0.6,1.0,1.0,2.0,0.0,3.0,7.0,0.0,1.0,0.0,0.0,97.0,Canada,Morocco,False
32,Quarter-final,2026-07-10 19:00:00,Spain,Turkey,1.9740287065505981,0.7906173467636108,1,0,215.25360232400953,2.9,0.4,2.0,0.6,2.0,4.0,1.0,0.5,17.0,3.0,0.0,1.0,0.0,0.0,98.0,Spain,Turkey,False
32,Quarter-final,2026-07-11 21:00:00,France,England,1.356858730316162,1.3746845722198486,0,0,60.54096864245503,3.2,1.2,2.1,0.3,1.0,2.0,1.0,1.0,17.0,17.0,0.0,1.0,0.0,0.0,99.0,France,England,True
32,Quarter-final,2026-07-12 01:00:00,Iran,Switzerland,1.0823285579681396,1.346698522567749,1,1,-64.14304125638955,1.5,0.6,1.9,1.1,0.0,1.5,1.9,0.33,7.0,13.0,0.0,1.0,0.0,0.0,100.0,Switzerland,Iran,True
32,Semi-final,2026-07-14 19:00:00,Canada,Spain,0.7831942439079285,2.3774757385253906,2,2,-262.7030707015674,2.0,0.9,2.6,0.4,0.0,2.0,2.6,0.33,3.0,17.0,0.0,1.0,0.0,0.0,101.0,Canada,Spain,True
32,Semi-final,2026-07-15 19:00:00,France,Switzerland,2.1161105632781982,0.9937639236450195,0,2,213.09124872067605,3.0,1.0,2.0,1.2,0.0,3.0,2.0,0.33,17.0,13.0,0.0,1.0,0.0,0.0,102.0,Switzerland,France,False
32,Third-place playoff,2026-07-18 21:00:00,Spain,France,1.5558910369873047,1.4991354942321777,2,1,32.342547690457195,2.4,0.6,2.6,1.2,2.0,3.5,2.5,1.0,17.0,17.0,0.0,1.0,0.0,0.0,103.0,Spain,France,False
32,Final,2026-07-19 19:00:00,Canada,Switzerland,1.1160190105438232,1.4874591827392578,3,3,-58.12387932670981,2.2,1.1,1.8,1.1,1.0,1.0,2.0,0.0,3.0,13.0,0.0,1.0,0.0,0.0,104.0,Switzerland,Canada,True
33,Group stage,2026-06-11 00:00:00,Mexico,South Africa,2.1329286098480225,0.6023440957069397,0,0,297.64561459530705,1.1,1.0,1.5,1.1,0.0,1.1,1.5,0.33,17.0,3.0,1.0,0.0,0.0,0.0,,,,
33,Group stage,2026-06-11 00:00:00,South Korea,Czech Republic,1.656619668006897,0.9059049487113953,0,3,98.40437375226111,1.5,1.2,1.8,1.2,0.0,1.5,1.8,0.33,11.0,1.0,0.0,1.0,0.0,0.0,,,,
33,Group stage,2026-06-12 00:00:00,Canada,Bosnia and Herzegovina,2.178720712661743,0.6230993866920471,1,2,252.19701310772894,1.1,0.4,2.1,1.1,0.0,1.1,2.1,0.33,2.0,1.0,1.0,0.0,0.0,0.0,,,,
33,Group stage,2026-06-12 00:00:00,United States,Paraguay,1.3273921012878418,1.1478886604309082,2,0,-90.4406608260008,1.7,1.6,1.0,1.0,1.0,2.0,1.0,1.0,11.0,8.0,1.0,0.0,0.0,0.0,,,,
33,Group stage,2026-06-13 00:00:00,Australia,Turkey,1.306311845779419,1.4813357591629028,1,1,-47.69773714089274,1.5,0.9,2.1,1.4,0.0,1.5,2.1,0.33,6.0,2.0,0.0,1.0,0.0,0.0,,,,
33,Group stage,2026-06-13 00:00:00,Brazil,Morocco,1.3794176578521729,1.0310763120651245,2,1,71.7854817950124,1.8,0.8,1.8,0.5,1.0,1.0,2.0,0.0,22.0,6.0,0.0,1.0,0.0,0.0,,,,
33,Group stage,2026-06-13 00:00:00,Haiti,Scotland,0.8986091017723083,1.6037302017211914,1,2,-128.96035980586862,1.2,1.1,1.8,1.2,0.0,1.2,1.8,0.33,1.0,8.0,0.0,1.0,0.0,0.0,,,,
33,Group stage,2026-06-13 00:00:00,Qatar,Switzerland,0.5497463941574097,2.393497943878174,0,4,-360.84472108477416,0.9,1.9,2.5,0.8,0.0,0.9,2.5,0.33,1.0,12.0,0.0,1.0,0.0,0.0,,,,
33,Group stage,2026-06-14 00:00:00,Germany,Curaçao,2.8003809452056885,0.6807331442832947,3,1,361.1352259778141,2.3,1.1,1.6,1.3,0.0,2.3,1.6,0.33,20.0,0.0,0.0,1.0,0.0,0.0,,,,
33,Group stage,2026-06-14 00:00:00,Ivory Coast,Ecuador,0.7578378915786743,1.6096333265304565,0,3,-219.15155902699053,2.0,0.7,0.7,0.4,0.0,2.0,0.7,0.33,3.0,4.0,0.0,1.0,0.0,0.0,,,,
33,Group stage,2026-06-14 00:00:00,Netherlands,Japan,1.4094085693359375,1.0377333164215088,0,1,19.05367466640928,3.0,0.6,1.8,0.7,0.0,3.0,1.8,0.33,11.0,7.0,0.0,1.0,0.0,0.0,,,,
33,Group stage,2026-06-14 00:00:00,Sweden,Tunisia,1.4389334917068481,1.2469319105148315,2,2,22.565366858667858,1.6,1.8,1.4,1.0,0.0,1.6,1.4,0.33,13.0,6.0,0.0,1.0,0.0,0.0,,,,
33,Group stage,2026-06-15 00:00:00,Belgium,Egypt,1.4515180587768555,0.9129274487495422,4,0,99.79242592327387,3.5,1.0,1.3,0.8,1.0,1.0,2.0,0.0,14.0,3.0,0.0,1.0,0.0,0.0,,,,
33,Group stage,2026-06-15 00:00:00,Iran,New Zealand,1.6201878786087036,0.738328218460083,1,0,142.34033556219924,1.6,0.7,0.9,1.5,0.0,1.6,0.9,0.33,6.0,2.0,0.0,1.0,0.0,0.0,,,,
33,Group stage,2026-06-15 00:00:00,Saudi Arabia,Uruguay,0.7248218059539795,1.7654508352279663,0,1,-283.38107610897714,0.9,1.3,1.0,0.9,0.0,0.9,1.0,0.33,6.0,14.0,0.0,1.0,0.0,0.0,,,,
33,Group stage,2026-06-15 00:00:00,Spain,Cape Verde,3.966179609298706,0.5665221810340881,3,0,563.2850614519855,3.1,0.8,1.7,1.0,0.0,3.1,1.7,0.33,16.0,0.0,0.0,1.0,0.0,0.0,,,,
33,Group stage,2026-06-16 00:00:00,Argentina,Algeria,2.156207323074341,0.7074368596076965,1,2,323.48300707879844,2.5,0.4,2.3,0.5,0.0,2.5,2.3,0.33,18.0,4.0,0.0,1.0,0.0,0.0,,,,
33,Group stage,2026-06-16 00:00:00,Austria,Jordan,2.314819097518921,0.9839795827865601,2,1,80.9944962008201,2.8,0.5,2.0,1.5,0.0,2.8,2.0,0.33,7.0,0.0,0.0,1.0,0.0,0.0,,,,
33,Group stage,2026-06-16 00:00:00,France,Senegal,2.243558645248413,0.8569515347480774,2,3,209.2497238875883,2.7,1.1,2.5,0.6,0.0,2.7,2.5,0.33,16.0,3.0,0.0,1.0,0.0,0.0,,,,
33,Group stage,2026-06-16 00:00:00,Iraq,Norway,0.7500935196876526,1.7158862352371216,1,0,-223.33641759859006,1.1,0.7,3.1,0.6,0.0,1.1,3.1,0.33,1.0,3.0,0.0,1.0,0.0,0.0,,,,
33,Group stage,2026-06-17 00:00:00,England,Croatia,1.630310297012329,1.0758646726608276,0,2,94.46756707201507,2.2,0.5,2.9,0.8,0.0,2.2,2.9,0.33,16.0,6.0,0.0,1.0,0.0,0.0,,,,
33,Group stage,2026-06-17 00:00:00,Ghana,Panama,0.8218146562576294,1.872027039527893,2,3,-237.5714618522527,1.5,1.3,1.3,0.8,0.0,1.5,1.3,0.33,4.0,1.0,0.0,1.0,0.0,0.0,,,,
33,Group stage,2026-06-17 00:00:00,Portugal,DR Congo,2.063178300857544,0.639021098613739,1,0,275.4864091486654,2.6,1.0,1.2,0.3,0.0,2.6,1.2,0.33,8.0,1.0,0.0,1.0,0.0,0.0,,,,
33,Group stage,2026-06-17 00:00:00,Uzbekistan,Colombia,0.7373384833335876,1.79137122631073,0,1,-213.1223064060914,1.5,0.7,2.1,1.0,0.0,1.5,2.1,0.33,0.0,6.0,0.0,1.0,0.0,0.0,,,,
33,Group stage,2026-06-18 00:00:00,Canada,Qatar,2.1706080436706543,0.522735059261322,3,1,275.05685453848173,1.0,0.6,0.9,2.0,1.0,2.0,0.0,1.0,3.0,2.0,1.0,0.0,0.0,0.0,,,,
33,Group stage,2026-06-18 00:00:00,Czech Republic,South Africa,1.5832021236419678,0.8904981017112732,1,1,160.10049089078393,1.9,1.2,1.4,1.0,0.0,1.9,1.4,0.33,2.0,4.0,0.0,1.0,0.0,0.0,,,,
33,Group stage,2026-06-18 00:00:00,Mexico,South Korea,1.584083080291748,0.9228880405426025,3,3,124.15369822993398,0.9,0.8,1.3,1.5,1.0,2.0,2.0,0.0,18.0,12.0,1.0,0.0,0.0,0.0,,,,
33,Group stage,2026-06-18 00:00:00,Switzerland,Bosnia and Herzegovina,2.3531785011291504,0.7612304091453552,3,2,256.9975826416976,2.5,0.6,2.2,1.2,0.0,2.5,2.2,0.33,13.0,2.0,0.0,1.0,0.0,0.0,,,,
33,Group stage,2026-06-19 00:00:00,Brazil,Haiti,2.718518018722534,0.6512902975082397,4,1,402.33448841443465,2.0,0.9,1.2,1.2,0.0,2.0,1.2,0.33,23.0,2.0,0.0,1.0,0.0,0.0,,,,
33,Group stage,2026-06-19 00:00:00,Scotland,Morocco,0.9722540974617004,1.4859405755996704,1,1,-115.11340108388777,1.9,1.0,1.6,0.5,0.0,1.9,1.6,0.33,9.0,7.0,0.0,1.0,0.0,0.0,,,,
33,Group stage,2026-06-19 00:00:00,Turkey,Paraguay,1.4592446088790894,1.0623494386672974,0,0,82.99914318295032,2.0,1.4,0.8,1.2,0.0,2.0,0.8,0.33,3.0,9.0,0.0,1.0,0.0,0.0,,,,
33,Group stage,2026-06-19 00:00:00,United States,Australia,1.4390031099319458,1.1611307859420776,4,0,-46.40344703052142,1.7,1.5,1.5,1.0,1.0,2.0,1.0,1.0,12.0,7.0,1.0,0.0,0.0,0.0,,,,
33,Group stage,2026-06-20 00:00:00,Ecuador,Curaçao,2.676652431488037,0.5985035300254822,2,0,430.23364272634217,1.0,0.4,1.6,1.5,0.0,1.0,1.6,0.33,5.0,1.0,0.0,1.0,0.0,0.0,,,,
33,Group stage,2026-06-20 00:00:00,Germany,Ivory Coast,2.097902774810791,0.8135637640953064,2,1,216.412406876776,2.5,1.0,1.7,1.0,0.0,2.5,1.7,0.33,21.0,4.0,0.0,1.0,0.0,0.0,,,,
33,Group stage,2026-06-20 00:00:00,Netherlands,Sweden,2.516119956970215,1.0633794069290161,4,1,209.76283661348316,2.8,0.7,1.6,2.0,0.0,2.8,1.6,0.33,12.0,14.0,0.0,1.0,0.0,0.0,,,,
33,Group stage,2026-06-20 00:00:00,Tunisia,Japan,0.774753987789154,1.8277620077133179,2,2,-272.6702564949237,1.5,1.1,1.9,0.6,0.0,1.5,1.9,0.33,7.0,8.0,0.0,1.0,0.0,0.0,,,,
33,Group stage,2026-06-21 00:00:00,Belgium,Iran,1.5260884761810303,1.0941648483276367,1,0,43.346748915275384,3.8,0.9,1.5,0.7,0.0,3.8,1.5,0.33,15.0,7.0,0.0,1.0,0.0,0.0,,,,
33,Group stage,2026-06-21 00:00:00,New Zealand,Egypt,1.079552173614502,1.2948906421661377,2,0,-41.55484955290831,0.8,1.6,1.3,0.9,1.0,0.0,1.0,0.0,3.0,4.0,0.0,1.0,0.0,0.0,,,,
33,Group stage,2026-06-21 00:00:00,Spain,Saudi Arabia,3.0343856811523438,0.4673179090023041,3,0,549.3326254945928,2.9,0.4,0.9,1.4,0.0,2.9,0.9,0.33,17.0,7.0,0.0,1.0,0.0,0.0,,,,
33,Group stage,2026-06-21 00:00:00,Uruguay,Cape Verde,2.193833827972412,0.6695301532745361,5,0,324.8674589594359,1.1,0.7,1.4,1.3,0.0,1.1,1.4,0.33,15.0,1.0,0.0,1.0,0.0,0.0,,,,
33,Group stage,2026-06-22 00:00:00,Argentina,Austria,2.0504302978515625,0.830121636390686,0,0,234.62481185399338,2.2,0.5,2.8,0.5,0.0,2.2,2.8,0.33,19.0,8.0,0.0,1.0,0.0,0.0,,,,
33,Group stage,2026-06-22 00:00:00,France,Iraq,2.279869794845581,0.6220418214797974,3,0,298.7210746627834,2.5,0.9,1.1,0.7,0.0,2.5,1.1,0.33,17.0,2.0,0.0,1.0,0.0,0.0,,,,
33,Group stage,2026-06-22 00:00:00,Jordan,Algeria,0.9285857081413269,1.7127940654754639,0,1,-142.26227180674437,1.9,1.4,2.0,0.5,0.0,1.9,2.0,0.33,1.0,5.0,0.0,1.0,0.0,0.0,,,,
33,Group stage,2026-06-22 00:00:00,Norway,Senegal,1.2004238367080688,1.3082513809204102,2,3,-52.46341521315071,2.8,0.7,2.0,0.8,0.0,2.8,2.0,0.33,4.0,4.0,0.0,1.0,0.0,0.0,,,,
33,Group stage,2026-06-23 00:00:00,Colombia,DR Congo,2.020598888397217,0.6266481280326843,1,1,305.2761641797906,2.2,1.0,1.1,0.4,0.0,2.2,1.1,0.33,7.0,2.0,0.0,1.0,0.0,0.0,,,,
33,Group stage,2026-06-23 00:00:00,England,Ghana,2.5070302486419678,0.759204626083374,4,1,412.6523723812825,2.1,0.7,1.6,1.4,0.0,2.1,1.6,0.33,17.0,5.0,0.0,1.0,0.0,0.0,,,,
33,Group stage,2026-06-23 00:00:00,Panama,Croatia,0.950901985168457,1.7347720861434937,0,2,-170.13707063027232,1.6,1.0,2.4,0.8,0.0,1.6,2.4,0.33,2.0,7.0,0.0,1.0,0.0,0.0,,,,
33,Group stage,2026-06-23 00:00:00,Portugal,Uzbekistan,2.0232434272766113,0.7690333127975464,1,2,230.93756031782618,2.5,0.9,1.3,0.6,0.0,2.5,1.3,0.33,9.0,1.0,0.0,1.0,0.0,0.0,,,,
33,Group stage,2026-06-24 00:00:00,Bosnia and Herzegovina,Qatar,2.3510513305664062,0.9280882477760315,3,0,127.08050467769249,2.3,1.3,0.8,2.1,0.0,2.3,0.8,0.33,2.0,2.0,0.0,1.0,0.0,0.0,,,,
33,Group stage,2026-06-24 00:00:00,Canada,Switzerland,1.1189950704574585,1.2350389957427979,3,1,-112.65469258661665,1.2,0.6,2.4,0.8,0.0,1.2,2.4,0.33,3.0,13.0,1.0,0.0,0.0,0.0,,,,
33,Group stage,2026-06-24 00:00:00,Mexico,Czech Republic,1.6200824975967407,0.8203518986701965,1,0,84.45939737811409,1.2,0.7,1.9,0.8,0.0,1.2,1.9,0.33,18.0,2.0,1.0,0.0,0.0,0.0,,,,
33,Group stage,2026-06-24 00:00:00,Morocco,Haiti,2.02956485748291,0.6594377160072327,0,1,282.61068198106113,1.5,0.6,1.2,1.4,0.0,1.5,1.2,0.33,7.0,2.0,0.0,1.0,0.0,0.0,,,,
33,Group stage,2026-06-24 00:00:00,Scotland,Brazil,0.906898558139801,2.176640510559082,2,4,-234.51362381378544,1.6,1.1,2.3,1.0,0.0,1.6,2.3,0.33,9.0,23.0,0.0,1.0,0.0,0.0,,,,
33,Group stage,2026-06-24 00:00:00,South Africa,South Korea,1.1159662008285522,1.6065460443496704,0,2,-128.66613757378877,1.5,1.1,1.2,1.8,0.0,1.5,1.2,0.33,4.0,12.0,0.0,1.0,0.0,0.0,,,,
33,Group stage,2026-06-25 00:00:00,Curaçao,Ivory Coast,0.9895079135894775,1.8593229055404663,0,2,-158.30333323598575,1.5,1.5,1.8,1.1,0.0,1.5,1.8,0.33,1.0,4.0,0.0,1.0,0.0,0.0,,,,
33,Group stage,2026-06-25 00:00:00,Ecuador,Germany,1.2214940786361694,1.273430585861206,0,1,42.65830144991537,1.2,0.4,2.7,0.9,0.0,1.2,2.7,0.33,5.0,21.0,0.0,1.0,0.0,0.0,,,,
33,Group stage,2026-06-25 00:00:00,Japan,Sweden,2.158599853515625,0.987339198589325,2,0,258.4978250628899,1.5,0.8,1.3,2.1,0.0,1.5,1.3,0.33,8.0,14.0,0.0,1.0,0.0,0.0,,,,
33,Group stage,2026-06-25 00:00:00,Paraguay,Australia,1.1796878576278687,1.1683903932571411,4,0,11.18715347967418,0.8,1.1,1.3,1.3,0.0,0.8,1.3,0.33,9.0,7.0,0.0,1.0,0.0,0.0,,,,
33,Group stage,2026-06-25 00:00:00,Tunisia,Netherlands,0.9158364534378052,1.888808250427246,1,0,-232.93827766986647,1.7,1.2,2.4,0.8,0.0,1.7,2.4,0.33,7.0,12.0,0.0,1.0,0.0,0.0,,,,
33,Group stage,2026-06-25 00:00:00,United States,Turkey,1.533115029335022,1.1733200550079346,2,2,-31.241133158435332,2.0,1.3,2.0,1.3,1.0,1.0,2.0,0.0,12.0,3.0,1.0,0.0,0.0,0.0,,,,
33,Group stage,2026-06-26 00:00:00,Cape Verde,Saudi Arabia,1.2045059204101562,1.5159770250320435,1,0,-33.607104966808265,1.3,1.7,0.8,1.7,0.0,1.3,0.8,0.33,1.0,7.0,0.0,1.0,0.0,0.0,,,,
33,Group stage,2026-06-26 00:00:00,Egypt,Iran,0.8493450284004211,1.5933412313461304,2,3,-161.57324286300582,1.1,1.0,1.3,0.6,0.0,1.1,1.3,0.33,4.0,7.0,0.0,1.0,0.0,0.0,,,,
33,Group stage,2026-06-26 00:00:00,New Zealand,Belgium,0.8672094941139221,2.0460872650146484,2,3,-198.31435709037123,0.9,1.4,3.5,0.6,0.0,0.9,3.5,0.33,3.0,15.0,0.0,1.0,0.0,0.0,,,,
33,Group stage,2026-06-26 00:00:00,Norway,France,0.9731061458587646,2.3110523223876953,2,1,-210.8496656589782,2.9,1.0,2.6,0.9,0.0,2.9,2.6,0.33,4.0,17.0,0.0,1.0,0.0,0.0,,,,
33,Group stage,2026-06-26 00:00:00,Senegal,Iraq,1.936107873916626,0.7046463489532471,2,0,223.24734773547652,2.0,1.0,1.0,1.0,0.0,2.0,1.0,0.33,4.0,2.0,0.0,1.0,0.0,0.0,,,,
33,Group stage,2026-06-26 00:00:00,Uruguay,Spain,0.8652721047401428,1.9784430265426636,3,2,-234.55336282588587,1.4,0.7,3.0,0.2,0.0,1.4,3.0,0.33,15.0,17.0,0.0,1.0,0.0,0.0,,,,
33,Group stage,2026-06-27 00:00:00,Algeria,Austria,1.2174463272094727,1.1444085836410522,2,0,15.712770564951143,1.9,0.5,2.4,0.5,0.0,1.9,2.4,0.33,5.0,8.0,0.0,1.0,0.0,0.0,,,,
33,Group stage,2026-06-27 00:00:00,Colombia,Portugal,1.4014077186584473,1.2436041831970215,0,1,35.665106260896664,2.2,1.0,2.4,0.9,0.0,2.2,2.4,0.33,7.0,9.0,0.0,1.0,0.0,0.0,,,,
33,Group stage,2026-06-27 00:00:00,Croatia,Ghana,2.7143380641937256,0.6913243532180786,1,0,465.57321538597853,2.1,0.7,1.3,1.8,0.0,2.1,1.3,0.33,7.0,5.0,0.0,1.0,0.0,0.0,,,,
33,Group stage,2026-06-27 00:00:00,DR Congo,Uzbekistan,0.9665161371231079,1.1775208711624146,1,2,-91.21742825511569,1.1,0.5,1.5,0.7,0.0,1.1,1.5,0.33,2.0,1.0,0.0,1.0,0.0,0.0,,,,
33,Group stage,2026-06-27 00:00:00,Jordan,Argentina,0.5310924649238586,2.640422821044922,0,4,-362.5857776333919,1.7,1.2,2.1,0.5,0.0,1.7,2.1,0.33,1.0,19.0,0.0,1.0,0.0,0.0,,,,
33,Group stage,2026-06-27 00:00:00,Panama,England,0.8555428981781006,1.979852557182312,1,1,-184.2225866409217,1.5,1.1,2.4,0.5,0.0,1.5,2.4,0.33,2.0,17.0,0.0,1.0,0.0,0.0,,,,
33,Round of 32,2026-06-28 19:00:00,Czech Republic,Bosnia and Herzegovina,1.617558240890503,0.9629641175270081,1,2,99.91560652902399,1.7,0.9,2.0,1.3,0.0,1.7,2.0,0.33,2.0,2.0,0.0,1.0,0.0,0.0,73.0,Bosnia and Herzegovina,Czech Republic,False
33,Round of 32,2026-06-29 17:00:00,Brazil,Tunisia,2.2210047245025635,0.7495394349098206,4,0,288.2533688241058,2.4,1.2,1.6,1.0,2.0,3.0,1.0,0.5,23.0,7.0,0.0,1.0,0.0,0.0,74.0,Brazil,Tunisia,False
33,Round of 32,2026-06-29 20:30:00,Germany,Turkey,1.663597583770752,1.051586389541626,1,4,87.39053490125389,2.8,0.7,1.9,1.3,1.0,2.0,3.0,0.0,21.0,3.0,0.0,1.0,0.0,0.0,75.0,Turkey,Germany,False
33,Round of 32,2026-06-30 01:00:00,Japan,Scotland,1.6730505228042603,0.9741209745407104,1,0,185.68188898578887,1.7,0.8,1.8,1.5,1.0,1.0,0.0,1.0,8.0,9.0,0.0,1.0,0.0,0.0,76.0,Japan,Scotland,False
33,Round of 32,2026-06-30 17:00:00,Ecuador,France,1.1350765228271484,1.5031919479370117,0,2,-48.51025875079017,1.2,0.5,2.5,1.1,0.0,1.2,2.5,0.33,5.0,17.0,0.0,1.0,0.0,0.0,77.0,France,Ecuador,False
33,Round of 32,2026-06-30 21:00:00,Senegal,New Zealand,2.0180325508117676,0.7820518016815186,3,2,258.4895006476945,2.1,0.9,1.1,1.6,0.0,2.1,1.1,0.33,4.0,3.0,0.0,1.0,0.0,0.0,78.0,Senegal,New Zealand,False
33,Round of 32,2026-07-01 01:00:00,Mexico,Netherlands,1.1658034324645996,1.310308575630188,3,2,-25.137296339297563,1.2,0.6,2.3,0.8,0.0,1.2,2.3,0.33,18.0,12.0,0.0,1.0,0.0,0.0,79.0,Mexico,Netherlands,False
33,Round of 32,2026-07-01 16:00:00,Croatia,Colombia,1.432472825050354,1.05997633934021,0,1,59.8034244459152,2.1,0.7,1.9,1.1,1.0,2.0,1.0,1.0,7.0,7.0,0.0,1.0,0.0,0.0,80.0,Colombia,Croatia,False
33,Round of 32,2026-07-01 20:00:00,Belgium,South Korea,2.0948803424835205,1.106507420539856,2,2,134.078290504405,3.2,0.8,1.2,1.8,0.0,3.2,1.2,0.33,15.0,12.0,0.0,1.0,0.0,0.0,81.0,South Korea,Belgium,True
33,Round of 32,2026-07-02 00:00:00,United States,Switzerland,1.2422527074813843,1.4980018138885498,4,1,-7.073410996348684,2.2,1.3,2.1,1.1,1.0,0.0,4.0,0.0,12.0,13.0,0.0,1.0,0.0,0.0,82.0,United States,Switzerland,False
33,Round of 32,2026-07-02 19:00:00,Portugal,England,1.2200355529785156,1.515599250793457,1,1,24.142409721846207,2.0,0.9,2.3,0.6,0.0,2.0,2.3,0.33,9.0,17.0,0.0,1.0,0.0,0.0,83.0,England,Portugal,True
33,Round of 32,2026-07-02 23:00:00,Uruguay,Argentina,1.0244914293289185,1.4223113059997559,1,0,-78.87853079980209,1.4,0.9,2.4,0.4,2.0,1.0,0.5,0.5,15.0,19.0,0.0,1.0,0.0,0.0,84.0,Uruguay,Argentina,False
33,Round of 32,2026-07-03 03:00:00,Canada,Austria,1.1906903982162476,1.1182193756103516,0,0,25.50512344777212,1.2,0.7,2.3,0.7,0.0,1.2,2.3,0.33,3.0,8.0,0.0,1.0,0.0,0.0,85.0,Austria,Canada,True
33,Round of 32,2026-07-03 18:00:00,Paraguay,Iran,1.2347474098205566,1.0797988176345825,0,1,34.615104714001745,1.2,1.1,1.6,0.7,0.0,1.2,1.6,0.33,9.0,7.0,0.0,1.0,0.0,0.0,86.0,Iran,Paraguay,False
33,Round of 32,2026-07-03 22:00:00,Algeria,Spain,0.8358824849128723,1.9929873943328857,0,2,-213.42760471326983,2.0,0.4,2.9,0.5,0.0,2.0,2.9,0.33,5.0,17.0,0.0,1.0,0.0,0.0,87.0,Spain,Algeria,False
33,Round of 32,2026-07-04 01:30:00,Uzbekistan,Panama,1.297631859779358,1.0475929975509644,0,1,32.4133895798459,1.4,0.8,1.5,1.2,0.0,1.4,1.5,0.33,1.0,2.0,0.0,1.0,0.0,0.0,88.0,Panama,Uzbekistan,False
33,Round of 16,2026-07-04 17:00:00,Bosnia and Herzegovina,Turkey,0.8903599977493286,2.0029377937316895,3,4,-261.4372413398771,2.1,1.2,2.3,0.8,0.0,2.1,2.3,0.33,2.0,3.0,0.0,1.0,0.0,0.0,89.0,Turkey,Bosnia and Herzegovina,False
33,Round of 16,2026-07-04 21:00:00,Brazil,France,1.4095630645751953,1.6068894863128662,0,1,24.375336756304705,2.8,1.1,2.5,1.0,1.0,1.0,2.0,0.0,23.0,17.0,0.0,1.0,0.0,0.0,90.0,France,Brazil,False
33,Round of 16,2026-07-05 20:00:00,Japan,Senegal,1.2841978073120117,1.126384973526001,1,0,5.162739873099326,1.8,0.6,2.1,1.1,0.0,1.8,2.1,0.33,8.0,4.0,0.0,1.0,0.0,0.0,91.0,Japan,Senegal,False
33,Round of 16,2026-07-06 00:00:00,Mexico,Colombia,1.039312720298767,1.2824205160140991,0,0,-82.36098142774472,1.5,0.8,1.4,0.8,3.0,1.3333333333333333,3.3333333333333335,0.0,18.0,7.0,0.0,1.0,0.0,0.0,92.0,Mexico,Colombia,True
33,Round of 16,2026-07-06 19:00:00,England,Uruguay,1.14409601688385,1.310986876487732,0,1,-33.10767623883953,1.9,0.7,1.5,0.9,1.0,1.0,1.0,0.0,17.0,15.0,0.0,1.0,0.0,0.0,93.0,Uruguay,England,False
33,Round of 16,2026-07-07 00:00:00,South Korea,United States,1.4174295663833618,1.624808669090271,2,1,-65.17122084702578,1.2,1.8,2.4,1.4,1.0,2.0,0.0,1.0,12.0,12.0,0.0,1.0,0.0,0.0,94.0,South Korea,United States,False
33,Round of 16,2026-07-07 16:00:00,Iran,Panama,1.388290286064148,0.9718967080116272,1,2,33.754745767327904,1.4,0.7,1.5,1.1,0.0,1.4,1.5,0.33,7.0,2.0,0.0,1.0,0.0,0.0,95.0,Panama,Iran,False
33,Round of 16,2026-07-07 20:00:00,Austria,Spain,0.7027642726898193,2.2466118335723877,1,5,-303.2531351390023,2.1,0.6,2.5,0.5,0.0,2.1,2.5,0.33,8.0,17.0,0.0,1.0,0.0,0.0,96.0,Spain,Austria,False
33,Quarter-final,2026-07-09 20:00:00,Turkey,France,1.146419644355774,1.9274896383285522,0,2,-105.7528095853163,2.1,1.0,2.3,1.0,0.0,2.1,2.3,0.33,3.0,17.0,0.0,1.0,0.0,0.0,97.0,France,Turkey,False
33,Quarter-final,2026-07-10 19:00:00,Uruguay,South Korea,1.6480344533920288,0.9972915053367615,2,1,177.89561198498154,1.5,0.9,1.4,1.4,2.0,1.0,0.5,0.5,15.0,12.0,0.0,1.0,0.0,0.0,98.0,Uruguay,South Korea,False
33,Quarter-final,2026-07-11 21:00:00,Japan,Mexico,1.2213971614837646,1.1256780624389648,2,2,65.42286464632525,1.7,0.4,1.4,0.6,1.0,0.0,0.0,0.0,8.0,18.0,0.0,1.0,0.0,0.0,99.0,Mexico,Japan,True
33,Quarter-final,2026-07-12 01:00:00,Panama,Spain,0.633637547492981,2.184039831161499,2,4,-294.23484849868987,1.4,1.0,2.8,0.6,0.0,1.4,2.8,0.33,2.0,17.0,0.0,1.0,0.0,0.0,100.0,Spain,Panama,False
33,Semi-final,2026-07-14 19:00:00,France,Uruguay,1.4706535339355469,1.2773263454437256,2,1,39.05158229137328,2.3,0.8,1.5,0.9,0.0,2.3,1.5,0.33,17.0,15.0,0.0,1.0,0.0,0.0,101.0,France,Uruguay,False
33,Semi-final,2026-07-15 19:00:00,Mexico,Spain,0.9553511142730713,1.9383256435394287,1,3,-199.83063949693042,1.5,0.8,2.8,0.8,0.0,1.5,2.8,0.33,18.0,17.0,0.0,1.0,0.0,0.0,102.0,Spain,Mexico,False
33,Third-place playoff,2026-07-18 21:00:00,Uruguay,Mexico,1.500112771987915,1.2154425382614136,1,2,84.20290093970539,1.6,1.1,1.5,1.1,2.0,2.0,0.0,0.5,15.0,18.0,0.0,1.0,0.0,0.0,103.0,Mexico,Uruguay,False
33,Final,2026-07-19 19:00:00,France,Spain,1.2810441255569458,1.7686078548431396,2,1,-66.5694609788602,2.1,0.9,2.7,0.9,2.0,2.5,3.5,0.0,17.0,17.0,0.0,1.0,0.0,0.0,104.0,France,Spain,False
