simulation,match_id,round,home_team,away_team,home_goals,away_goals,winner,loser,penalties
1,73,Round of 32,Mexico,Canada,2,1,Mexico,Canada,False
1,74,Round of 32,Morocco,Sweden,1,1,Morocco,Sweden,True
1,75,Round of 32,Germany,Haiti,6,0,Germany,Haiti,False
1,76,Round of 32,Japan,Brazil,0,2,Brazil,Japan,False
1,77,Round of 32,Ivory Coast,Senegal,1,2,Senegal,Ivory Coast,False
1,78,Round of 32,France,United States,2,0,France,United States,False
1,79,Round of 32,Czech Republic,Cape Verde,2,1,Czech Republic,Cape Verde,False
1,80,Round of 32,England,Norway,3,3,Norway,England,True
1,81,Round of 32,Belgium,South Africa,1,1,Belgium,South Africa,True
1,82,Round of 32,Australia,Algeria,2,1,Australia,Algeria,False
1,83,Round of 32,Colombia,Croatia,1,1,Croatia,Colombia,True
1,84,Round of 32,Uruguay,Argentina,1,1,Argentina,Uruguay,True
1,85,Round of 32,Switzerland,Iran,2,1,Switzerland,Iran,False
1,86,Round of 32,Paraguay,Egypt,0,0,Egypt,Paraguay,True
1,87,Round of 32,Austria,Spain,0,2,Spain,Austria,False
1,88,Round of 32,DR Congo,Panama,0,0,Panama,DR Congo,True
1,89,Round of 16,Mexico,Germany,1,1,Germany,Mexico,True
1,90,Round of 16,Morocco,Senegal,4,0,Morocco,Senegal,False
1,91,Round of 16,Brazil,France,0,4,France,Brazil,False
1,92,Round of 16,Czech Republic,Norway,1,1,Norway,Czech Republic,True
1,93,Round of 16,Croatia,Argentina,1,1,Argentina,Croatia,True
1,94,Round of 16,Belgium,Australia,1,0,Belgium,Australia,False
1,95,Round of 16,Egypt,Panama,0,3,Panama,Egypt,False
1,96,Round of 16,Switzerland,Spain,1,2,Spain,Switzerland,False
1,97,Quarter-final,Germany,Morocco,3,1,Germany,Morocco,False
1,98,Quarter-final,Argentina,Belgium,1,0,Argentina,Belgium,False
1,99,Quarter-final,France,Norway,1,0,France,Norway,False
1,100,Quarter-final,Panama,Spain,1,2,Spain,Panama,False
1,101,Semi-final,Germany,Argentina,1,0,Germany,Argentina,False
1,102,Semi-final,France,Spain,1,0,France,Spain,False
1,103,Third-place playoff,Argentina,Spain,2,2,Spain,Argentina,True
1,104,Final,Germany,France,1,1,France,Germany,True
2,73,Round of 32,Czech Republic,Qatar,1,1,Czech Republic,Qatar,True
2,74,Round of 32,Brazil,Tunisia,0,1,Tunisia,Brazil,False
2,75,Round of 32,Ecuador,South Korea,1,1,Ecuador,South Korea,True
2,76,Round of 32,Netherlands,Morocco,2,1,Netherlands,Morocco,False
2,77,Round of 32,Germany,France,2,4,France,Germany,False
2,78,Round of 32,Norway,Paraguay,3,0,Norway,Paraguay,False
2,79,Round of 32,Mexico,Ivory Coast,1,1,Ivory Coast,Mexico,True
2,80,Round of 32,England,Portugal,2,2,Portugal,England,True
2,81,Round of 32,Iran,Senegal,2,0,Iran,Senegal,False
2,82,Round of 32,Turkey,Canada,1,0,Turkey,Canada,False
2,83,Round of 32,Uzbekistan,Ghana,1,1,Uzbekistan,Ghana,True
2,84,Round of 32,Spain,Austria,3,0,Spain,Austria,False
2,85,Round of 32,Switzerland,Jordan,2,0,Switzerland,Jordan,False
2,86,Round of 32,United States,New Zealand,3,0,United States,New Zealand,False
2,87,Round of 32,Argentina,Uruguay,1,6,Uruguay,Argentina,False
2,88,Round of 32,Colombia,Croatia,0,0,Croatia,Colombia,True
2,89,Round of 16,Czech Republic,Ecuador,0,3,Ecuador,Czech Republic,False
2,90,Round of 16,Tunisia,France,0,0,France,Tunisia,True
2,91,Round of 16,Netherlands,Norway,2,1,Netherlands,Norway,False
2,92,Round of 16,Ivory Coast,Portugal,2,1,Ivory Coast,Portugal,False
2,93,Round of 16,Uzbekistan,Spain,1,2,Spain,Uzbekistan,False
2,94,Round of 16,Iran,Turkey,1,0,Iran,Turkey,False
2,95,Round of 16,United States,Croatia,3,1,United States,Croatia,False
2,96,Round of 16,Switzerland,Uruguay,0,0,Uruguay,Switzerland,True
2,97,Quarter-final,Ecuador,France,2,2,France,Ecuador,True
2,98,Quarter-final,Spain,Iran,0,0,Iran,Spain,True
2,99,Quarter-final,Netherlands,Ivory Coast,2,1,Netherlands,Ivory Coast,False
2,100,Quarter-final,United States,Uruguay,0,0,United States,Uruguay,True
2,101,Semi-final,France,Iran,2,1,France,Iran,False
2,102,Semi-final,Netherlands,United States,1,3,United States,Netherlands,False
2,103,Third-place playoff,Iran,Netherlands,0,2,Netherlands,Iran,False
2,104,Final,France,United States,3,1,France,United States,False
3,73,Round of 32,Czech Republic,Canada,0,1,Canada,Czech Republic,False
3,74,Round of 32,Brazil,Japan,2,0,Brazil,Japan,False
3,75,Round of 32,Ecuador,Netherlands,1,1,Netherlands,Ecuador,True
3,76,Round of 32,Sweden,Morocco,1,0,Sweden,Morocco,False
3,77,Round of 32,Germany,Norway,0,1,Norway,Germany,False
3,78,Round of 32,France,Saudi Arabia,4,2,France,Saudi Arabia,False
3,79,Round of 32,Mexico,Ivory Coast,1,0,Mexico,Ivory Coast,False
3,80,Round of 32,England,Colombia,3,1,England,Colombia,False
3,81,Round of 32,Belgium,South Africa,1,2,South Africa,Belgium,False
3,82,Round of 32,Australia,Jordan,0,1,Jordan,Australia,False
3,83,Round of 32,Uzbekistan,Croatia,2,1,Uzbekistan,Croatia,False
3,84,Round of 32,Spain,Algeria,0,1,Algeria,Spain,False
3,85,Round of 32,Switzerland,Egypt,1,1,Egypt,Switzerland,True
3,86,Round of 32,Turkey,Iran,5,2,Turkey,Iran,False
3,87,Round of 32,Argentina,Uruguay,4,0,Argentina,Uruguay,False
3,88,Round of 32,Portugal,Panama,2,0,Portugal,Panama,False
3,89,Round of 16,Canada,Netherlands,1,2,Netherlands,Canada,False
3,90,Round of 16,Brazil,Norway,0,0,Norway,Brazil,True
3,91,Round of 16,Sweden,France,0,3,France,Sweden,False
3,92,Round of 16,Mexico,England,0,0,Mexico,England,True
3,93,Round of 16,Uzbekistan,Algeria,0,3,Algeria,Uzbekistan,False
3,94,Round of 16,South Africa,Jordan,0,4,Jordan,South Africa,False
3,95,Round of 16,Turkey,Portugal,0,1,Portugal,Turkey,False
3,96,Round of 16,Egypt,Argentina,1,3,Argentina,Egypt,False
3,97,Quarter-final,Netherlands,Norway,2,0,Netherlands,Norway,False
3,98,Quarter-final,Algeria,Jordan,1,1,Algeria,Jordan,True
3,99,Quarter-final,France,Mexico,2,2,France,Mexico,True
3,100,Quarter-final,Portugal,Argentina,1,1,Argentina,Portugal,True
3,101,Semi-final,Netherlands,Algeria,0,3,Algeria,Netherlands,False
3,102,Semi-final,France,Argentina,0,4,Argentina,France,False
3,103,Third-place playoff,Netherlands,France,2,3,France,Netherlands,False
3,104,Final,Algeria,Argentina,0,4,Argentina,Algeria,False
4,73,Round of 32,Mexico,Canada,1,1,Canada,Mexico,True
4,74,Round of 32,Brazil,Sweden,3,0,Brazil,Sweden,False
4,75,Round of 32,Ecuador,Morocco,2,2,Ecuador,Morocco,True
4,76,Round of 32,Japan,Haiti,1,0,Japan,Haiti,False
4,77,Round of 32,Ivory Coast,Norway,0,0,Norway,Ivory Coast,True
4,78,Round of 32,France,Netherlands,0,1,Netherlands,France,False
4,79,Round of 32,South Korea,Saudi Arabia,2,0,South Korea,Saudi Arabia,False
4,80,Round of 32,England,Colombia,2,0,England,Colombia,False
4,81,Round of 32,Belgium,Czech Republic,2,0,Belgium,Czech Republic,False
4,82,Round of 32,United States,Jordan,4,0,United States,Jordan,False
4,83,Round of 32,Portugal,Panama,2,0,Portugal,Panama,False
4,84,Round of 32,Spain,Austria,2,0,Spain,Austria,False
4,85,Round of 32,Switzerland,New Zealand,5,0,Switzerland,New Zealand,False
4,86,Round of 32,Australia,Iran,1,0,Australia,Iran,False
4,87,Round of 32,Argentina,Uruguay,1,1,Uruguay,Argentina,True
4,88,Round of 32,Uzbekistan,Germany,1,1,Germany,Uzbekistan,True
4,89,Round of 16,Canada,Ecuador,1,5,Ecuador,Canada,False
4,90,Round of 16,Brazil,Norway,3,1,Brazil,Norway,False
4,91,Round of 16,Japan,Netherlands,1,2,Netherlands,Japan,False
4,92,Round of 16,South Korea,England,1,3,England,South Korea,False
4,93,Round of 16,Portugal,Spain,0,3,Spain,Portugal,False
4,94,Round of 16,Belgium,United States,3,2,Belgium,United States,False
4,95,Round of 16,Australia,Germany,2,0,Australia,Germany,False
4,96,Round of 16,Switzerland,Uruguay,1,0,Switzerland,Uruguay,False
4,97,Quarter-final,Ecuador,Brazil,2,2,Brazil,Ecuador,True
4,98,Quarter-final,Spain,Belgium,3,2,Spain,Belgium,False
4,99,Quarter-final,Netherlands,England,0,1,England,Netherlands,False
4,100,Quarter-final,Australia,Switzerland,0,0,Switzerland,Australia,True
4,101,Semi-final,Brazil,Spain,1,1,Spain,Brazil,True
4,102,Semi-final,England,Switzerland,1,0,England,Switzerland,False
4,103,Third-place playoff,Brazil,Switzerland,0,0,Brazil,Switzerland,True
4,104,Final,Spain,England,2,2,England,Spain,True
5,73,Round of 32,Mexico,Switzerland,0,1,Switzerland,Mexico,False
5,74,Round of 32,Morocco,Japan,2,2,Morocco,Japan,True
5,75,Round of 32,Germany,Scotland,0,0,Scotland,Germany,True
5,76,Round of 32,Tunisia,Brazil,1,1,Brazil,Tunisia,True
5,77,Round of 32,Ecuador,Norway,1,0,Ecuador,Norway,False
5,78,Round of 32,France,Turkey,3,0,France,Turkey,False
5,79,Round of 32,South Africa,Senegal,1,4,Senegal,South Africa,False
5,80,Round of 32,England,Uzbekistan,2,3,Uzbekistan,England,False
5,81,Round of 32,Belgium,Czech Republic,2,0,Belgium,Czech Republic,False
5,82,Round of 32,Paraguay,Qatar,1,1,Paraguay,Qatar,True
5,83,Round of 32,Colombia,Ghana,1,2,Ghana,Colombia,False
5,84,Round of 32,Spain,Algeria,6,2,Spain,Algeria,False
5,85,Round of 32,Canada,Iran,1,2,Iran,Canada,False
5,86,Round of 32,Australia,New Zealand,0,1,New Zealand,Australia,False
5,87,Round of 32,Argentina,Uruguay,1,1,Uruguay,Argentina,True
5,88,Round of 32,Portugal,Croatia,4,1,Portugal,Croatia,False
5,89,Round of 16,Switzerland,Scotland,0,0,Scotland,Switzerland,True
5,90,Round of 16,Morocco,Ecuador,2,1,Morocco,Ecuador,False
5,91,Round of 16,Brazil,France,2,2,France,Brazil,True
5,92,Round of 16,Senegal,Uzbekistan,2,0,Senegal,Uzbekistan,False
5,93,Round of 16,Ghana,Spain,0,3,Spain,Ghana,False
5,94,Round of 16,Belgium,Paraguay,1,1,Belgium,Paraguay,True
5,95,Round of 16,New Zealand,Portugal,2,3,Portugal,New Zealand,False
5,96,Round of 16,Iran,Uruguay,3,0,Iran,Uruguay,False
5,97,Quarter-final,Scotland,Morocco,2,3,Morocco,Scotland,False
5,98,Quarter-final,Spain,Belgium,0,3,Belgium,Spain,False
5,99,Quarter-final,France,Senegal,2,0,France,Senegal,False
5,100,Quarter-final,Portugal,Iran,2,0,Portugal,Iran,False
5,101,Semi-final,Morocco,Belgium,1,0,Morocco,Belgium,False
5,102,Semi-final,France,Portugal,1,2,Portugal,France,False
5,103,Third-place playoff,Belgium,France,4,2,Belgium,France,False
5,104,Final,Morocco,Portugal,3,0,Morocco,Portugal,False
6,73,Round of 32,South Korea,Canada,1,2,Canada,South Korea,False
6,74,Round of 32,Morocco,Japan,3,0,Morocco,Japan,False
6,75,Round of 32,Germany,United States,3,1,Germany,United States,False
6,76,Round of 32,Netherlands,Brazil,1,2,Brazil,Netherlands,False
6,77,Round of 32,Curaçao,France,2,2,France,Curaçao,True
6,78,Round of 32,Norway,Tunisia,3,1,Norway,Tunisia,False
6,79,Round of 32,Mexico,Haiti,4,0,Mexico,Haiti,False
6,80,Round of 32,England,Portugal,1,1,Portugal,England,True
6,81,Round of 32,Belgium,Czech Republic,1,1,Czech Republic,Belgium,True
6,82,Round of 32,Australia,Algeria,2,1,Australia,Algeria,False
6,83,Round of 32,Colombia,Panama,3,0,Colombia,Panama,False
6,84,Round of 32,Spain,Austria,4,1,Spain,Austria,False
6,85,Round of 32,Switzerland,Iran,1,0,Switzerland,Iran,False
6,86,Round of 32,Turkey,Egypt,1,1,Turkey,Egypt,True
6,87,Round of 32,Argentina,Uruguay,5,2,Argentina,Uruguay,False
6,88,Round of 32,DR Congo,Ivory Coast,0,1,Ivory Coast,DR Congo,False
6,89,Round of 16,Canada,Germany,0,0,Germany,Canada,True
6,90,Round of 16,Morocco,France,0,3,France,Morocco,False
6,91,Round of 16,Brazil,Norway,2,1,Brazil,Norway,False
6,92,Round of 16,Mexico,Portugal,1,2,Portugal,Mexico,False
6,93,Round of 16,Colombia,Spain,1,2,Spain,Colombia,False
6,94,Round of 16,Czech Republic,Australia,0,3,Australia,Czech Republic,False
6,95,Round of 16,Turkey,Ivory Coast,1,2,Ivory Coast,Turkey,False
6,96,Round of 16,Switzerland,Argentina,0,1,Argentina,Switzerland,False
6,97,Quarter-final,Germany,France,2,1,Germany,France,False
6,98,Quarter-final,Spain,Australia,2,0,Spain,Australia,False
6,99,Quarter-final,Brazil,Portugal,1,0,Brazil,Portugal,False
6,100,Quarter-final,Ivory Coast,Argentina,0,3,Argentina,Ivory Coast,False
6,101,Semi-final,Germany,Spain,0,4,Spain,Germany,False
6,102,Semi-final,Brazil,Argentina,2,2,Argentina,Brazil,True
6,103,Third-place playoff,Germany,Brazil,0,4,Brazil,Germany,False
6,104,Final,Spain,Argentina,0,1,Argentina,Spain,False
7,73,Round of 32,South Korea,Canada,1,2,Canada,South Korea,False
7,74,Round of 32,Scotland,Sweden,2,0,Scotland,Sweden,False
7,75,Round of 32,Germany,Morocco,2,2,Morocco,Germany,True
7,76,Round of 32,Netherlands,Brazil,2,1,Netherlands,Brazil,False
7,77,Round of 32,Ecuador,France,1,1,Ecuador,France,True
7,78,Round of 32,Norway,Japan,0,2,Japan,Norway,False
7,79,Round of 32,Mexico,Cape Verde,4,0,Mexico,Cape Verde,False
7,80,Round of 32,England,Senegal,1,3,Senegal,England,False
7,81,Round of 32,Iran,South Africa,2,0,Iran,South Africa,False
7,82,Round of 32,United States,Switzerland,1,1,Switzerland,United States,True
7,83,Round of 32,DR Congo,Croatia,0,1,Croatia,DR Congo,False
7,84,Round of 32,Spain,Algeria,2,2,Algeria,Spain,True
7,85,Round of 32,Bosnia and Herzegovina,Egypt,2,0,Bosnia and Herzegovina,Egypt,False
7,86,Round of 32,Paraguay,New Zealand,4,1,Paraguay,New Zealand,False
7,87,Round of 32,Argentina,Uruguay,1,0,Argentina,Uruguay,False
7,88,Round of 32,Portugal,Australia,3,0,Portugal,Australia,False
7,89,Round of 16,Canada,Morocco,2,1,Canada,Morocco,False
7,90,Round of 16,Scotland,Ecuador,1,4,Ecuador,Scotland,False
7,91,Round of 16,Netherlands,Japan,3,3,Japan,Netherlands,True
7,92,Round of 16,Mexico,Senegal,1,2,Senegal,Mexico,False
7,93,Round of 16,Croatia,Algeria,3,1,Croatia,Algeria,False
7,94,Round of 16,Iran,Switzerland,1,2,Switzerland,Iran,False
7,95,Round of 16,Paraguay,Portugal,2,5,Portugal,Paraguay,False
7,96,Round of 16,Bosnia and Herzegovina,Argentina,1,3,Argentina,Bosnia and Herzegovina,False
7,97,Quarter-final,Canada,Ecuador,1,1,Ecuador,Canada,True
7,98,Quarter-final,Croatia,Switzerland,0,0,Switzerland,Croatia,True
7,99,Quarter-final,Japan,Senegal,1,0,Japan,Senegal,False
7,100,Quarter-final,Portugal,Argentina,1,2,Argentina,Portugal,False
7,101,Semi-final,Ecuador,Switzerland,1,0,Ecuador,Switzerland,False
7,102,Semi-final,Japan,Argentina,3,2,Japan,Argentina,False
7,103,Third-place playoff,Switzerland,Argentina,1,3,Argentina,Switzerland,False
7,104,Final,Ecuador,Japan,1,3,Japan,Ecuador,False
8,73,Round of 32,Mexico,Canada,2,0,Mexico,Canada,False
8,74,Round of 32,Scotland,Japan,1,2,Japan,Scotland,False
8,75,Round of 32,Germany,Australia,3,1,Germany,Australia,False
8,76,Round of 32,Netherlands,Brazil,1,3,Brazil,Netherlands,False
8,77,Round of 32,Ecuador,Norway,0,1,Norway,Ecuador,False
8,78,Round of 32,France,Sweden,3,0,France,Sweden,False
8,79,Round of 32,South Korea,Curaçao,1,1,Curaçao,South Korea,True
8,80,Round of 32,Croatia,Colombia,0,0,Colombia,Croatia,True
8,81,Round of 32,Belgium,Saudi Arabia,3,1,Belgium,Saudi Arabia,False
8,82,Round of 32,Paraguay,Bosnia and Herzegovina,3,0,Paraguay,Bosnia and Herzegovina,False
8,83,Round of 32,Portugal,England,0,0,England,Portugal,True
8,84,Round of 32,Spain,Argentina,1,0,Spain,Argentina,False
8,85,Round of 32,Switzerland,Austria,1,1,Austria,Switzerland,True
8,86,Round of 32,United States,New Zealand,0,1,New Zealand,United States,False
8,87,Round of 32,Algeria,Uruguay,0,0,Algeria,Uruguay,True
8,88,Round of 32,DR Congo,Panama,0,1,Panama,DR Congo,False
8,89,Round of 16,Mexico,Germany,0,2,Germany,Mexico,False
8,90,Round of 16,Japan,Norway,1,0,Japan,Norway,False
8,91,Round of 16,Brazil,France,4,0,Brazil,France,False
8,92,Round of 16,Curaçao,Colombia,0,1,Colombia,Curaçao,False
8,93,Round of 16,England,Spain,0,1,Spain,England,False
8,94,Round of 16,Belgium,Paraguay,0,1,Paraguay,Belgium,False
8,95,Round of 16,New Zealand,Panama,1,1,Panama,New Zealand,True
8,96,Round of 16,Austria,Algeria,0,0,Algeria,Austria,True
8,97,Quarter-final,Germany,Japan,1,1,Japan,Germany,True
8,98,Quarter-final,Spain,Paraguay,1,1,Paraguay,Spain,True
8,99,Quarter-final,Brazil,Colombia,0,0,Brazil,Colombia,True
8,100,Quarter-final,Panama,Algeria,4,2,Panama,Algeria,False
8,101,Semi-final,Japan,Paraguay,1,1,Paraguay,Japan,True
8,102,Semi-final,Brazil,Panama,2,1,Brazil,Panama,False
8,103,Third-place playoff,Japan,Panama,1,2,Panama,Japan,False
8,104,Final,Paraguay,Brazil,0,1,Brazil,Paraguay,False
9,73,Round of 32,Mexico,Switzerland,1,1,Mexico,Switzerland,True
9,74,Round of 32,Brazil,Sweden,2,0,Brazil,Sweden,False
9,75,Round of 32,Germany,Turkey,1,0,Germany,Turkey,False
9,76,Round of 32,Tunisia,Morocco,1,1,Tunisia,Morocco,True
9,77,Round of 32,Ecuador,Senegal,0,0,Ecuador,Senegal,True
9,78,Round of 32,France,Netherlands,3,1,France,Netherlands,False
9,79,Round of 32,South Korea,Scotland,2,0,South Korea,Scotland,False
9,80,Round of 32,England,DR Congo,0,0,DR Congo,England,True
9,81,Round of 32,Iran,Cape Verde,1,0,Iran,Cape Verde,False
9,82,Round of 32,United States,Iraq,1,1,Iraq,United States,True
9,83,Round of 32,Portugal,Croatia,3,0,Portugal,Croatia,False
9,84,Round of 32,Spain,Austria,1,0,Spain,Austria,False
9,85,Round of 32,Canada,Algeria,2,0,Canada,Algeria,False
9,86,Round of 32,Paraguay,Egypt,1,0,Paraguay,Egypt,False
9,87,Round of 32,Argentina,Uruguay,0,2,Uruguay,Argentina,False
9,88,Round of 32,Colombia,Panama,3,1,Colombia,Panama,False
9,89,Round of 16,Mexico,Germany,1,5,Germany,Mexico,False
9,90,Round of 16,Brazil,Ecuador,1,1,Brazil,Ecuador,True
9,91,Round of 16,Tunisia,France,1,2,France,Tunisia,False
9,92,Round of 16,South Korea,DR Congo,1,1,DR Congo,South Korea,True
9,93,Round of 16,Portugal,Spain,1,2,Spain,Portugal,False
9,94,Round of 16,Iran,Iraq,0,0,Iran,Iraq,True
9,95,Round of 16,Paraguay,Colombia,0,2,Colombia,Paraguay,False
9,96,Round of 16,Canada,Uruguay,2,0,Canada,Uruguay,False
9,97,Quarter-final,Germany,Brazil,1,2,Brazil,Germany,False
9,98,Quarter-final,Spain,Iran,0,0,Iran,Spain,True
9,99,Quarter-final,France,DR Congo,5,1,France,DR Congo,False
9,100,Quarter-final,Colombia,Canada,1,1,Colombia,Canada,True
9,101,Semi-final,Brazil,Iran,2,0,Brazil,Iran,False
9,102,Semi-final,France,Colombia,0,0,Colombia,France,True
9,103,Third-place playoff,Iran,France,1,2,France,Iran,False
9,104,Final,Brazil,Colombia,1,0,Brazil,Colombia,False
10,73,Round of 32,Mexico,Bosnia and Herzegovina,2,0,Mexico,Bosnia and Herzegovina,False
10,74,Round of 32,Brazil,Japan,1,1,Brazil,Japan,True
10,75,Round of 32,Germany,Switzerland,3,0,Germany,Switzerland,False
10,76,Round of 32,Netherlands,Morocco,0,2,Morocco,Netherlands,False
10,77,Round of 32,Ivory Coast,Senegal,1,1,Ivory Coast,Senegal,True
10,78,Round of 32,France,Egypt,3,2,France,Egypt,False
10,79,Round of 32,South Korea,Ecuador,2,0,South Korea,Ecuador,False
10,80,Round of 32,Croatia,Uzbekistan,2,0,Croatia,Uzbekistan,False
10,81,Round of 32,New Zealand,Uruguay,0,2,Uruguay,New Zealand,False
10,82,Round of 32,Paraguay,Norway,3,1,Paraguay,Norway,False
10,83,Round of 32,Portugal,England,1,1,England,Portugal,True
10,84,Round of 32,Spain,Austria,0,2,Austria,Spain,False
10,85,Round of 32,Canada,Jordan,4,0,Canada,Jordan,False
10,86,Round of 32,Turkey,Belgium,1,1,Turkey,Belgium,True
10,87,Round of 32,Argentina,Saudi Arabia,2,1,Argentina,Saudi Arabia,False
10,88,Round of 32,Colombia,Panama,1,0,Colombia,Panama,False
10,89,Round of 16,Mexico,Germany,0,0,Germany,Mexico,True
10,90,Round of 16,Brazil,Ivory Coast,1,1,Brazil,Ivory Coast,True
10,91,Round of 16,Morocco,France,0,2,France,Morocco,False
10,92,Round of 16,South Korea,Croatia,1,3,Croatia,South Korea,False
10,93,Round of 16,England,Austria,1,0,England,Austria,False
10,94,Round of 16,Uruguay,Paraguay,1,0,Uruguay,Paraguay,False
10,95,Round of 16,Turkey,Colombia,1,0,Turkey,Colombia,False
10,96,Round of 16,Canada,Argentina,2,1,Canada,Argentina,False
10,97,Quarter-final,Germany,Brazil,0,2,Brazil,Germany,False
10,98,Quarter-final,England,Uruguay,0,2,Uruguay,England,False
10,99,Quarter-final,France,Croatia,0,1,Croatia,France,False
10,100,Quarter-final,Turkey,Canada,2,0,Turkey,Canada,False
10,101,Semi-final,Brazil,Uruguay,1,1,Brazil,Uruguay,True
10,102,Semi-final,Croatia,Turkey,1,1,Turkey,Croatia,True
10,103,Third-place playoff,Uruguay,Croatia,3,2,Uruguay,Croatia,False
10,104,Final,Brazil,Turkey,1,0,Brazil,Turkey,False
11,73,Round of 32,South Korea,Switzerland,3,1,South Korea,Switzerland,False
11,74,Round of 32,Brazil,Tunisia,2,0,Brazil,Tunisia,False
11,75,Round of 32,Germany,Paraguay,6,0,Germany,Paraguay,False
11,76,Round of 32,Japan,Haiti,1,1,Haiti,Japan,True
11,77,Round of 32,Ecuador,France,0,1,France,Ecuador,False
11,78,Round of 32,Norway,Netherlands,1,2,Netherlands,Norway,False
11,79,Round of 32,Mexico,Scotland,1,0,Mexico,Scotland,False
11,80,Round of 32,Ghana,Uzbekistan,0,2,Uzbekistan,Ghana,False
11,81,Round of 32,Belgium,Saudi Arabia,3,0,Belgium,Saudi Arabia,False
11,82,Round of 32,Australia,Curaçao,2,0,Australia,Curaçao,False
11,83,Round of 32,Portugal,England,1,1,England,Portugal,True
11,84,Round of 32,Spain,Argentina,2,0,Spain,Argentina,False
11,85,Round of 32,Canada,Jordan,1,1,Canada,Jordan,True
11,86,Round of 32,United States,New Zealand,2,1,United States,New Zealand,False
11,87,Round of 32,Algeria,Uruguay,0,1,Uruguay,Algeria,False
11,88,Round of 32,Colombia,Senegal,1,5,Senegal,Colombia,False
11,89,Round of 16,South Korea,Germany,1,3,Germany,South Korea,False
11,90,Round of 16,Brazil,France,1,1,Brazil,France,True
11,91,Round of 16,Haiti,Netherlands,3,2,Haiti,Netherlands,False
11,92,Round of 16,Mexico,Uzbekistan,2,2,Uzbekistan,Mexico,True
11,93,Round of 16,England,Spain,1,1,England,Spain,True
11,94,Round of 16,Belgium,Australia,1,0,Belgium,Australia,False
11,95,Round of 16,United States,Senegal,1,2,Senegal,United States,False
11,96,Round of 16,Canada,Uruguay,1,1,Uruguay,Canada,True
11,97,Quarter-final,Germany,Brazil,0,1,Brazil,Germany,False
11,98,Quarter-final,England,Belgium,0,1,Belgium,England,False
11,99,Quarter-final,Haiti,Uzbekistan,1,0,Haiti,Uzbekistan,False
11,100,Quarter-final,Senegal,Uruguay,1,3,Uruguay,Senegal,False
11,101,Semi-final,Brazil,Belgium,2,1,Brazil,Belgium,False
11,102,Semi-final,Haiti,Uruguay,0,3,Uruguay,Haiti,False
11,103,Third-place playoff,Belgium,Haiti,0,0,Belgium,Haiti,True
11,104,Final,Brazil,Uruguay,1,2,Uruguay,Brazil,False
12,73,Round of 32,Czech Republic,Switzerland,1,2,Switzerland,Czech Republic,False
12,74,Round of 32,Scotland,Tunisia,0,1,Tunisia,Scotland,False
12,75,Round of 32,Ecuador,South Korea,0,0,Ecuador,South Korea,True
12,76,Round of 32,Netherlands,Morocco,2,1,Netherlands,Morocco,False
12,77,Round of 32,Curaçao,Norway,0,4,Norway,Curaçao,False
12,78,Round of 32,France,Turkey,1,1,Turkey,France,True
12,79,Round of 32,Mexico,Germany,2,0,Mexico,Germany,False
12,80,Round of 32,England,Colombia,1,2,Colombia,England,False
12,81,Round of 32,Iran,Iraq,1,0,Iran,Iraq,False
12,82,Round of 32,Australia,Bosnia and Herzegovina,5,0,Australia,Bosnia and Herzegovina,False
12,83,Round of 32,Portugal,Croatia,1,1,Portugal,Croatia,True
12,84,Round of 32,Spain,Jordan,5,0,Spain,Jordan,False
12,85,Round of 32,Canada,New Zealand,2,0,Canada,New Zealand,False
12,86,Round of 32,Paraguay,Egypt,3,1,Paraguay,Egypt,False
12,87,Round of 32,Argentina,Uruguay,1,0,Argentina,Uruguay,False
12,88,Round of 32,Uzbekistan,Ghana,1,0,Uzbekistan,Ghana,False
12,89,Round of 16,Switzerland,Ecuador,3,0,Switzerland,Ecuador,False
12,90,Round of 16,Tunisia,Norway,1,1,Norway,Tunisia,True
12,91,Round of 16,Netherlands,Turkey,2,1,Netherlands,Turkey,False
12,92,Round of 16,Mexico,Colombia,0,1,Colombia,Mexico,False
12,93,Round of 16,Portugal,Spain,1,2,Spain,Portugal,False
12,94,Round of 16,Iran,Australia,0,1,Australia,Iran,False
12,95,Round of 16,Paraguay,Uzbekistan,1,1,Uzbekistan,Paraguay,True
12,96,Round of 16,Canada,Argentina,1,0,Canada,Argentina,False
12,97,Quarter-final,Switzerland,Norway,3,1,Switzerland,Norway,False
12,98,Quarter-final,Spain,Australia,1,1,Australia,Spain,True
12,99,Quarter-final,Netherlands,Colombia,1,1,Netherlands,Colombia,True
12,100,Quarter-final,Uzbekistan,Canada,2,3,Canada,Uzbekistan,False
12,101,Semi-final,Switzerland,Australia,1,3,Australia,Switzerland,False
12,102,Semi-final,Netherlands,Canada,0,1,Canada,Netherlands,False
12,103,Third-place playoff,Switzerland,Netherlands,0,3,Netherlands,Switzerland,False
12,104,Final,Australia,Canada,3,1,Australia,Canada,False
13,73,Round of 32,South Korea,Switzerland,2,3,Switzerland,South Korea,False
13,74,Round of 32,Scotland,Sweden,1,2,Sweden,Scotland,False
13,75,Round of 32,Germany,United States,2,0,Germany,United States,False
13,76,Round of 32,Tunisia,Morocco,1,1,Morocco,Tunisia,True
13,77,Round of 32,Ivory Coast,Senegal,2,2,Ivory Coast,Senegal,True
13,78,Round of 32,Norway,Japan,2,1,Norway,Japan,False
13,79,Round of 32,Mexico,Brazil,3,2,Mexico,Brazil,False
13,80,Round of 32,Panama,DR Congo,1,0,Panama,DR Congo,False
13,81,Round of 32,Belgium,Saudi Arabia,2,1,Belgium,Saudi Arabia,False
13,82,Round of 32,Turkey,Bosnia and Herzegovina,2,1,Turkey,Bosnia and Herzegovina,False
13,83,Round of 32,Portugal,Croatia,0,0,Croatia,Portugal,True
13,84,Round of 32,Spain,Argentina,0,2,Argentina,Spain,False
13,85,Round of 32,Canada,Egypt,1,0,Canada,Egypt,False
13,86,Round of 32,Australia,New Zealand,4,0,Australia,New Zealand,False
13,87,Round of 32,Algeria,Uruguay,0,2,Uruguay,Algeria,False
13,88,Round of 32,Colombia,Ecuador,3,0,Colombia,Ecuador,False
13,89,Round of 16,Switzerland,Germany,0,1,Germany,Switzerland,False
13,90,Round of 16,Sweden,Ivory Coast,0,1,Ivory Coast,Sweden,False
13,91,Round of 16,Morocco,Norway,0,2,Norway,Morocco,False
13,92,Round of 16,Mexico,Panama,1,2,Panama,Mexico,False
13,93,Round of 16,Croatia,Argentina,3,0,Croatia,Argentina,False
13,94,Round of 16,Belgium,Turkey,2,1,Belgium,Turkey,False
13,95,Round of 16,Australia,Colombia,0,1,Colombia,Australia,False
13,96,Round of 16,Canada,Uruguay,2,2,Canada,Uruguay,True
13,97,Quarter-final,Germany,Ivory Coast,2,2,Ivory Coast,Germany,True
13,98,Quarter-final,Croatia,Belgium,3,2,Croatia,Belgium,False
13,99,Quarter-final,Norway,Panama,0,1,Panama,Norway,False
13,100,Quarter-final,Colombia,Canada,1,1,Canada,Colombia,True
13,101,Semi-final,Ivory Coast,Croatia,3,1,Ivory Coast,Croatia,False
13,102,Semi-final,Panama,Canada,1,2,Canada,Panama,False
13,103,Third-place playoff,Croatia,Panama,1,1,Croatia,Panama,True
13,104,Final,Ivory Coast,Canada,2,3,Canada,Ivory Coast,False
14,73,Round of 32,South Africa,Switzerland,2,1,South Africa,Switzerland,False
14,74,Round of 32,Brazil,Sweden,1,0,Brazil,Sweden,False
14,75,Round of 32,Ivory Coast,Turkey,3,1,Ivory Coast,Turkey,False
14,76,Round of 32,Netherlands,Haiti,1,0,Netherlands,Haiti,False
14,77,Round of 32,Germany,Senegal,1,0,Germany,Senegal,False
14,78,Round of 32,France,Tunisia,1,0,France,Tunisia,False
14,79,Round of 32,Mexico,Morocco,1,1,Morocco,Mexico,True
14,80,Round of 32,Croatia,Portugal,2,1,Croatia,Portugal,False
14,81,Round of 32,Iran,South Korea,0,1,South Korea,Iran,False
14,82,Round of 32,United States,Ecuador,1,0,United States,Ecuador,False
14,83,Round of 32,Colombia,England,0,3,England,Colombia,False
14,84,Round of 32,Spain,Algeria,2,1,Spain,Algeria,False
14,85,Round of 32,Canada,Jordan,1,0,Canada,Jordan,False
14,86,Round of 32,Australia,Belgium,0,0,Australia,Belgium,True
14,87,Round of 32,Argentina,Uruguay,1,2,Uruguay,Argentina,False
14,88,Round of 32,DR Congo,Panama,2,2,Panama,DR Congo,True
14,89,Round of 16,South Africa,Ivory Coast,1,3,Ivory Coast,South Africa,False
14,90,Round of 16,Brazil,Germany,2,1,Brazil,Germany,False
14,91,Round of 16,Netherlands,France,2,1,Netherlands,France,False
14,92,Round of 16,Morocco,Croatia,1,0,Morocco,Croatia,False
14,93,Round of 16,England,Spain,1,2,Spain,England,False
14,94,Round of 16,South Korea,United States,2,3,United States,South Korea,False
14,95,Round of 16,Australia,Panama,1,1,Panama,Australia,True
14,96,Round of 16,Canada,Uruguay,0,4,Uruguay,Canada,False
14,97,Quarter-final,Ivory Coast,Brazil,2,3,Brazil,Ivory Coast,False
14,98,Quarter-final,Spain,United States,3,0,Spain,United States,False
14,99,Quarter-final,Netherlands,Morocco,2,1,Netherlands,Morocco,False
14,100,Quarter-final,Panama,Uruguay,0,3,Uruguay,Panama,False
14,101,Semi-final,Brazil,Spain,0,2,Spain,Brazil,False
14,102,Semi-final,Netherlands,Uruguay,1,4,Uruguay,Netherlands,False
14,103,Third-place playoff,Brazil,Netherlands,1,2,Netherlands,Brazil,False
14,104,Final,Spain,Uruguay,0,0,Spain,Uruguay,True
15,73,Round of 32,Mexico,Canada,1,0,Mexico,Canada,False
15,74,Round of 32,Morocco,Tunisia,2,0,Morocco,Tunisia,False
15,75,Round of 32,Ivory Coast,Scotland,0,0,Ivory Coast,Scotland,True
15,76,Round of 32,Netherlands,Haiti,4,0,Netherlands,Haiti,False
15,77,Round of 32,Germany,Senegal,1,3,Senegal,Germany,False
15,78,Round of 32,France,United States,1,0,France,United States,False
15,79,Round of 32,South Korea,Ecuador,3,3,South Korea,Ecuador,True
15,80,Round of 32,Croatia,Colombia,0,2,Colombia,Croatia,False
15,81,Round of 32,Egypt,Algeria,1,1,Egypt,Algeria,True
15,82,Round of 32,Turkey,Switzerland,2,0,Turkey,Switzerland,False
15,83,Round of 32,DR Congo,England,0,1,England,DR Congo,False
15,84,Round of 32,Spain,Austria,4,0,Spain,Austria,False
15,85,Round of 32,Qatar,Iran,2,1,Qatar,Iran,False
15,86,Round of 32,Paraguay,Belgium,2,3,Belgium,Paraguay,False
15,87,Round of 32,Argentina,Uruguay,2,2,Argentina,Uruguay,True
15,88,Round of 32,Portugal,Iraq,2,0,Portugal,Iraq,False
15,89,Round of 16,Mexico,Ivory Coast,0,0,Ivory Coast,Mexico,True
15,90,Round of 16,Morocco,Senegal,1,1,Senegal,Morocco,True
15,91,Round of 16,Netherlands,France,4,0,Netherlands,France,False
15,92,Round of 16,South Korea,Colombia,1,1,Colombia,South Korea,True
15,93,Round of 16,England,Spain,3,0,England,Spain,False
15,94,Round of 16,Egypt,Turkey,2,2,Egypt,Turkey,True
15,95,Round of 16,Belgium,Portugal,1,4,Portugal,Belgium,False
15,96,Round of 16,Qatar,Argentina,1,1,Argentina,Qatar,True
15,97,Quarter-final,Ivory Coast,Senegal,1,0,Ivory Coast,Senegal,False
15,98,Quarter-final,England,Egypt,1,1,Egypt,England,True
15,99,Quarter-final,Netherlands,Colombia,1,1,Colombia,Netherlands,True
15,100,Quarter-final,Portugal,Argentina,0,3,Argentina,Portugal,False
15,101,Semi-final,Ivory Coast,Egypt,2,1,Ivory Coast,Egypt,False
15,102,Semi-final,Colombia,Argentina,0,0,Colombia,Argentina,True
15,103,Third-place playoff,Egypt,Argentina,3,3,Argentina,Egypt,True
15,104,Final,Ivory Coast,Colombia,0,2,Colombia,Ivory Coast,False
16,73,Round of 32,Czech Republic,Canada,3,0,Czech Republic,Canada,False
16,74,Round of 32,Brazil,Tunisia,3,0,Brazil,Tunisia,False
16,75,Round of 32,Ecuador,Scotland,2,0,Ecuador,Scotland,False
16,76,Round of 32,Japan,Morocco,0,0,Morocco,Japan,True
16,77,Round of 32,Germany,Norway,0,4,Norway,Germany,False
16,78,Round of 32,France,Australia,0,0,Australia,France,True
16,79,Round of 32,Mexico,Cape Verde,0,0,Mexico,Cape Verde,True
16,80,Round of 32,Croatia,DR Congo,2,2,Croatia,DR Congo,True
16,81,Round of 32,New Zealand,South Korea,1,1,South Korea,New Zealand,True
16,82,Round of 32,United States,Ivory Coast,1,4,Ivory Coast,United States,False
16,83,Round of 32,Colombia,England,2,2,England,Colombia,True
16,84,Round of 32,Spain,Algeria,4,1,Spain,Algeria,False
16,85,Round of 32,Switzerland,Iran,2,2,Switzerland,Iran,True
16,86,Round of 32,Turkey,Belgium,1,1,Belgium,Turkey,True
16,87,Round of 32,Argentina,Uruguay,0,0,Uruguay,Argentina,True
16,88,Round of 32,Portugal,Panama,1,0,Portugal,Panama,False
16,89,Round of 16,Czech Republic,Ecuador,0,1,Ecuador,Czech Republic,False
16,90,Round of 16,Brazil,Norway,2,1,Brazil,Norway,False
16,91,Round of 16,Morocco,Australia,2,2,Australia,Morocco,True
16,92,Round of 16,Mexico,Croatia,0,2,Croatia,Mexico,False
16,93,Round of 16,England,Spain,0,0,Spain,England,True
16,94,Round of 16,South Korea,Ivory Coast,0,0,Ivory Coast,South Korea,True
16,95,Round of 16,Belgium,Portugal,1,3,Portugal,Belgium,False
16,96,Round of 16,Switzerland,Uruguay,0,1,Uruguay,Switzerland,False
16,97,Quarter-final,Ecuador,Brazil,1,5,Brazil,Ecuador,False
16,98,Quarter-final,Spain,Ivory Coast,5,4,Spain,Ivory Coast,False
16,99,Quarter-final,Australia,Croatia,1,1,Australia,Croatia,True
16,100,Quarter-final,Portugal,Uruguay,0,1,Uruguay,Portugal,False
16,101,Semi-final,Brazil,Spain,3,0,Brazil,Spain,False
16,102,Semi-final,Australia,Uruguay,2,5,Uruguay,Australia,False
16,103,Third-place playoff,Spain,Australia,1,0,Spain,Australia,False
16,104,Final,Brazil,Uruguay,2,1,Brazil,Uruguay,False
17,73,Round of 32,Mexico,Switzerland,0,1,Switzerland,Mexico,False
17,74,Round of 32,Morocco,Sweden,3,1,Morocco,Sweden,False
17,75,Round of 32,Ecuador,Brazil,1,1,Brazil,Ecuador,True
17,76,Round of 32,Netherlands,Scotland,5,4,Netherlands,Scotland,False
17,77,Round of 32,Germany,Senegal,4,1,Germany,Senegal,False
17,78,Round of 32,France,Australia,0,3,Australia,France,False
17,79,Round of 32,Czech Republic,Cape Verde,0,0,Cape Verde,Czech Republic,True
17,80,Round of 32,England,Norway,4,0,England,Norway,False
17,81,Round of 32,Belgium,South Korea,2,0,Belgium,South Korea,False
17,82,Round of 32,Turkey,Ivory Coast,4,2,Turkey,Ivory Coast,False
17,83,Round of 32,Uzbekistan,Croatia,1,1,Croatia,Uzbekistan,True
17,84,Round of 32,Spain,Algeria,0,0,Algeria,Spain,True
17,85,Round of 32,Canada,Austria,0,2,Austria,Canada,False
17,86,Round of 32,United States,Iran,0,1,Iran,United States,False
17,87,Round of 32,Argentina,Uruguay,0,3,Uruguay,Argentina,False
17,88,Round of 32,Portugal,Panama,6,1,Portugal,Panama,False
17,89,Round of 16,Switzerland,Brazil,1,2,Brazil,Switzerland,False
17,90,Round of 16,Morocco,Germany,1,2,Germany,Morocco,False
17,91,Round of 16,Netherlands,Australia,1,0,Netherlands,Australia,False
17,92,Round of 16,Cape Verde,England,1,3,England,Cape Verde,False
17,93,Round of 16,Croatia,Algeria,2,2,Algeria,Croatia,True
17,94,Round of 16,Belgium,Turkey,1,2,Turkey,Belgium,False
17,95,Round of 16,Iran,Portugal,0,1,Portugal,Iran,False
17,96,Round of 16,Austria,Uruguay,2,1,Austria,Uruguay,False
17,97,Quarter-final,Brazil,Germany,2,3,Germany,Brazil,False
17,98,Quarter-final,Algeria,Turkey,2,1,Algeria,Turkey,False
17,99,Quarter-final,Netherlands,England,1,2,England,Netherlands,False
17,100,Quarter-final,Portugal,Austria,4,1,Portugal,Austria,False
17,101,Semi-final,Germany,Algeria,2,0,Germany,Algeria,False
17,102,Semi-final,England,Portugal,0,1,Portugal,England,False
17,103,Third-place playoff,Algeria,England,0,1,England,Algeria,False
17,104,Final,Germany,Portugal,1,1,Portugal,Germany,True
18,73,Round of 32,Czech Republic,Qatar,1,0,Czech Republic,Qatar,False
18,74,Round of 32,Brazil,Sweden,1,0,Brazil,Sweden,False
18,75,Round of 32,Germany,Turkey,0,0,Turkey,Germany,True
18,76,Round of 32,Netherlands,Scotland,3,1,Netherlands,Scotland,False
18,77,Round of 32,Curaçao,Senegal,0,1,Senegal,Curaçao,False
18,78,Round of 32,France,Japan,2,0,France,Japan,False
18,79,Round of 32,Mexico,Ecuador,0,1,Ecuador,Mexico,False
18,80,Round of 32,Panama,Algeria,2,1,Panama,Algeria,False
18,81,Round of 32,New Zealand,South Korea,1,3,South Korea,New Zealand,False
18,82,Round of 32,Paraguay,Switzerland,1,0,Paraguay,Switzerland,False
18,83,Round of 32,Uzbekistan,England,0,4,England,Uzbekistan,False
18,84,Round of 32,Spain,Austria,2,0,Spain,Austria,False
18,85,Round of 32,Canada,Belgium,0,3,Belgium,Canada,False
18,86,Round of 32,United States,Iran,2,1,United States,Iran,False
18,87,Round of 32,Argentina,Cape Verde,5,0,Argentina,Cape Verde,False
18,88,Round of 32,Colombia,Croatia,1,0,Colombia,Croatia,False
18,89,Round of 16,Czech Republic,Turkey,2,0,Czech Republic,Turkey,False
18,90,Round of 16,Brazil,Senegal,1,3,Senegal,Brazil,False
18,91,Round of 16,Netherlands,France,1,1,Netherlands,France,True
18,92,Round of 16,Ecuador,Panama,3,1,Ecuador,Panama,False
18,93,Round of 16,England,Spain,2,2,Spain,England,True
18,94,Round of 16,South Korea,Paraguay,1,0,South Korea,Paraguay,False
18,95,Round of 16,United States,Colombia,0,3,Colombia,United States,False
18,96,Round of 16,Belgium,Argentina,3,1,Belgium,Argentina,False
18,97,Quarter-final,Czech Republic,Senegal,0,1,Senegal,Czech Republic,False
18,98,Quarter-final,Spain,South Korea,2,1,Spain,South Korea,False
18,99,Quarter-final,Netherlands,Ecuador,1,3,Ecuador,Netherlands,False
18,100,Quarter-final,Colombia,Belgium,2,3,Belgium,Colombia,False
18,101,Semi-final,Senegal,Spain,1,1,Senegal,Spain,True
18,102,Semi-final,Ecuador,Belgium,2,2,Belgium,Ecuador,True
18,103,Third-place playoff,Spain,Ecuador,2,0,Spain,Ecuador,False
18,104,Final,Senegal,Belgium,0,1,Belgium,Senegal,False
19,73,Round of 32,Mexico,Bosnia and Herzegovina,5,1,Mexico,Bosnia and Herzegovina,False
19,74,Round of 32,Brazil,Japan,0,1,Japan,Brazil,False
19,75,Round of 32,Ecuador,Haiti,2,0,Ecuador,Haiti,False
19,76,Round of 32,Netherlands,Morocco,3,1,Netherlands,Morocco,False
19,77,Round of 32,Germany,Senegal,2,2,Senegal,Germany,True
19,78,Round of 32,France,United States,4,1,France,United States,False
19,79,Round of 32,South Korea,Curaçao,1,1,Curaçao,South Korea,True
19,80,Round of 32,England,DR Congo,2,0,England,DR Congo,False
19,81,Round of 32,New Zealand,Czech Republic,0,3,Czech Republic,New Zealand,False
19,82,Round of 32,Paraguay,Switzerland,1,1,Paraguay,Switzerland,True
19,83,Round of 32,Portugal,Croatia,2,1,Portugal,Croatia,False
19,84,Round of 32,Spain,Algeria,0,0,Spain,Algeria,True
19,85,Round of 32,Canada,Belgium,3,2,Canada,Belgium,False
19,86,Round of 32,Australia,Iran,3,1,Australia,Iran,False
19,87,Round of 32,Argentina,Uruguay,6,0,Argentina,Uruguay,False
19,88,Round of 32,Colombia,Panama,0,0,Panama,Colombia,True
19,89,Round of 16,Mexico,Ecuador,0,2,Ecuador,Mexico,False
19,90,Round of 16,Japan,Senegal,0,1,Senegal,Japan,False
19,91,Round of 16,Netherlands,France,1,1,France,Netherlands,True
19,92,Round of 16,Curaçao,England,0,2,England,Curaçao,False
19,93,Round of 16,Portugal,Spain,2,1,Portugal,Spain,False
19,94,Round of 16,Czech Republic,Paraguay,2,1,Czech Republic,Paraguay,False
19,95,Round of 16,Australia,Panama,2,1,Australia,Panama,False
19,96,Round of 16,Canada,Argentina,0,4,Argentina,Canada,False
19,97,Quarter-final,Ecuador,Senegal,1,1,Senegal,Ecuador,True
19,98,Quarter-final,Portugal,Czech Republic,4,2,Portugal,Czech Republic,False
19,99,Quarter-final,France,England,0,1,England,France,False
19,100,Quarter-final,Australia,Argentina,1,1,Argentina,Australia,True
19,101,Semi-final,Senegal,Portugal,1,2,Portugal,Senegal,False
19,102,Semi-final,England,Argentina,0,3,Argentina,England,False
19,103,Third-place playoff,Senegal,England,1,1,England,Senegal,True
19,104,Final,Portugal,Argentina,1,0,Portugal,Argentina,False
20,73,Round of 32,Czech Republic,Canada,0,1,Canada,Czech Republic,False
20,74,Round of 32,Brazil,Tunisia,2,1,Brazil,Tunisia,False
20,75,Round of 32,Ecuador,Morocco,2,0,Ecuador,Morocco,False
20,76,Round of 32,Japan,Scotland,2,2,Scotland,Japan,True
20,77,Round of 32,Ivory Coast,Senegal,1,1,Ivory Coast,Senegal,True
20,78,Round of 32,France,Netherlands,2,1,France,Netherlands,False
20,79,Round of 32,Mexico,Uruguay,2,0,Mexico,Uruguay,False
20,80,Round of 32,England,DR Congo,3,0,England,DR Congo,False
20,81,Round of 32,New Zealand,South Korea,3,2,New Zealand,South Korea,False
20,82,Round of 32,Paraguay,Iraq,2,1,Paraguay,Iraq,False
20,83,Round of 32,Colombia,Croatia,1,0,Colombia,Croatia,False
20,84,Round of 32,Spain,Jordan,2,1,Spain,Jordan,False
20,85,Round of 32,Switzerland,Germany,0,3,Germany,Switzerland,False
20,86,Round of 32,United States,Belgium,2,0,United States,Belgium,False
20,87,Round of 32,Austria,Saudi Arabia,1,2,Saudi Arabia,Austria,False
20,88,Round of 32,Portugal,Panama,4,0,Portugal,Panama,False
20,89,Round of 16,Canada,Ecuador,0,1,Ecuador,Canada,False
20,90,Round of 16,Brazil,Ivory Coast,2,0,Brazil,Ivory Coast,False
20,91,Round of 16,Scotland,France,0,3,France,Scotland,False
20,92,Round of 16,Mexico,England,0,1,England,Mexico,False
20,93,Round of 16,Colombia,Spain,0,2,Spain,Colombia,False
20,94,Round of 16,New Zealand,Paraguay,1,0,New Zealand,Paraguay,False
20,95,Round of 16,United States,Portugal,0,1,Portugal,United States,False
20,96,Round of 16,Germany,Saudi Arabia,2,1,Germany,Saudi Arabia,False
20,97,Quarter-final,Ecuador,Brazil,0,2,Brazil,Ecuador,False
20,98,Quarter-final,Spain,New Zealand,2,2,New Zealand,Spain,True
20,99,Quarter-final,France,England,1,5,England,France,False
20,100,Quarter-final,Portugal,Germany,0,2,Germany,Portugal,False
20,101,Semi-final,Brazil,New Zealand,1,1,New Zealand,Brazil,True
20,102,Semi-final,England,Germany,1,0,England,Germany,False
20,103,Third-place playoff,Brazil,Germany,2,0,Brazil,Germany,False
20,104,Final,New Zealand,England,0,4,England,New Zealand,False
21,73,Round of 32,South Korea,Qatar,3,1,South Korea,Qatar,False
21,74,Round of 32,Brazil,Japan,0,1,Japan,Brazil,False
21,75,Round of 32,Ecuador,Tunisia,2,0,Ecuador,Tunisia,False
21,76,Round of 32,Netherlands,Morocco,1,0,Netherlands,Morocco,False
21,77,Round of 32,Curaçao,Senegal,0,2,Senegal,Curaçao,False
21,78,Round of 32,France,Egypt,1,0,France,Egypt,False
21,79,Round of 32,Mexico,Saudi Arabia,1,1,Mexico,Saudi Arabia,True
21,80,Round of 32,England,Uzbekistan,2,2,England,Uzbekistan,True
21,81,Round of 32,Belgium,Norway,3,0,Belgium,Norway,False
21,82,Round of 32,Paraguay,Switzerland,1,0,Paraguay,Switzerland,False
21,83,Round of 32,Colombia,Croatia,1,2,Croatia,Colombia,False
21,84,Round of 32,Spain,Argentina,2,0,Spain,Argentina,False
21,85,Round of 32,Canada,Austria,1,2,Austria,Canada,False
21,86,Round of 32,United States,Iran,1,2,Iran,United States,False
21,87,Round of 32,Algeria,Uruguay,1,0,Algeria,Uruguay,False
21,88,Round of 32,Portugal,Panama,4,1,Portugal,Panama,False
21,89,Round of 16,South Korea,Ecuador,0,2,Ecuador,South Korea,False
21,90,Round of 16,Japan,Senegal,2,1,Japan,Senegal,False
21,91,Round of 16,Netherlands,France,0,2,France,Netherlands,False
21,92,Round of 16,Mexico,England,2,4,England,Mexico,False
21,93,Round of 16,Croatia,Spain,1,0,Croatia,Spain,False
21,94,Round of 16,Belgium,Paraguay,0,3,Paraguay,Belgium,False
21,95,Round of 16,Iran,Portugal,0,0,Portugal,Iran,True
21,96,Round of 16,Austria,Algeria,2,2,Austria,Algeria,True
21,97,Quarter-final,Ecuador,Japan,4,0,Ecuador,Japan,False
21,98,Quarter-final,Croatia,Paraguay,2,2,Paraguay,Croatia,True
21,99,Quarter-final,France,England,1,2,England,France,False
21,100,Quarter-final,Portugal,Austria,3,2,Portugal,Austria,False
21,101,Semi-final,Ecuador,Paraguay,0,1,Paraguay,Ecuador,False
21,102,Semi-final,England,Portugal,2,1,England,Portugal,False
21,103,Third-place playoff,Ecuador,Portugal,1,1,Portugal,Ecuador,True
21,104,Final,Paraguay,England,2,2,England,Paraguay,True
22,73,Round of 32,Czech Republic,Switzerland,0,2,Switzerland,Czech Republic,False
22,74,Round of 32,Brazil,Netherlands,4,5,Netherlands,Brazil,False
22,75,Round of 32,Germany,United States,2,4,United States,Germany,False
22,76,Round of 32,Japan,Morocco,2,0,Japan,Morocco,False
22,77,Round of 32,Ivory Coast,France,2,1,Ivory Coast,France,False
22,78,Round of 32,Norway,Tunisia,3,2,Norway,Tunisia,False
22,79,Round of 32,Mexico,Ecuador,1,1,Ecuador,Mexico,True
22,80,Round of 32,England,Iraq,2,0,England,Iraq,False
22,81,Round of 32,Belgium,South Africa,1,0,Belgium,South Africa,False
22,82,Round of 32,Paraguay,Qatar,2,1,Paraguay,Qatar,False
22,83,Round of 32,Portugal,Ghana,2,2,Ghana,Portugal,True
22,84,Round of 32,Uruguay,Algeria,3,3,Algeria,Uruguay,True
22,85,Round of 32,Canada,Austria,1,3,Austria,Canada,False
22,86,Round of 32,Australia,Egypt,2,1,Australia,Egypt,False
22,87,Round of 32,Argentina,Spain,0,4,Spain,Argentina,False
22,88,Round of 32,Colombia,Croatia,0,1,Croatia,Colombia,False
22,89,Round of 16,Switzerland,United States,3,0,Switzerland,United States,False
22,90,Round of 16,Netherlands,Ivory Coast,5,3,Netherlands,Ivory Coast,False
22,91,Round of 16,Japan,Norway,1,3,Norway,Japan,False
22,92,Round of 16,Ecuador,England,0,1,England,Ecuador,False
22,93,Round of 16,Ghana,Algeria,0,2,Algeria,Ghana,False
22,94,Round of 16,Belgium,Paraguay,1,0,Belgium,Paraguay,False
22,95,Round of 16,Australia,Croatia,1,1,Australia,Croatia,True
22,96,Round of 16,Austria,Spain,0,3,Spain,Austria,False
22,97,Quarter-final,Switzerland,Netherlands,1,1,Netherlands,Switzerland,True
22,98,Quarter-final,Algeria,Belgium,2,0,Algeria,Belgium,False
22,99,Quarter-final,Norway,England,1,3,England,Norway,False
22,100,Quarter-final,Australia,Spain,1,6,Spain,Australia,False
22,101,Semi-final,Netherlands,Algeria,2,1,Netherlands,Algeria,False
22,102,Semi-final,England,Spain,1,2,Spain,England,False
22,103,Third-place playoff,Algeria,England,2,1,Algeria,England,False
22,104,Final,Netherlands,Spain,1,2,Spain,Netherlands,False
23,73,Round of 32,South Korea,Canada,3,0,South Korea,Canada,False
23,74,Round of 32,Morocco,Netherlands,1,1,Morocco,Netherlands,True
23,75,Round of 32,Ivory Coast,Paraguay,0,0,Ivory Coast,Paraguay,True
23,76,Round of 32,Japan,Brazil,0,1,Brazil,Japan,False
23,77,Round of 32,Ecuador,Iraq,4,0,Ecuador,Iraq,False
23,78,Round of 32,France,Tunisia,1,0,France,Tunisia,False
23,79,Round of 32,Mexico,Scotland,0,1,Scotland,Mexico,False
23,80,Round of 32,Croatia,Uruguay,1,1,Uruguay,Croatia,True
23,81,Round of 32,Iran,Czech Republic,2,2,Iran,Czech Republic,True
23,82,Round of 32,Turkey,Argentina,0,0,Turkey,Argentina,True
23,83,Round of 32,Portugal,England,0,0,England,Portugal,True
23,84,Round of 32,Spain,Algeria,4,1,Spain,Algeria,False
23,85,Round of 32,Switzerland,New Zealand,3,1,Switzerland,New Zealand,False
23,86,Round of 32,United States,Belgium,0,0,United States,Belgium,True
23,87,Round of 32,Austria,Saudi Arabia,2,2,Austria,Saudi Arabia,True
23,88,Round of 32,Colombia,Panama,4,0,Colombia,Panama,False
23,89,Round of 16,South Korea,Ivory Coast,0,1,Ivory Coast,South Korea,False
23,90,Round of 16,Morocco,Ecuador,0,2,Ecuador,Morocco,False
23,91,Round of 16,Brazil,France,0,2,France,Brazil,False
23,92,Round of 16,Scotland,Uruguay,0,2,Uruguay,Scotland,False
23,93,Round of 16,England,Spain,1,2,Spain,England,False
23,94,Round of 16,Iran,Turkey,2,1,Iran,Turkey,False
23,95,Round of 16,United States,Colombia,0,1,Colombia,United States,False
23,96,Round of 16,Switzerland,Austria,1,0,Switzerland,Austria,False
23,97,Quarter-final,Ivory Coast,Ecuador,3,2,Ivory Coast,Ecuador,False
23,98,Quarter-final,Spain,Iran,3,1,Spain,Iran,False
23,99,Quarter-final,France,Uruguay,2,1,France,Uruguay,False
23,100,Quarter-final,Colombia,Switzerland,0,3,Switzerland,Colombia,False
23,101,Semi-final,Ivory Coast,Spain,1,1,Spain,Ivory Coast,True
23,102,Semi-final,France,Switzerland,2,3,Switzerland,France,False
23,103,Third-place playoff,Ivory Coast,France,2,1,Ivory Coast,France,False
23,104,Final,Spain,Switzerland,2,1,Spain,Switzerland,False
24,73,Round of 32,Mexico,Switzerland,1,3,Switzerland,Mexico,False
24,74,Round of 32,Morocco,Netherlands,0,3,Netherlands,Morocco,False
24,75,Round of 32,Ecuador,Australia,3,1,Ecuador,Australia,False
24,76,Round of 32,Japan,Brazil,0,0,Brazil,Japan,True
24,77,Round of 32,Ivory Coast,France,0,3,France,Ivory Coast,False
24,78,Round of 32,Norway,Tunisia,1,3,Tunisia,Norway,False
24,79,Round of 32,South Korea,Cape Verde,1,0,South Korea,Cape Verde,False
24,80,Round of 32,England,Uzbekistan,1,1,England,Uzbekistan,True
24,81,Round of 32,New Zealand,Czech Republic,0,1,Czech Republic,New Zealand,False
24,82,Round of 32,United States,Qatar,3,1,United States,Qatar,False
24,83,Round of 32,Portugal,Panama,0,0,Portugal,Panama,True
24,84,Round of 32,Uruguay,Jordan,1,1,Uruguay,Jordan,True
24,85,Round of 32,Canada,Egypt,1,0,Canada,Egypt,False
24,86,Round of 32,Turkey,Belgium,1,0,Turkey,Belgium,False
24,87,Round of 32,Argentina,Spain,3,2,Argentina,Spain,False
24,88,Round of 32,Colombia,Croatia,1,1,Croatia,Colombia,True
24,89,Round of 16,Switzerland,Ecuador,1,0,Switzerland,Ecuador,False
24,90,Round of 16,Netherlands,France,1,0,Netherlands,France,False
24,91,Round of 16,Brazil,Tunisia,3,1,Brazil,Tunisia,False
24,92,Round of 16,South Korea,England,1,1,England,South Korea,True
24,93,Round of 16,Portugal,Uruguay,2,1,Portugal,Uruguay,False
24,94,Round of 16,Czech Republic,United States,1,3,United States,Czech Republic,False
24,95,Round of 16,Turkey,Croatia,1,0,Turkey,Croatia,False
24,96,Round of 16,Canada,Argentina,1,0,Canada,Argentina,False
24,97,Quarter-final,Switzerland,Netherlands,0,3,Netherlands,Switzerland,False
24,98,Quarter-final,Portugal,United States,1,2,United States,Portugal,False
24,99,Quarter-final,Brazil,England,0,2,England,Brazil,False
24,100,Quarter-final,Turkey,Canada,2,0,Turkey,Canada,False
24,101,Semi-final,Netherlands,United States,0,2,United States,Netherlands,False
24,102,Semi-final,England,Turkey,2,1,England,Turkey,False
24,103,Third-place playoff,Netherlands,Turkey,3,1,Netherlands,Turkey,False
24,104,Final,United States,England,1,2,England,United States,False
25,73,Round of 32,South Korea,Switzerland,0,1,Switzerland,South Korea,False
25,74,Round of 32,Brazil,Japan,1,1,Brazil,Japan,True
25,75,Round of 32,Ecuador,Turkey,0,3,Turkey,Ecuador,False
25,76,Round of 32,Netherlands,Morocco,2,2,Netherlands,Morocco,True
25,77,Round of 32,Ivory Coast,Senegal,0,1,Senegal,Ivory Coast,False
25,78,Round of 32,France,Tunisia,3,1,France,Tunisia,False
25,79,Round of 32,Mexico,Germany,3,1,Mexico,Germany,False
25,80,Round of 32,England,Norway,4,0,England,Norway,False
25,81,Round of 32,New Zealand,South Africa,1,1,New Zealand,South Africa,True
25,82,Round of 32,United States,Algeria,0,2,Algeria,United States,False
25,83,Round of 32,Colombia,Croatia,0,0,Colombia,Croatia,True
25,84,Round of 32,Spain,Austria,2,0,Spain,Austria,False
25,85,Round of 32,Canada,Egypt,2,2,Egypt,Canada,True
25,86,Round of 32,Paraguay,Iran,1,2,Iran,Paraguay,False
25,87,Round of 32,Argentina,Uruguay,0,1,Uruguay,Argentina,False
25,88,Round of 32,Portugal,Panama,1,0,Portugal,Panama,False
25,89,Round of 16,Switzerland,Turkey,2,2,Switzerland,Turkey,True
25,90,Round of 16,Brazil,Senegal,1,0,Brazil,Senegal,False
25,91,Round of 16,Netherlands,France,0,2,France,Netherlands,False
25,92,Round of 16,Mexico,England,1,2,England,Mexico,False
25,93,Round of 16,Colombia,Spain,0,1,Spain,Colombia,False
25,94,Round of 16,New Zealand,Algeria,2,1,New Zealand,Algeria,False
25,95,Round of 16,Iran,Portugal,0,3,Portugal,Iran,False
25,96,Round of 16,Egypt,Uruguay,1,1,Uruguay,Egypt,True
25,97,Quarter-final,Switzerland,Brazil,0,0,Brazil,Switzerland,True
25,98,Quarter-final,Spain,New Zealand,2,1,Spain,New Zealand,False
25,99,Quarter-final,France,England,3,1,France,England,False
25,100,Quarter-final,Portugal,Uruguay,1,2,Uruguay,Portugal,False
25,101,Semi-final,Brazil,Spain,0,2,Spain,Brazil,False
25,102,Semi-final,France,Uruguay,3,0,France,Uruguay,False
25,103,Third-place playoff,Brazil,Uruguay,1,0,Brazil,Uruguay,False
25,104,Final,Spain,France,1,2,France,Spain,False
26,73,Round of 32,South Korea,Switzerland,1,2,Switzerland,South Korea,False
26,74,Round of 32,Morocco,Japan,1,1,Japan,Morocco,True
26,75,Round of 32,Germany,Brazil,3,1,Germany,Brazil,False
26,76,Round of 32,Netherlands,Scotland,3,0,Netherlands,Scotland,False
26,77,Round of 32,Ecuador,Senegal,0,2,Senegal,Ecuador,False
26,78,Round of 32,France,United States,2,1,France,United States,False
26,79,Round of 32,Mexico,Uruguay,3,2,Mexico,Uruguay,False
26,80,Round of 32,England,Ivory Coast,0,0,England,Ivory Coast,True
26,81,Round of 32,Belgium,South Africa,3,0,Belgium,South Africa,False
26,82,Round of 32,Australia,Qatar,2,1,Australia,Qatar,False
26,83,Round of 32,Colombia,Croatia,0,2,Croatia,Colombia,False
26,84,Round of 32,Spain,Austria,2,1,Spain,Austria,False
26,85,Round of 32,Canada,New Zealand,2,0,Canada,New Zealand,False
26,86,Round of 32,Turkey,Iran,3,2,Turkey,Iran,False
26,87,Round of 32,Argentina,Cape Verde,5,0,Argentina,Cape Verde,False
26,88,Round of 32,Portugal,Panama,3,1,Portugal,Panama,False
26,89,Round of 16,Switzerland,Germany,0,1,Germany,Switzerland,False
26,90,Round of 16,Japan,Senegal,1,0,Japan,Senegal,False
26,91,Round of 16,Netherlands,France,2,0,Netherlands,France,False
26,92,Round of 16,Mexico,England,0,0,England,Mexico,True
26,93,Round of 16,Croatia,Spain,1,1,Spain,Croatia,True
26,94,Round of 16,Belgium,Australia,0,0,Belgium,Australia,True
26,95,Round of 16,Turkey,Portugal,3,3,Portugal,Turkey,True
26,96,Round of 16,Canada,Argentina,2,2,Canada,Argentina,True
26,97,Quarter-final,Germany,Japan,1,0,Germany,Japan,False
26,98,Quarter-final,Spain,Belgium,1,0,Spain,Belgium,False
26,99,Quarter-final,Netherlands,England,1,1,England,Netherlands,True
26,100,Quarter-final,Portugal,Canada,3,2,Portugal,Canada,False
26,101,Semi-final,Germany,Spain,2,1,Germany,Spain,False
26,102,Semi-final,England,Portugal,0,3,Portugal,England,False
26,103,Third-place playoff,Spain,England,2,0,Spain,England,False
26,104,Final,Germany,Portugal,2,1,Germany,Portugal,False
27,73,Round of 32,South Korea,Canada,2,1,South Korea,Canada,False
27,74,Round of 32,Scotland,Sweden,3,0,Scotland,Sweden,False
27,75,Round of 32,Ecuador,Tunisia,2,2,Ecuador,Tunisia,True
27,76,Round of 32,Netherlands,Brazil,3,1,Netherlands,Brazil,False
27,77,Round of 32,Germany,Norway,0,1,Norway,Germany,False
27,78,Round of 32,France,New Zealand,3,1,France,New Zealand,False
27,79,Round of 32,Mexico,Curaçao,1,0,Mexico,Curaçao,False
27,80,Round of 32,Croatia,Uzbekistan,1,1,Uzbekistan,Croatia,True
27,81,Round of 32,Belgium,Spain,0,3,Spain,Belgium,False
27,82,Round of 32,Australia,Bosnia and Herzegovina,2,1,Australia,Bosnia and Herzegovina,False
27,83,Round of 32,Portugal,England,0,1,England,Portugal,False
27,84,Round of 32,Cape Verde,Austria,0,2,Austria,Cape Verde,False
27,85,Round of 32,Switzerland,Algeria,0,1,Algeria,Switzerland,False
27,86,Round of 32,Paraguay,Egypt,2,1,Paraguay,Egypt,False
27,87,Round of 32,Argentina,Uruguay,0,0,Argentina,Uruguay,True
27,88,Round of 32,DR Congo,Panama,1,1,Panama,DR Congo,True
27,89,Round of 16,South Korea,Ecuador,1,3,Ecuador,South Korea,False
27,90,Round of 16,Scotland,Norway,1,1,Norway,Scotland,True
27,91,Round of 16,Netherlands,France,1,1,Netherlands,France,True
27,92,Round of 16,Mexico,Uzbekistan,1,1,Uzbekistan,Mexico,True
27,93,Round of 16,England,Austria,1,1,England,Austria,True
27,94,Round of 16,Spain,Australia,2,0,Spain,Australia,False
27,95,Round of 16,Paraguay,Panama,3,0,Paraguay,Panama,False
27,96,Round of 16,Algeria,Argentina,0,0,Argentina,Algeria,True
27,97,Quarter-final,Ecuador,Norway,0,2,Norway,Ecuador,False
27,98,Quarter-final,England,Spain,0,0,Spain,England,True
27,99,Quarter-final,Netherlands,Uzbekistan,4,1,Netherlands,Uzbekistan,False
27,100,Quarter-final,Paraguay,Argentina,1,1,Argentina,Paraguay,True
27,101,Semi-final,Norway,Spain,1,1,Norway,Spain,True
27,102,Semi-final,Netherlands,Argentina,1,2,Argentina,Netherlands,False
27,103,Third-place playoff,Spain,Netherlands,4,0,Spain,Netherlands,False
27,104,Final,Norway,Argentina,1,3,Argentina,Norway,False
28,73,Round of 32,Czech Republic,Canada,2,1,Czech Republic,Canada,False
28,74,Round of 32,Brazil,Japan,2,2,Japan,Brazil,True
28,75,Round of 32,Ecuador,Haiti,3,2,Ecuador,Haiti,False
28,76,Round of 32,Netherlands,Morocco,2,0,Netherlands,Morocco,False
28,77,Round of 32,Germany,Norway,2,4,Norway,Germany,False
28,78,Round of 32,France,Tunisia,4,1,France,Tunisia,False
28,79,Round of 32,Mexico,Uruguay,1,4,Uruguay,Mexico,False
28,80,Round of 32,Panama,Senegal,1,2,Senegal,Panama,False
28,81,Round of 32,Belgium,South Africa,0,1,South Africa,Belgium,False
28,82,Round of 32,Turkey,Qatar,6,1,Turkey,Qatar,False
28,83,Round of 32,Uzbekistan,England,1,0,Uzbekistan,England,False
28,84,Round of 32,Spain,Argentina,2,1,Spain,Argentina,False
28,85,Round of 32,Switzerland,Ivory Coast,2,0,Switzerland,Ivory Coast,False
28,86,Round of 32,Australia,Egypt,1,0,Australia,Egypt,False
28,87,Round of 32,Algeria,Saudi Arabia,3,0,Algeria,Saudi Arabia,False
28,88,Round of 32,Portugal,Croatia,0,6,Croatia,Portugal,False
28,89,Round of 16,Czech Republic,Ecuador,3,1,Czech Republic,Ecuador,False
28,90,Round of 16,Japan,Norway,2,0,Japan,Norway,False
28,91,Round of 16,Netherlands,France,1,1,France,Netherlands,True
28,92,Round of 16,Uruguay,Senegal,3,1,Uruguay,Senegal,False
28,93,Round of 16,Uzbekistan,Spain,0,5,Spain,Uzbekistan,False
28,94,Round of 16,South Africa,Turkey,1,6,Turkey,South Africa,False
28,95,Round of 16,Australia,Croatia,0,3,Croatia,Australia,False
28,96,Round of 16,Switzerland,Algeria,1,1,Switzerland,Algeria,True
28,97,Quarter-final,Czech Republic,Japan,0,1,Japan,Czech Republic,False
28,98,Quarter-final,Spain,Turkey,2,2,Turkey,Spain,True
28,99,Quarter-final,France,Uruguay,4,1,France,Uruguay,False
28,100,Quarter-final,Croatia,Switzerland,1,1,Switzerland,Croatia,True
28,101,Semi-final,Japan,Turkey,0,1,Turkey,Japan,False
28,102,Semi-final,France,Switzerland,2,0,France,Switzerland,False
28,103,Third-place playoff,Japan,Switzerland,1,1,Switzerland,Japan,True
28,104,Final,Turkey,France,1,2,France,Turkey,False
29,73,Round of 32,South Korea,Switzerland,2,0,South Korea,Switzerland,False
29,74,Round of 32,Morocco,Sweden,2,0,Morocco,Sweden,False
29,75,Round of 32,Ecuador,Australia,0,0,Ecuador,Australia,True
29,76,Round of 32,Japan,Brazil,3,3,Japan,Brazil,True
29,77,Round of 32,Germany,Norway,2,1,Germany,Norway,False
29,78,Round of 32,France,Netherlands,0,4,Netherlands,France,False
29,79,Round of 32,Mexico,Scotland,2,2,Scotland,Mexico,True
29,80,Round of 32,Ghana,Ivory Coast,2,2,Ivory Coast,Ghana,True
29,81,Round of 32,New Zealand,Saudi Arabia,5,1,New Zealand,Saudi Arabia,False
29,82,Round of 32,Turkey,Algeria,0,0,Algeria,Turkey,True
29,83,Round of 32,Colombia,England,0,1,England,Colombia,False
29,84,Round of 32,Spain,Austria,5,0,Spain,Austria,False
29,85,Round of 32,Canada,Belgium,0,0,Belgium,Canada,True
29,86,Round of 32,United States,Iran,0,2,Iran,United States,False
29,87,Round of 32,Argentina,Uruguay,7,1,Argentina,Uruguay,False
29,88,Round of 32,Portugal,Croatia,0,0,Portugal,Croatia,True
29,89,Round of 16,South Korea,Ecuador,0,0,Ecuador,South Korea,True
29,90,Round of 16,Morocco,Germany,3,1,Morocco,Germany,False
29,91,Round of 16,Japan,Netherlands,1,4,Netherlands,Japan,False
29,92,Round of 16,Scotland,Ivory Coast,1,3,Ivory Coast,Scotland,False
29,93,Round of 16,England,Spain,0,0,Spain,England,True
29,94,Round of 16,New Zealand,Algeria,0,1,Algeria,New Zealand,False
29,95,Round of 16,Iran,Portugal,0,2,Portugal,Iran,False
29,96,Round of 16,Belgium,Argentina,1,4,Argentina,Belgium,False
29,97,Quarter-final,Ecuador,Morocco,4,0,Ecuador,Morocco,False
29,98,Quarter-final,Spain,Algeria,2,1,Spain,Algeria,False
29,99,Quarter-final,Netherlands,Ivory Coast,6,1,Netherlands,Ivory Coast,False
29,100,Quarter-final,Portugal,Argentina,1,1,Portugal,Argentina,True
29,101,Semi-final,Ecuador,Spain,1,2,Spain,Ecuador,False
29,102,Semi-final,Netherlands,Portugal,0,5,Portugal,Netherlands,False
29,103,Third-place playoff,Ecuador,Netherlands,3,0,Ecuador,Netherlands,False
29,104,Final,Spain,Portugal,0,2,Portugal,Spain,False
30,73,Round of 32,Mexico,Canada,0,0,Mexico,Canada,True
30,74,Round of 32,Brazil,Tunisia,3,0,Brazil,Tunisia,False
30,75,Round of 32,Germany,Turkey,2,0,Germany,Turkey,False
30,76,Round of 32,Japan,Morocco,2,0,Japan,Morocco,False
30,77,Round of 32,Ecuador,Senegal,2,0,Ecuador,Senegal,False
30,78,Round of 32,France,Sweden,3,1,France,Sweden,False
30,79,Round of 32,South Korea,Curaçao,1,0,South Korea,Curaçao,False
30,80,Round of 32,England,Norway,6,1,England,Norway,False
30,81,Round of 32,Belgium,Saudi Arabia,3,0,Belgium,Saudi Arabia,False
30,82,Round of 32,Australia,Qatar,1,1,Australia,Qatar,True
30,83,Round of 32,Portugal,Croatia,2,0,Portugal,Croatia,False
30,84,Round of 32,Spain,Austria,3,0,Spain,Austria,False
30,85,Round of 32,Switzerland,Algeria,5,5,Switzerland,Algeria,True
30,86,Round of 32,United States,Egypt,2,2,Egypt,United States,True
30,87,Round of 32,Argentina,Uruguay,0,1,Uruguay,Argentina,False
30,88,Round of 32,Colombia,Panama,3,1,Colombia,Panama,False
30,89,Round of 16,Mexico,Germany,2,2,Germany,Mexico,True
30,90,Round of 16,Brazil,Ecuador,2,1,Brazil,Ecuador,False
30,91,Round of 16,Japan,France,1,1,France,Japan,True
30,92,Round of 16,South Korea,England,3,2,South Korea,England,False
30,93,Round of 16,Portugal,Spain,0,1,Spain,Portugal,False
30,94,Round of 16,Belgium,Australia,2,0,Belgium,Australia,False
30,95,Round of 16,Egypt,Colombia,1,1,Colombia,Egypt,True
30,96,Round of 16,Switzerland,Uruguay,1,1,Uruguay,Switzerland,True
30,97,Quarter-final,Germany,Brazil,1,2,Brazil,Germany,False
30,98,Quarter-final,Spain,Belgium,4,0,Spain,Belgium,False
30,99,Quarter-final,France,South Korea,2,2,South Korea,France,True
30,100,Quarter-final,Colombia,Uruguay,0,0,Uruguay,Colombia,True
30,101,Semi-final,Brazil,Spain,1,1,Spain,Brazil,True
30,102,Semi-final,South Korea,Uruguay,1,3,Uruguay,South Korea,False
30,103,Third-place playoff,Brazil,South Korea,0,2,South Korea,Brazil,False
30,104,Final,Spain,Uruguay,2,1,Spain,Uruguay,False
31,73,Round of 32,South Korea,Qatar,2,0,South Korea,Qatar,False
31,74,Round of 32,Haiti,Tunisia,0,2,Tunisia,Haiti,False
31,75,Round of 32,Ivory Coast,Morocco,0,0,Morocco,Ivory Coast,True
31,76,Round of 32,Netherlands,Scotland,2,0,Netherlands,Scotland,False
31,77,Round of 32,Germany,Senegal,2,2,Senegal,Germany,True
31,78,Round of 32,Iraq,Paraguay,1,2,Paraguay,Iraq,False
31,79,Round of 32,Mexico,Ecuador,2,1,Mexico,Ecuador,False
31,80,Round of 32,Croatia,DR Congo,3,0,Croatia,DR Congo,False
31,81,Round of 32,Belgium,South Africa,2,1,Belgium,South Africa,False
31,82,Round of 32,United States,Canada,3,2,United States,Canada,False
31,83,Round of 32,Portugal,England,2,0,Portugal,England,False
31,84,Round of 32,Spain,Algeria,1,3,Algeria,Spain,False
31,85,Round of 32,Switzerland,France,2,1,Switzerland,France,False
31,86,Round of 32,Australia,Egypt,1,0,Australia,Egypt,False
31,87,Round of 32,Argentina,Uruguay,2,1,Argentina,Uruguay,False
31,88,Round of 32,Colombia,Panama,2,0,Colombia,Panama,False
31,89,Round of 16,South Korea,Morocco,1,2,Morocco,South Korea,False
31,90,Round of 16,Tunisia,Senegal,0,0,Senegal,Tunisia,True
31,91,Round of 16,Netherlands,Paraguay,1,1,Paraguay,Netherlands,True
31,92,Round of 16,Mexico,Croatia,0,0,Mexico,Croatia,True
31,93,Round of 16,Portugal,Algeria,2,0,Portugal,Algeria,False
31,94,Round of 16,Belgium,United States,1,1,Belgium,United States,True
31,95,Round of 16,Australia,Colombia,1,1,Colombia,Australia,True
31,96,Round of 16,Switzerland,Argentina,1,3,Argentina,Switzerland,False
31,97,Quarter-final,Morocco,Senegal,0,0,Senegal,Morocco,True
31,98,Quarter-final,Portugal,Belgium,1,1,Belgium,Portugal,True
31,99,Quarter-final,Paraguay,Mexico,1,2,Mexico,Paraguay,False
31,100,Quarter-final,Colombia,Argentina,1,4,Argentina,Colombia,False
31,101,Semi-final,Senegal,Belgium,1,0,Senegal,Belgium,False
31,102,Semi-final,Mexico,Argentina,0,1,Argentina,Mexico,False
31,103,Third-place playoff,Belgium,Mexico,1,3,Mexico,Belgium,False
31,104,Final,Senegal,Argentina,2,1,Senegal,Argentina,False
32,73,Round of 32,South Africa,Canada,3,8,Canada,South Africa,False
32,74,Round of 32,Morocco,Japan,2,0,Morocco,Japan,False
32,75,Round of 32,Ecuador,Scotland,2,0,Ecuador,Scotland,False
32,76,Round of 32,Netherlands,Brazil,1,2,Brazil,Netherlands,False
32,77,Round of 32,Ivory Coast,Norway,0,3,Norway,Ivory Coast,False
32,78,Round of 32,France,Paraguay,6,4,France,Paraguay,False
32,79,Round of 32,Mexico,Germany,1,1,Mexico,Germany,True
32,80,Round of 32,England,Colombia,1,1,England,Colombia,True
32,81,Round of 32,New Zealand,South Korea,0,1,South Korea,New Zealand,False
32,82,Round of 32,Turkey,Bosnia and Herzegovina,3,0,Turkey,Bosnia and Herzegovina,False
32,83,Round of 32,Uzbekistan,Croatia,0,0,Uzbekistan,Croatia,True
32,84,Round of 32,Spain,Austria,5,0,Spain,Austria,False
32,85,Round of 32,Switzerland,Egypt,2,1,Switzerland,Egypt,False
32,86,Round of 32,Australia,Iran,0,1,Iran,Australia,False
32,87,Round of 32,Argentina,Uruguay,1,2,Uruguay,Argentina,False
32,88,Round of 32,DR Congo,Iraq,1,0,DR Congo,Iraq,False
32,89,Round of 16,Canada,Ecuador,1,0,Canada,Ecuador,False
32,90,Round of 16,Morocco,Norway,5,1,Morocco,Norway,False
32,91,Round of 16,Brazil,France,1,5,France,Brazil,False
32,92,Round of 16,Mexico,England,0,3,England,Mexico,False
32,93,Round of 16,Uzbekistan,Spain,0,1,Spain,Uzbekistan,False
32,94,Round of 16,South Korea,Turkey,1,1,Turkey,South Korea,True
32,95,Round of 16,Iran,DR Congo,1,0,Iran,DR Congo,False
32,96,Round of 16,Switzerland,Uruguay,2,0,Switzerland,Uruguay,False
32,97,Quarter-final,Canada,Morocco,2,0,Canada,Morocco,False
32,98,Quarter-final,Spain,Turkey,1,0,Spain,Turkey,False
32,99,Quarter-final,France,England,0,0,France,England,True
32,100,Quarter-final,Iran,Switzerland,1,1,Switzerland,Iran,True
32,101,Semi-final,Canada,Spain,2,2,Canada,Spain,True
32,102,Semi-final,France,Switzerland,0,2,Switzerland,France,False
32,103,Third-place playoff,Spain,France,2,1,Spain,France,False
32,104,Final,Canada,Switzerland,3,3,Switzerland,Canada,True
33,73,Round of 32,Czech Republic,Bosnia and Herzegovina,1,2,Bosnia and Herzegovina,Czech Republic,False
33,74,Round of 32,Brazil,Tunisia,4,0,Brazil,Tunisia,False
33,75,Round of 32,Germany,Turkey,1,4,Turkey,Germany,False
33,76,Round of 32,Japan,Scotland,1,0,Japan,Scotland,False
33,77,Round of 32,Ecuador,France,0,2,France,Ecuador,False
33,78,Round of 32,Senegal,New Zealand,3,2,Senegal,New Zealand,False
33,79,Round of 32,Mexico,Netherlands,3,2,Mexico,Netherlands,False
33,80,Round of 32,Croatia,Colombia,0,1,Colombia,Croatia,False
33,81,Round of 32,Belgium,South Korea,2,2,South Korea,Belgium,True
33,82,Round of 32,United States,Switzerland,4,1,United States,Switzerland,False
33,83,Round of 32,Portugal,England,1,1,England,Portugal,True
33,84,Round of 32,Uruguay,Argentina,1,0,Uruguay,Argentina,False
33,85,Round of 32,Canada,Austria,0,0,Austria,Canada,True
33,86,Round of 32,Paraguay,Iran,0,1,Iran,Paraguay,False
33,87,Round of 32,Algeria,Spain,0,2,Spain,Algeria,False
33,88,Round of 32,Uzbekistan,Panama,0,1,Panama,Uzbekistan,False
33,89,Round of 16,Bosnia and Herzegovina,Turkey,3,4,Turkey,Bosnia and Herzegovina,False
33,90,Round of 16,Brazil,France,0,1,France,Brazil,False
33,91,Round of 16,Japan,Senegal,1,0,Japan,Senegal,False
33,92,Round of 16,Mexico,Colombia,0,0,Mexico,Colombia,True
33,93,Round of 16,England,Uruguay,0,1,Uruguay,England,False
33,94,Round of 16,South Korea,United States,2,1,South Korea,United States,False
33,95,Round of 16,Iran,Panama,1,2,Panama,Iran,False
33,96,Round of 16,Austria,Spain,1,5,Spain,Austria,False
33,97,Quarter-final,Turkey,France,0,2,France,Turkey,False
33,98,Quarter-final,Uruguay,South Korea,2,1,Uruguay,South Korea,False
33,99,Quarter-final,Japan,Mexico,2,2,Mexico,Japan,True
33,100,Quarter-final,Panama,Spain,2,4,Spain,Panama,False
33,101,Semi-final,France,Uruguay,2,1,France,Uruguay,False
33,102,Semi-final,Mexico,Spain,1,3,Spain,Mexico,False
33,103,Third-place playoff,Uruguay,Mexico,1,2,Mexico,Uruguay,False
33,104,Final,France,Spain,2,1,France,Spain,False
34,73,Round of 32,Czech Republic,Canada,1,1,Canada,Czech Republic,True
34,74,Round of 32,Brazil,Japan,2,0,Brazil,Japan,False
34,75,Round of 32,Ivory Coast,United States,1,0,Ivory Coast,United States,False
34,76,Round of 32,Tunisia,Haiti,1,0,Tunisia,Haiti,False
34,77,Round of 32,Germany,Senegal,1,1,Senegal,Germany,True
34,78,Round of 32,Norway,Sweden,3,2,Norway,Sweden,False
34,79,Round of 32,South Korea,Ecuador,1,0,South Korea,Ecuador,False
34,80,Round of 32,England,Austria,2,2,Austria,England,True
34,81,Round of 32,Belgium,Mexico,2,2,Mexico,Belgium,True
34,82,Round of 32,Turkey,Bosnia and Herzegovina,2,1,Turkey,Bosnia and Herzegovina,False
34,83,Round of 32,Colombia,Croatia,0,1,Croatia,Colombia,False
34,84,Round of 32,Spain,Jordan,2,1,Spain,Jordan,False
34,85,Round of 32,Switzerland,Iran,2,2,Switzerland,Iran,True
34,86,Round of 32,Australia,Egypt,2,1,Australia,Egypt,False
34,87,Round of 32,Argentina,Uruguay,2,1,Argentina,Uruguay,False
34,88,Round of 32,Portugal,France,1,2,France,Portugal,False
34,89,Round of 16,Canada,Ivory Coast,0,1,Ivory Coast,Canada,False
34,90,Round of 16,Brazil,Senegal,1,1,Senegal,Brazil,True
34,91,Round of 16,Tunisia,Norway,2,1,Tunisia,Norway,False
34,92,Round of 16,South Korea,Austria,1,1,Austria,South Korea,True
34,93,Round of 16,Croatia,Spain,1,5,Spain,Croatia,False
34,94,Round of 16,Mexico,Turkey,0,2,Turkey,Mexico,False
34,95,Round of 16,Australia,France,0,1,France,Australia,False
34,96,Round of 16,Switzerland,Argentina,2,1,Switzerland,Argentina,False
34,97,Quarter-final,Ivory Coast,Senegal,1,2,Senegal,Ivory Coast,False
34,98,Quarter-final,Spain,Turkey,3,1,Spain,Turkey,False
34,99,Quarter-final,Tunisia,Austria,0,1,Austria,Tunisia,False
34,100,Quarter-final,France,Switzerland,0,2,Switzerland,France,False
34,101,Semi-final,Senegal,Spain,0,2,Spain,Senegal,False
34,102,Semi-final,Austria,Switzerland,0,3,Switzerland,Austria,False
34,103,Third-place playoff,Senegal,Austria,1,0,Senegal,Austria,False
34,104,Final,Spain,Switzerland,2,4,Switzerland,Spain,False
35,73,Round of 32,Czech Republic,Bosnia and Herzegovina,4,0,Czech Republic,Bosnia and Herzegovina,False
35,74,Round of 32,Brazil,Tunisia,1,1,Brazil,Tunisia,True
35,75,Round of 32,Ecuador,South Korea,3,1,Ecuador,South Korea,False
35,76,Round of 32,Japan,Scotland,2,2,Japan,Scotland,True
35,77,Round of 32,Ivory Coast,Senegal,2,1,Ivory Coast,Senegal,False
35,78,Round of 32,France,Saudi Arabia,2,1,France,Saudi Arabia,False
35,79,Round of 32,Mexico,Curaçao,1,1,Mexico,Curaçao,True
35,80,Round of 32,England,Portugal,1,0,England,Portugal,False
35,81,Round of 32,Iran,Norway,0,0,Norway,Iran,True
35,82,Round of 32,Turkey,Switzerland,1,2,Switzerland,Turkey,False
35,83,Round of 32,DR Congo,Panama,1,1,Panama,DR Congo,True
35,84,Round of 32,Spain,Austria,3,0,Spain,Austria,False
35,85,Round of 32,Canada,Egypt,0,3,Egypt,Canada,False
35,86,Round of 32,United States,Belgium,4,1,United States,Belgium,False
35,87,Round of 32,Argentina,Cape Verde,4,4,Cape Verde,Argentina,True
35,88,Round of 32,Colombia,Croatia,0,0,Croatia,Colombia,True
35,89,Round of 16,Czech Republic,Ecuador,0,2,Ecuador,Czech Republic,False
35,90,Round of 16,Brazil,Ivory Coast,1,1,Ivory Coast,Brazil,True
35,91,Round of 16,Japan,France,1,1,France,Japan,True
35,92,Round of 16,Mexico,England,0,0,England,Mexico,True
35,93,Round of 16,Panama,Spain,0,1,Spain,Panama,False
35,94,Round of 16,Norway,Switzerland,1,2,Switzerland,Norway,False
35,95,Round of 16,United States,Croatia,1,2,Croatia,United States,False
35,96,Round of 16,Egypt,Cape Verde,4,1,Egypt,Cape Verde,False
35,97,Quarter-final,Ecuador,Ivory Coast,2,0,Ecuador,Ivory Coast,False
35,98,Quarter-final,Spain,Switzerland,2,0,Spain,Switzerland,False
35,99,Quarter-final,France,England,4,3,France,England,False
35,100,Quarter-final,Croatia,Egypt,1,0,Croatia,Egypt,False
35,101,Semi-final,Ecuador,Spain,1,1,Spain,Ecuador,True
35,102,Semi-final,France,Croatia,4,2,France,Croatia,False
35,103,Third-place playoff,Ecuador,Croatia,1,1,Ecuador,Croatia,True
35,104,Final,Spain,France,2,1,Spain,France,False
36,73,Round of 32,South Korea,Switzerland,1,1,South Korea,Switzerland,True
36,74,Round of 32,Brazil,Tunisia,1,2,Tunisia,Brazil,False
36,75,Round of 32,Germany,Morocco,1,1,Germany,Morocco,True
36,76,Round of 32,Netherlands,Scotland,2,1,Netherlands,Scotland,False
36,77,Round of 32,Ecuador,France,0,2,France,Ecuador,False
36,78,Round of 32,Norway,Sweden,3,1,Norway,Sweden,False
36,79,Round of 32,Mexico,Ivory Coast,1,1,Ivory Coast,Mexico,True
36,80,Round of 32,England,Algeria,4,0,England,Algeria,False
36,81,Round of 32,Belgium,South Africa,2,3,South Africa,Belgium,False
36,82,Round of 32,Paraguay,Qatar,5,2,Paraguay,Qatar,False
36,83,Round of 32,Uzbekistan,Croatia,5,0,Uzbekistan,Croatia,False
36,84,Round of 32,Spain,Austria,0,0,Austria,Spain,True
36,85,Round of 32,Canada,New Zealand,2,1,Canada,New Zealand,False
36,86,Round of 32,Turkey,Egypt,1,0,Turkey,Egypt,False
36,87,Round of 32,Argentina,Cape Verde,4,0,Argentina,Cape Verde,False
36,88,Round of 32,Portugal,Senegal,1,0,Portugal,Senegal,False
36,89,Round of 16,South Korea,Germany,0,0,Germany,South Korea,True
36,90,Round of 16,Tunisia,France,0,2,France,Tunisia,False
36,91,Round of 16,Netherlands,Norway,0,0,Netherlands,Norway,True
36,92,Round of 16,Ivory Coast,England,2,0,Ivory Coast,England,False
36,93,Round of 16,Uzbekistan,Austria,0,1,Austria,Uzbekistan,False
36,94,Round of 16,South Africa,Paraguay,0,3,Paraguay,South Africa,False
36,95,Round of 16,Turkey,Portugal,1,2,Portugal,Turkey,False
36,96,Round of 16,Canada,Argentina,1,1,Argentina,Canada,True
36,97,Quarter-final,Germany,France,0,1,France,Germany,False
36,98,Quarter-final,Austria,Paraguay,1,3,Paraguay,Austria,False
36,99,Quarter-final,Netherlands,Ivory Coast,2,1,Netherlands,Ivory Coast,False
36,100,Quarter-final,Portugal,Argentina,1,1,Argentina,Portugal,True
36,101,Semi-final,France,Paraguay,2,0,France,Paraguay,False
36,102,Semi-final,Netherlands,Argentina,0,1,Argentina,Netherlands,False
36,103,Third-place playoff,Paraguay,Netherlands,1,2,Netherlands,Paraguay,False
36,104,Final,France,Argentina,3,2,France,Argentina,False
37,73,Round of 32,Mexico,Canada,1,4,Canada,Mexico,False
37,74,Round of 32,Brazil,Netherlands,3,0,Brazil,Netherlands,False
37,75,Round of 32,Ecuador,Australia,0,1,Australia,Ecuador,False
37,76,Round of 32,Tunisia,Morocco,1,1,Morocco,Tunisia,True
37,77,Round of 32,Germany,Iraq,2,0,Germany,Iraq,False
37,78,Round of 32,France,Japan,1,0,France,Japan,False
37,79,Round of 32,South Korea,Scotland,2,4,Scotland,South Korea,False
37,80,Round of 32,England,Uzbekistan,2,1,England,Uzbekistan,False
37,81,Round of 32,Iran,Czech Republic,2,1,Iran,Czech Republic,False
37,82,Round of 32,United States,Bosnia and Herzegovina,2,1,United States,Bosnia and Herzegovina,False
37,83,Round of 32,Portugal,Panama,3,0,Portugal,Panama,False
37,84,Round of 32,Spain,Austria,2,1,Spain,Austria,False
37,85,Round of 32,Switzerland,Jordan,2,2,Jordan,Switzerland,True
37,86,Round of 32,Turkey,Belgium,1,2,Belgium,Turkey,False
37,87,Round of 32,Argentina,Uruguay,1,3,Uruguay,Argentina,False
37,88,Round of 32,Colombia,Croatia,0,2,Croatia,Colombia,False
37,89,Round of 16,Canada,Australia,0,1,Australia,Canada,False
37,90,Round of 16,Brazil,Germany,0,1,Germany,Brazil,False
37,91,Round of 16,Morocco,France,1,2,France,Morocco,False
37,92,Round of 16,Scotland,England,1,4,England,Scotland,False
37,93,Round of 16,Portugal,Spain,0,2,Spain,Portugal,False
37,94,Round of 16,Iran,United States,3,0,Iran,United States,False
37,95,Round of 16,Belgium,Croatia,2,1,Belgium,Croatia,False
37,96,Round of 16,Jordan,Uruguay,0,2,Uruguay,Jordan,False
37,97,Quarter-final,Australia,Germany,2,2,Germany,Australia,True
37,98,Quarter-final,Spain,Iran,2,3,Iran,Spain,False
37,99,Quarter-final,France,England,0,1,England,France,False
37,100,Quarter-final,Belgium,Uruguay,0,1,Uruguay,Belgium,False
37,101,Semi-final,Germany,Iran,2,2,Germany,Iran,True
37,102,Semi-final,England,Uruguay,1,2,Uruguay,England,False
37,103,Third-place playoff,Iran,England,0,2,England,Iran,False
37,104,Final,Germany,Uruguay,1,1,Uruguay,Germany,True
38,73,Round of 32,South Korea,Switzerland,3,0,South Korea,Switzerland,False
38,74,Round of 32,Morocco,Tunisia,2,0,Morocco,Tunisia,False
38,75,Round of 32,Ecuador,United States,0,1,United States,Ecuador,False
38,76,Round of 32,Japan,Brazil,1,1,Brazil,Japan,True
38,77,Round of 32,Germany,Norway,0,0,Norway,Germany,True
38,78,Round of 32,France,Sweden,1,0,France,Sweden,False
38,79,Round of 32,Mexico,Haiti,4,0,Mexico,Haiti,False
38,80,Round of 32,England,Uzbekistan,3,2,England,Uzbekistan,False
38,81,Round of 32,Belgium,Argentina,0,5,Argentina,Belgium,False
38,82,Round of 32,Paraguay,Iraq,0,0,Iraq,Paraguay,True
38,83,Round of 32,Portugal,Croatia,0,4,Croatia,Portugal,False
38,84,Round of 32,Spain,Jordan,2,1,Spain,Jordan,False
38,85,Round of 32,Canada,Egypt,0,1,Egypt,Canada,False
38,86,Round of 32,Turkey,New Zealand,3,2,Turkey,New Zealand,False
38,87,Round of 32,Algeria,Uruguay,0,1,Uruguay,Algeria,False
38,88,Round of 32,Colombia,Ghana,1,1,Colombia,Ghana,True
38,89,Round of 16,South Korea,United States,1,2,United States,South Korea,False
38,90,Round of 16,Morocco,Norway,5,1,Morocco,Norway,False
38,91,Round of 16,Brazil,France,2,2,France,Brazil,True
38,92,Round of 16,Mexico,England,1,3,England,Mexico,False
38,93,Round of 16,Croatia,Spain,1,4,Spain,Croatia,False
38,94,Round of 16,Argentina,Iraq,5,0,Argentina,Iraq,False
38,95,Round of 16,Turkey,Colombia,0,1,Colombia,Turkey,False
38,96,Round of 16,Egypt,Uruguay,0,1,Uruguay,Egypt,False
38,97,Quarter-final,United States,Morocco,1,0,United States,Morocco,False
38,98,Quarter-final,Spain,Argentina,5,1,Spain,Argentina,False
38,99,Quarter-final,France,England,1,4,England,France,False
38,100,Quarter-final,Colombia,Uruguay,0,0,Uruguay,Colombia,True
38,101,Semi-final,United States,Spain,1,2,Spain,United States,False
38,102,Semi-final,England,Uruguay,1,0,England,Uruguay,False
38,103,Third-place playoff,United States,Uruguay,1,1,Uruguay,United States,True
38,104,Final,Spain,England,2,0,Spain,England,False
39,73,Round of 32,South Korea,Switzerland,2,1,South Korea,Switzerland,False
39,74,Round of 32,Brazil,Netherlands,1,0,Brazil,Netherlands,False
39,75,Round of 32,Germany,Morocco,0,2,Morocco,Germany,False
39,76,Round of 32,Japan,Scotland,1,1,Scotland,Japan,True
39,77,Round of 32,Curaçao,Norway,1,3,Norway,Curaçao,False
39,78,Round of 32,France,Turkey,1,2,Turkey,France,False
39,79,Round of 32,Mexico,Ecuador,0,0,Ecuador,Mexico,True
39,80,Round of 32,Croatia,Uzbekistan,2,0,Croatia,Uzbekistan,False
39,81,Round of 32,Iran,Czech Republic,2,1,Iran,Czech Republic,False
39,82,Round of 32,Paraguay,Jordan,3,0,Paraguay,Jordan,False
39,83,Round of 32,Portugal,Panama,2,1,Portugal,Panama,False
39,84,Round of 32,Spain,Algeria,2,0,Spain,Algeria,False
39,85,Round of 32,Canada,New Zealand,3,1,Canada,New Zealand,False
39,86,Round of 32,Australia,Belgium,1,0,Australia,Belgium,False
39,87,Round of 32,Argentina,Uruguay,1,2,Uruguay,Argentina,False
39,88,Round of 32,Colombia,Ghana,4,1,Colombia,Ghana,False
39,89,Round of 16,South Korea,Morocco,0,1,Morocco,South Korea,False
39,90,Round of 16,Brazil,Norway,0,0,Norway,Brazil,True
39,91,Round of 16,Scotland,Turkey,2,2,Turkey,Scotland,True
39,92,Round of 16,Ecuador,Croatia,0,2,Croatia,Ecuador,False
39,93,Round of 16,Portugal,Spain,0,2,Spain,Portugal,False
39,94,Round of 16,Iran,Paraguay,0,3,Paraguay,Iran,False
39,95,Round of 16,Australia,Colombia,1,1,Colombia,Australia,True
39,96,Round of 16,Canada,Uruguay,0,0,Canada,Uruguay,True
39,97,Quarter-final,Morocco,Norway,2,0,Morocco,Norway,False
39,98,Quarter-final,Spain,Paraguay,1,1,Paraguay,Spain,True
39,99,Quarter-final,Turkey,Croatia,1,0,Turkey,Croatia,False
39,100,Quarter-final,Colombia,Canada,1,1,Canada,Colombia,True
39,101,Semi-final,Morocco,Paraguay,2,2,Paraguay,Morocco,True
39,102,Semi-final,Turkey,Canada,0,0,Turkey,Canada,True
39,103,Third-place playoff,Morocco,Canada,2,0,Morocco,Canada,False
39,104,Final,Paraguay,Turkey,1,0,Paraguay,Turkey,False
40,73,Round of 32,Mexico,Switzerland,2,2,Switzerland,Mexico,True
40,74,Round of 32,Morocco,Japan,3,1,Morocco,Japan,False
40,75,Round of 32,Germany,Paraguay,2,0,Germany,Paraguay,False
40,76,Round of 32,Netherlands,Haiti,3,0,Netherlands,Haiti,False
40,77,Round of 32,Ecuador,France,1,3,France,Ecuador,False
40,78,Round of 32,Norway,Sweden,5,0,Norway,Sweden,False
40,79,Round of 32,South Korea,Brazil,3,1,South Korea,Brazil,False
40,80,Round of 32,Croatia,DR Congo,3,1,Croatia,DR Congo,False
40,81,Round of 32,Egypt,Czech Republic,3,0,Egypt,Czech Republic,False
40,82,Round of 32,Turkey,Jordan,3,3,Jordan,Turkey,True
40,83,Round of 32,Portugal,England,1,3,England,Portugal,False
40,84,Round of 32,Spain,Algeria,7,1,Spain,Algeria,False
40,85,Round of 32,Canada,Iran,5,1,Canada,Iran,False
40,86,Round of 32,United States,Belgium,3,4,Belgium,United States,False
40,87,Round of 32,Argentina,Uruguay,1,0,Argentina,Uruguay,False
40,88,Round of 32,Colombia,Ghana,2,0,Colombia,Ghana,False
40,89,Round of 16,Switzerland,Germany,1,3,Germany,Switzerland,False
40,90,Round of 16,Morocco,France,0,0,Morocco,France,True
40,91,Round of 16,Netherlands,Norway,2,2,Netherlands,Norway,True
40,92,Round of 16,South Korea,Croatia,3,1,South Korea,Croatia,False
40,93,Round of 16,England,Spain,0,2,Spain,England,False
40,94,Round of 16,Egypt,Jordan,1,0,Egypt,Jordan,False
40,95,Round of 16,Belgium,Colombia,0,1,Colombia,Belgium,False
40,96,Round of 16,Canada,Argentina,1,2,Argentina,Canada,False
40,97,Quarter-final,Germany,Morocco,1,3,Morocco,Germany,False
40,98,Quarter-final,Spain,Egypt,3,0,Spain,Egypt,False
40,99,Quarter-final,Netherlands,South Korea,1,2,South Korea,Netherlands,False
40,100,Quarter-final,Colombia,Argentina,2,3,Argentina,Colombia,False
40,101,Semi-final,Morocco,Spain,0,2,Spain,Morocco,False
40,102,Semi-final,South Korea,Argentina,0,3,Argentina,South Korea,False
40,103,Third-place playoff,Morocco,South Korea,3,0,Morocco,South Korea,False
40,104,Final,Spain,Argentina,4,0,Spain,Argentina,False
41,73,Round of 32,South Korea,Bosnia and Herzegovina,2,4,Bosnia and Herzegovina,South Korea,False
41,74,Round of 32,Brazil,Netherlands,4,3,Brazil,Netherlands,False
41,75,Round of 32,Germany,United States,3,1,Germany,United States,False
41,76,Round of 32,Tunisia,Morocco,1,1,Tunisia,Morocco,True
41,77,Round of 32,Ivory Coast,Norway,0,2,Norway,Ivory Coast,False
41,78,Round of 32,France,Egypt,4,2,France,Egypt,False
41,79,Round of 32,Mexico,Ecuador,2,1,Mexico,Ecuador,False
41,80,Round of 32,England,Colombia,2,0,England,Colombia,False
41,81,Round of 32,Belgium,Cape Verde,2,0,Belgium,Cape Verde,False
41,82,Round of 32,Paraguay,Senegal,4,2,Paraguay,Senegal,False
41,83,Round of 32,Uzbekistan,Ghana,2,0,Uzbekistan,Ghana,False
41,84,Round of 32,Spain,Algeria,1,0,Spain,Algeria,False
41,85,Round of 32,Canada,Jordan,1,2,Jordan,Canada,False
41,86,Round of 32,Turkey,Iran,0,1,Iran,Turkey,False
41,87,Round of 32,Argentina,Uruguay,2,2,Uruguay,Argentina,True
41,88,Round of 32,Portugal,Panama,5,1,Portugal,Panama,False
41,89,Round of 16,Bosnia and Herzegovina,Germany,0,4,Germany,Bosnia and Herzegovina,False
41,90,Round of 16,Brazil,Norway,2,1,Brazil,Norway,False
41,91,Round of 16,Tunisia,France,0,2,France,Tunisia,False
41,92,Round of 16,Mexico,England,3,3,Mexico,England,True
41,93,Round of 16,Uzbekistan,Spain,2,5,Spain,Uzbekistan,False
41,94,Round of 16,Belgium,Paraguay,2,3,Paraguay,Belgium,False
41,95,Round of 16,Iran,Portugal,2,2,Iran,Portugal,True
41,96,Round of 16,Jordan,Uruguay,1,5,Uruguay,Jordan,False
41,97,Quarter-final,Germany,Brazil,0,2,Brazil,Germany,False
41,98,Quarter-final,Spain,Paraguay,3,0,Spain,Paraguay,False
41,99,Quarter-final,France,Mexico,3,2,France,Mexico,False
41,100,Quarter-final,Iran,Uruguay,0,0,Iran,Uruguay,True
41,101,Semi-final,Brazil,Spain,1,0,Brazil,Spain,False
41,102,Semi-final,France,Iran,0,0,France,Iran,True
41,103,Third-place playoff,Spain,Iran,1,0,Spain,Iran,False
41,104,Final,Brazil,France,1,1,Brazil,France,True
42,73,Round of 32,South Korea,Canada,3,1,South Korea,Canada,False
42,74,Round of 32,Morocco,Tunisia,1,1,Tunisia,Morocco,True
42,75,Round of 32,Ecuador,United States,0,0,United States,Ecuador,True
42,76,Round of 32,Japan,Brazil,0,1,Brazil,Japan,False
42,77,Round of 32,Germany,France,1,0,Germany,France,False
42,78,Round of 32,Norway,Netherlands,1,1,Netherlands,Norway,True
42,79,Round of 32,Mexico,Scotland,1,2,Scotland,Mexico,False
42,80,Round of 32,England,Colombia,2,0,England,Colombia,False
42,81,Round of 32,Iran,Czech Republic,3,1,Iran,Czech Republic,False
42,82,Round of 32,Paraguay,Bosnia and Herzegovina,1,1,Paraguay,Bosnia and Herzegovina,True
42,83,Round of 32,Uzbekistan,Croatia,2,0,Uzbekistan,Croatia,False
42,84,Round of 32,Spain,Jordan,0,1,Jordan,Spain,False
42,85,Round of 32,Switzerland,Ivory Coast,1,1,Switzerland,Ivory Coast,True
42,86,Round of 32,Turkey,Egypt,3,0,Turkey,Egypt,False
42,87,Round of 32,Argentina,Uruguay,3,3,Uruguay,Argentina,True
42,88,Round of 32,Portugal,Iraq,3,2,Portugal,Iraq,False
42,89,Round of 16,South Korea,United States,1,2,United States,South Korea,False
42,90,Round of 16,Tunisia,Germany,2,1,Tunisia,Germany,False
42,91,Round of 16,Brazil,Netherlands,5,1,Brazil,Netherlands,False
42,92,Round of 16,Scotland,England,1,4,England,Scotland,False
42,93,Round of 16,Uzbekistan,Jordan,2,0,Uzbekistan,Jordan,False
42,94,Round of 16,Iran,Paraguay,2,0,Iran,Paraguay,False
42,95,Round of 16,Turkey,Portugal,0,2,Portugal,Turkey,False
42,96,Round of 16,Switzerland,Uruguay,0,0,Uruguay,Switzerland,True
42,97,Quarter-final,United States,Tunisia,3,1,United States,Tunisia,False
42,98,Quarter-final,Uzbekistan,Iran,2,2,Iran,Uzbekistan,True
42,99,Quarter-final,Brazil,England,2,4,England,Brazil,False
42,100,Quarter-final,Portugal,Uruguay,0,1,Uruguay,Portugal,False
42,101,Semi-final,United States,Iran,3,2,United States,Iran,False
42,102,Semi-final,England,Uruguay,0,1,Uruguay,England,False
42,103,Third-place playoff,Iran,England,0,2,England,Iran,False
42,104,Final,United States,Uruguay,2,1,United States,Uruguay,False
43,73,Round of 32,South Korea,Canada,1,3,Canada,South Korea,False
43,74,Round of 32,Morocco,Japan,2,1,Morocco,Japan,False
43,75,Round of 32,Germany,Turkey,0,1,Turkey,Germany,False
43,76,Round of 32,Netherlands,Haiti,3,1,Netherlands,Haiti,False
43,77,Round of 32,Ecuador,Norway,1,1,Ecuador,Norway,True
43,78,Round of 32,France,Tunisia,3,0,France,Tunisia,False
43,79,Round of 32,Czech Republic,Ivory Coast,4,3,Czech Republic,Ivory Coast,False
43,80,Round of 32,Panama,DR Congo,3,0,Panama,DR Congo,False
43,81,Round of 32,Egypt,Cape Verde,2,0,Egypt,Cape Verde,False
43,82,Round of 32,Paraguay,Qatar,3,0,Paraguay,Qatar,False
43,83,Round of 32,Portugal,England,1,2,England,Portugal,False
43,84,Round of 32,Spain,Argentina,1,2,Argentina,Spain,False
43,85,Round of 32,Switzerland,Austria,1,1,Austria,Switzerland,True
43,86,Round of 32,Australia,Iran,0,1,Iran,Australia,False
43,87,Round of 32,Algeria,Uruguay,1,0,Algeria,Uruguay,False
43,88,Round of 32,Colombia,Senegal,0,0,Senegal,Colombia,True
43,89,Round of 16,Canada,Turkey,1,2,Turkey,Canada,False
43,90,Round of 16,Morocco,Ecuador,1,2,Ecuador,Morocco,False
43,91,Round of 16,Netherlands,France,3,3,Netherlands,France,True
43,92,Round of 16,Czech Republic,Panama,0,2,Panama,Czech Republic,False
43,93,Round of 16,England,Argentina,0,1,Argentina,England,False
43,94,Round of 16,Egypt,Paraguay,2,2,Paraguay,Egypt,True
43,95,Round of 16,Iran,Senegal,1,1,Senegal,Iran,True
43,96,Round of 16,Austria,Algeria,1,3,Algeria,Austria,False
43,97,Quarter-final,Turkey,Ecuador,1,2,Ecuador,Turkey,False
43,98,Quarter-final,Argentina,Paraguay,3,2,Argentina,Paraguay,False
43,99,Quarter-final,Netherlands,Panama,2,2,Panama,Netherlands,True
43,100,Quarter-final,Senegal,Algeria,1,2,Algeria,Senegal,False
43,101,Semi-final,Ecuador,Argentina,3,0,Ecuador,Argentina,False
43,102,Semi-final,Panama,Algeria,2,1,Panama,Algeria,False
43,103,Third-place playoff,Argentina,Algeria,2,1,Argentina,Algeria,False
43,104,Final,Ecuador,Panama,2,0,Ecuador,Panama,False
44,73,Round of 32,South Korea,Canada,2,0,South Korea,Canada,False
44,74,Round of 32,Brazil,Netherlands,0,3,Netherlands,Brazil,False
44,75,Round of 32,Ecuador,Paraguay,3,1,Ecuador,Paraguay,False
44,76,Round of 32,Tunisia,Morocco,0,0,Tunisia,Morocco,True
44,77,Round of 32,Ivory Coast,Senegal,0,0,Senegal,Ivory Coast,True
44,78,Round of 32,France,Japan,2,3,Japan,France,False
44,79,Round of 32,Mexico,Scotland,2,1,Mexico,Scotland,False
44,80,Round of 32,England,Uzbekistan,0,1,Uzbekistan,England,False
44,81,Round of 32,Iran,Cape Verde,2,0,Iran,Cape Verde,False
44,82,Round of 32,Turkey,Germany,3,2,Turkey,Germany,False
44,83,Round of 32,DR Congo,Panama,0,2,Panama,DR Congo,False
44,84,Round of 32,Spain,Jordan,3,2,Spain,Jordan,False
44,85,Round of 32,Switzerland,New Zealand,2,2,New Zealand,Switzerland,True
44,86,Round of 32,United States,Belgium,1,1,Belgium,United States,True
44,87,Round of 32,Argentina,Uruguay,5,0,Argentina,Uruguay,False
44,88,Round of 32,Colombia,Norway,3,0,Colombia,Norway,False
44,89,Round of 16,South Korea,Ecuador,0,0,Ecuador,South Korea,True
44,90,Round of 16,Netherlands,Senegal,0,1,Senegal,Netherlands,False
44,91,Round of 16,Tunisia,Japan,1,5,Japan,Tunisia,False
44,92,Round of 16,Mexico,Uzbekistan,2,1,Mexico,Uzbekistan,False
44,93,Round of 16,Panama,Spain,1,4,Spain,Panama,False
44,94,Round of 16,Iran,Turkey,2,1,Iran,Turkey,False
44,95,Round of 16,Belgium,Colombia,2,0,Belgium,Colombia,False
44,96,Round of 16,New Zealand,Argentina,0,3,Argentina,New Zealand,False
44,97,Quarter-final,Ecuador,Senegal,2,1,Ecuador,Senegal,False
44,98,Quarter-final,Spain,Iran,3,1,Spain,Iran,False
44,99,Quarter-final,Japan,Mexico,0,2,Mexico,Japan,False
44,100,Quarter-final,Belgium,Argentina,1,4,Argentina,Belgium,False
44,101,Semi-final,Ecuador,Spain,0,2,Spain,Ecuador,False
44,102,Semi-final,Mexico,Argentina,1,3,Argentina,Mexico,False
44,103,Third-place playoff,Ecuador,Mexico,1,3,Mexico,Ecuador,False
44,104,Final,Spain,Argentina,2,0,Spain,Argentina,False
45,73,Round of 32,South Africa,Qatar,4,3,South Africa,Qatar,False
45,74,Round of 32,Brazil,Japan,1,0,Brazil,Japan,False
45,75,Round of 32,Germany,Paraguay,1,1,Paraguay,Germany,True
45,76,Round of 32,Netherlands,Morocco,1,1,Netherlands,Morocco,True
45,77,Round of 32,Ecuador,France,1,2,France,Ecuador,False
45,78,Round of 32,Senegal,New Zealand,2,0,Senegal,New Zealand,False
45,79,Round of 32,Czech Republic,Sweden,1,1,Czech Republic,Sweden,True
45,80,Round of 32,England,Norway,3,0,England,Norway,False
45,81,Round of 32,Iran,Mexico,1,1,Iran,Mexico,True
45,82,Round of 32,Australia,Switzerland,2,2,Switzerland,Australia,True
45,83,Round of 32,Uzbekistan,Croatia,2,0,Uzbekistan,Croatia,False
45,84,Round of 32,Spain,Algeria,3,1,Spain,Algeria,False
45,85,Round of 32,Canada,Austria,2,1,Canada,Austria,False
45,86,Round of 32,United States,Belgium,1,2,Belgium,United States,False
45,87,Round of 32,Argentina,Uruguay,2,1,Argentina,Uruguay,False
45,88,Round of 32,Portugal,Panama,0,1,Panama,Portugal,False
45,89,Round of 16,South Africa,Paraguay,3,4,Paraguay,South Africa,False
45,90,Round of 16,Brazil,France,1,1,France,Brazil,True
45,91,Round of 16,Netherlands,Senegal,1,2,Senegal,Netherlands,False
45,92,Round of 16,Czech Republic,England,3,3,England,Czech Republic,True
45,93,Round of 16,Uzbekistan,Spain,2,4,Spain,Uzbekistan,False
45,94,Round of 16,Iran,Switzerland,0,2,Switzerland,Iran,False
45,95,Round of 16,Belgium,Panama,2,0,Belgium,Panama,False
45,96,Round of 16,Canada,Argentina,0,1,Argentina,Canada,False
45,97,Quarter-final,Paraguay,France,1,1,France,Paraguay,True
45,98,Quarter-final,Spain,Switzerland,2,0,Spain,Switzerland,False
45,99,Quarter-final,Senegal,England,0,0,England,Senegal,True
45,100,Quarter-final,Belgium,Argentina,0,1,Argentina,Belgium,False
45,101,Semi-final,France,Spain,2,2,Spain,France,True
45,102,Semi-final,England,Argentina,1,0,England,Argentina,False
45,103,Third-place playoff,France,Argentina,2,1,France,Argentina,False
45,104,Final,Spain,England,0,0,England,Spain,True
46,73,Round of 32,Czech Republic,Bosnia and Herzegovina,1,1,Bosnia and Herzegovina,Czech Republic,True
46,74,Round of 32,Morocco,Japan,2,1,Morocco,Japan,False
46,75,Round of 32,Germany,Turkey,1,0,Germany,Turkey,False
46,76,Round of 32,Netherlands,Brazil,2,1,Netherlands,Brazil,False
46,77,Round of 32,Ecuador,France,3,0,Ecuador,France,False
46,78,Round of 32,Norway,Tunisia,3,1,Norway,Tunisia,False
46,79,Round of 32,Mexico,Cape Verde,2,0,Mexico,Cape Verde,False
46,80,Round of 32,England,Portugal,0,0,England,Portugal,True
46,81,Round of 32,Egypt,South Korea,0,1,South Korea,Egypt,False
46,82,Round of 32,Australia,Jordan,2,1,Australia,Jordan,False
46,83,Round of 32,Uzbekistan,Panama,0,2,Panama,Uzbekistan,False
46,84,Round of 32,Spain,Algeria,2,0,Spain,Algeria,False
46,85,Round of 32,Switzerland,Belgium,4,0,Switzerland,Belgium,False
46,86,Round of 32,United States,Iran,1,3,Iran,United States,False
46,87,Round of 32,Argentina,Uruguay,1,0,Argentina,Uruguay,False
46,88,Round of 32,Colombia,Iraq,1,0,Colombia,Iraq,False
46,89,Round of 16,Bosnia and Herzegovina,Germany,1,2,Germany,Bosnia and Herzegovina,False
46,90,Round of 16,Morocco,Ecuador,0,1,Ecuador,Morocco,False
46,91,Round of 16,Netherlands,Norway,3,1,Netherlands,Norway,False
46,92,Round of 16,Mexico,England,0,3,England,Mexico,False
46,93,Round of 16,Panama,Spain,2,3,Spain,Panama,False
46,94,Round of 16,South Korea,Australia,0,1,Australia,South Korea,False
46,95,Round of 16,Iran,Colombia,0,0,Colombia,Iran,True
46,96,Round of 16,Switzerland,Argentina,0,3,Argentina,Switzerland,False
46,97,Quarter-final,Germany,Ecuador,0,6,Ecuador,Germany,False
46,98,Quarter-final,Spain,Australia,1,0,Spain,Australia,False
46,99,Quarter-final,Netherlands,England,1,2,England,Netherlands,False
46,100,Quarter-final,Colombia,Argentina,1,1,Argentina,Colombia,True
46,101,Semi-final,Ecuador,Spain,1,0,Ecuador,Spain,False
46,102,Semi-final,England,Argentina,1,2,Argentina,England,False
46,103,Third-place playoff,Spain,England,2,1,Spain,England,False
46,104,Final,Ecuador,Argentina,0,1,Argentina,Ecuador,False
47,73,Round of 32,South Korea,Canada,0,0,South Korea,Canada,True
47,74,Round of 32,Scotland,Netherlands,0,2,Netherlands,Scotland,False
47,75,Round of 32,Ecuador,Morocco,2,0,Ecuador,Morocco,False
47,76,Round of 32,Japan,Brazil,0,3,Brazil,Japan,False
47,77,Round of 32,Germany,Senegal,2,0,Germany,Senegal,False
47,78,Round of 32,France,Sweden,3,1,France,Sweden,False
47,79,Round of 32,Mexico,Uruguay,3,0,Mexico,Uruguay,False
47,80,Round of 32,England,Iraq,3,0,England,Iraq,False
47,81,Round of 32,Iran,Czech Republic,2,0,Iran,Czech Republic,False
47,82,Round of 32,Turkey,Bosnia and Herzegovina,2,0,Turkey,Bosnia and Herzegovina,False
47,83,Round of 32,Portugal,Croatia,1,0,Portugal,Croatia,False
47,84,Round of 32,Spain,Austria,0,0,Austria,Spain,True
47,85,Round of 32,Switzerland,Ivory Coast,1,1,Switzerland,Ivory Coast,True
47,86,Round of 32,United States,New Zealand,3,1,United States,New Zealand,False
47,87,Round of 32,Argentina,Saudi Arabia,0,1,Saudi Arabia,Argentina,False
47,88,Round of 32,Colombia,Panama,1,0,Colombia,Panama,False
47,89,Round of 16,South Korea,Ecuador,1,1,South Korea,Ecuador,True
47,90,Round of 16,Netherlands,Germany,1,2,Germany,Netherlands,False
47,91,Round of 16,Brazil,France,0,2,France,Brazil,False
47,92,Round of 16,Mexico,England,1,1,Mexico,England,True
47,93,Round of 16,Portugal,Austria,1,1,Austria,Portugal,True
47,94,Round of 16,Iran,Turkey,2,1,Iran,Turkey,False
47,95,Round of 16,United States,Colombia,2,2,United States,Colombia,True
47,96,Round of 16,Switzerland,Saudi Arabia,1,0,Switzerland,Saudi Arabia,False
47,97,Quarter-final,South Korea,Germany,1,3,Germany,South Korea,False
47,98,Quarter-final,Austria,Iran,2,1,Austria,Iran,False
47,99,Quarter-final,France,Mexico,1,0,France,Mexico,False
47,100,Quarter-final,United States,Switzerland,1,0,United States,Switzerland,False
47,101,Semi-final,Germany,Austria,1,1,Austria,Germany,True
47,102,Semi-final,France,United States,4,1,France,United States,False
47,103,Third-place playoff,Germany,United States,4,0,Germany,United States,False
47,104,Final,Austria,France,1,2,France,Austria,False
48,73,Round of 32,Mexico,Canada,2,1,Mexico,Canada,False
48,74,Round of 32,Brazil,Netherlands,1,1,Netherlands,Brazil,True
48,75,Round of 32,Ecuador,Scotland,1,2,Scotland,Ecuador,False
48,76,Round of 32,Japan,Morocco,0,1,Morocco,Japan,False
48,77,Round of 32,Germany,Norway,1,2,Norway,Germany,False
48,78,Round of 32,France,Sweden,4,1,France,Sweden,False
48,79,Round of 32,Czech Republic,Cape Verde,2,1,Czech Republic,Cape Verde,False
48,80,Round of 32,England,DR Congo,0,2,DR Congo,England,False
48,81,Round of 32,Iran,South Korea,2,1,Iran,South Korea,False
48,82,Round of 32,Australia,Iraq,3,0,Australia,Iraq,False
48,83,Round of 32,Colombia,Croatia,1,4,Croatia,Colombia,False
48,84,Round of 32,Uruguay,Algeria,0,0,Algeria,Uruguay,True
48,85,Round of 32,Switzerland,Argentina,0,1,Argentina,Switzerland,False
48,86,Round of 32,United States,Belgium,1,1,Belgium,United States,True
48,87,Round of 32,Austria,Spain,0,1,Spain,Austria,False
48,88,Round of 32,Portugal,Panama,4,2,Portugal,Panama,False
48,89,Round of 16,Mexico,Scotland,1,0,Mexico,Scotland,False
48,90,Round of 16,Netherlands,Norway,0,0,Norway,Netherlands,True
48,91,Round of 16,Morocco,France,2,2,France,Morocco,True
48,92,Round of 16,Czech Republic,DR Congo,2,1,Czech Republic,DR Congo,False
48,93,Round of 16,Croatia,Algeria,1,1,Croatia,Algeria,True
48,94,Round of 16,Iran,Australia,1,2,Australia,Iran,False
48,95,Round of 16,Belgium,Portugal,0,3,Portugal,Belgium,False
48,96,Round of 16,Argentina,Spain,1,4,Spain,Argentina,False
48,97,Quarter-final,Mexico,Norway,2,2,Mexico,Norway,True
48,98,Quarter-final,Croatia,Australia,2,3,Australia,Croatia,False
48,99,Quarter-final,France,Czech Republic,3,2,France,Czech Republic,False
48,100,Quarter-final,Portugal,Spain,0,1,Spain,Portugal,False
48,101,Semi-final,Mexico,Australia,0,3,Australia,Mexico,False
48,102,Semi-final,France,Spain,0,1,Spain,France,False
48,103,Third-place playoff,Mexico,France,1,0,Mexico,France,False
48,104,Final,Australia,Spain,1,2,Spain,Australia,False
49,73,Round of 32,South Korea,Switzerland,1,2,Switzerland,South Korea,False
49,74,Round of 32,Morocco,Japan,0,0,Japan,Morocco,True
49,75,Round of 32,Germany,Australia,1,0,Germany,Australia,False
49,76,Round of 32,Tunisia,Brazil,1,2,Brazil,Tunisia,False
49,77,Round of 32,Ecuador,Norway,1,1,Ecuador,Norway,True
49,78,Round of 32,France,Netherlands,2,0,France,Netherlands,False
49,79,Round of 32,Mexico,Scotland,1,0,Mexico,Scotland,False
49,80,Round of 32,England,DR Congo,0,1,DR Congo,England,False
49,81,Round of 32,Belgium,Czech Republic,3,1,Belgium,Czech Republic,False
49,82,Round of 32,United States,Curaçao,4,0,United States,Curaçao,False
49,83,Round of 32,Portugal,Croatia,1,6,Croatia,Portugal,False
49,84,Round of 32,Spain,Jordan,2,0,Spain,Jordan,False
49,85,Round of 32,Canada,Algeria,1,0,Canada,Algeria,False
49,86,Round of 32,Turkey,Egypt,0,2,Egypt,Turkey,False
49,87,Round of 32,Argentina,Uruguay,1,1,Uruguay,Argentina,True
49,88,Round of 32,Colombia,Iraq,2,0,Colombia,Iraq,False
49,89,Round of 16,Switzerland,Germany,1,3,Germany,Switzerland,False
49,90,Round of 16,Japan,Ecuador,0,2,Ecuador,Japan,False
49,91,Round of 16,Brazil,France,0,1,France,Brazil,False
49,92,Round of 16,Mexico,DR Congo,1,1,Mexico,DR Congo,True
49,93,Round of 16,Croatia,Spain,1,2,Spain,Croatia,False
49,94,Round of 16,Belgium,United States,1,2,United States,Belgium,False
49,95,Round of 16,Egypt,Colombia,1,0,Egypt,Colombia,False
49,96,Round of 16,Canada,Uruguay,1,2,Uruguay,Canada,False
49,97,Quarter-final,Germany,Ecuador,2,1,Germany,Ecuador,False
49,98,Quarter-final,Spain,United States,2,0,Spain,United States,False
49,99,Quarter-final,France,Mexico,3,0,France,Mexico,False
49,100,Quarter-final,Egypt,Uruguay,0,1,Uruguay,Egypt,False
49,101,Semi-final,Germany,Spain,0,5,Spain,Germany,False
49,102,Semi-final,France,Uruguay,2,2,Uruguay,France,True
49,103,Third-place playoff,Germany,France,1,2,France,Germany,False
49,104,Final,Spain,Uruguay,0,0,Uruguay,Spain,True
50,73,Round of 32,South Korea,Canada,2,1,South Korea,Canada,False
50,74,Round of 32,Brazil,Sweden,4,2,Brazil,Sweden,False
50,75,Round of 32,Germany,Paraguay,4,0,Germany,Paraguay,False
50,76,Round of 32,Netherlands,Scotland,1,2,Scotland,Netherlands,False
50,77,Round of 32,Ecuador,Norway,4,0,Ecuador,Norway,False
50,78,Round of 32,France,Tunisia,1,0,France,Tunisia,False
50,79,Round of 32,Mexico,Morocco,1,0,Mexico,Morocco,False
50,80,Round of 32,England,DR Congo,1,1,DR Congo,England,True
50,81,Round of 32,Belgium,Czech Republic,5,1,Belgium,Czech Republic,False
50,82,Round of 32,United States,Ivory Coast,0,5,Ivory Coast,United States,False
50,83,Round of 32,Colombia,Croatia,1,0,Colombia,Croatia,False
50,84,Round of 32,Spain,Austria,4,2,Spain,Austria,False
50,85,Round of 32,Switzerland,Iran,1,2,Iran,Switzerland,False
50,86,Round of 32,Turkey,Egypt,0,0,Egypt,Turkey,True
50,87,Round of 32,Argentina,Uruguay,3,0,Argentina,Uruguay,False
50,88,Round of 32,Portugal,Ghana,7,0,Portugal,Ghana,False
50,89,Round of 16,South Korea,Germany,1,1,Germany,South Korea,True
50,90,Round of 16,Brazil,Ecuador,0,3,Ecuador,Brazil,False
50,91,Round of 16,Scotland,France,2,1,Scotland,France,False
50,92,Round of 16,Mexico,DR Congo,4,2,Mexico,DR Congo,False
50,93,Round of 16,Colombia,Spain,2,2,Colombia,Spain,True
50,94,Round of 16,Belgium,Ivory Coast,1,0,Belgium,Ivory Coast,False
50,95,Round of 16,Egypt,Portugal,2,1,Egypt,Portugal,False
50,96,Round of 16,Iran,Argentina,1,3,Argentina,Iran,False
50,97,Quarter-final,Germany,Ecuador,1,2,Ecuador,Germany,False
50,98,Quarter-final,Colombia,Belgium,1,3,Belgium,Colombia,False
50,99,Quarter-final,Scotland,Mexico,2,0,Scotland,Mexico,False
50,100,Quarter-final,Egypt,Argentina,0,0,Argentina,Egypt,True
50,101,Semi-final,Ecuador,Belgium,2,0,Ecuador,Belgium,False
50,102,Semi-final,Scotland,Argentina,2,0,Scotland,Argentina,False
50,103,Third-place playoff,Belgium,Argentina,1,6,Argentina,Belgium,False
50,104,Final,Ecuador,Scotland,1,1,Scotland,Ecuador,True
51,73,Round of 32,Mexico,Canada,1,0,Mexico,Canada,False
51,74,Round of 32,Brazil,Netherlands,0,0,Brazil,Netherlands,True
51,75,Round of 32,Germany,Morocco,2,1,Germany,Morocco,False
51,76,Round of 32,Sweden,Scotland,1,0,Sweden,Scotland,False
51,77,Round of 32,Ecuador,Senegal,1,2,Senegal,Ecuador,False
51,78,Round of 32,France,Australia,1,2,Australia,France,False
51,79,Round of 32,Czech Republic,Saudi Arabia,1,1,Saudi Arabia,Czech Republic,True
51,80,Round of 32,England,Portugal,2,2,England,Portugal,True
51,81,Round of 32,Belgium,South Korea,3,3,Belgium,South Korea,True
51,82,Round of 32,Turkey,Bosnia and Herzegovina,4,2,Turkey,Bosnia and Herzegovina,False
51,83,Round of 32,DR Congo,Panama,2,2,Panama,DR Congo,True
51,84,Round of 32,Uruguay,Algeria,1,4,Algeria,Uruguay,False
51,85,Round of 32,Switzerland,Ivory Coast,2,1,Switzerland,Ivory Coast,False
51,86,Round of 32,Paraguay,Egypt,0,0,Egypt,Paraguay,True
51,87,Round of 32,Argentina,Spain,2,2,Spain,Argentina,True
51,88,Round of 32,Colombia,Croatia,2,1,Colombia,Croatia,False
51,89,Round of 16,Mexico,Germany,0,0,Germany,Mexico,True
51,90,Round of 16,Brazil,Senegal,4,0,Brazil,Senegal,False
51,91,Round of 16,Sweden,Australia,2,1,Sweden,Australia,False
51,92,Round of 16,Saudi Arabia,England,0,3,England,Saudi Arabia,False
51,93,Round of 16,Panama,Algeria,1,3,Algeria,Panama,False
51,94,Round of 16,Belgium,Turkey,0,0,Turkey,Belgium,True
51,95,Round of 16,Egypt,Colombia,1,0,Egypt,Colombia,False
51,96,Round of 16,Switzerland,Spain,1,2,Spain,Switzerland,False
51,97,Quarter-final,Germany,Brazil,2,4,Brazil,Germany,False
51,98,Quarter-final,Algeria,Turkey,2,0,Algeria,Turkey,False
51,99,Quarter-final,Sweden,England,1,2,England,Sweden,False
51,100,Quarter-final,Egypt,Spain,1,2,Spain,Egypt,False
51,101,Semi-final,Brazil,Algeria,2,0,Brazil,Algeria,False
51,102,Semi-final,England,Spain,1,3,Spain,England,False
51,103,Third-place playoff,Algeria,England,3,1,Algeria,England,False
51,104,Final,Brazil,Spain,2,2,Spain,Brazil,True
52,73,Round of 32,South Korea,Switzerland,0,1,Switzerland,South Korea,False
52,74,Round of 32,Morocco,Tunisia,1,0,Morocco,Tunisia,False
52,75,Round of 32,Ecuador,United States,0,0,United States,Ecuador,True
52,76,Round of 32,Japan,Brazil,1,1,Brazil,Japan,True
52,77,Round of 32,Germany,Senegal,2,1,Germany,Senegal,False
52,78,Round of 32,France,Netherlands,4,0,France,Netherlands,False
52,79,Round of 32,Mexico,Scotland,2,4,Scotland,Mexico,False
52,80,Round of 32,Panama,DR Congo,1,1,DR Congo,Panama,True
52,81,Round of 32,New Zealand,South Africa,1,0,New Zealand,South Africa,False
52,82,Round of 32,Paraguay,Ivory Coast,1,1,Paraguay,Ivory Coast,True
52,83,Round of 32,Portugal,England,0,0,Portugal,England,True
52,84,Round of 32,Spain,Argentina,4,0,Spain,Argentina,False
52,85,Round of 32,Bosnia and Herzegovina,Jordan,1,0,Bosnia and Herzegovina,Jordan,False
52,86,Round of 32,Australia,Belgium,1,2,Belgium,Australia,False
52,87,Round of 32,Austria,Uruguay,1,1,Austria,Uruguay,True
52,88,Round of 32,Colombia,Norway,0,1,Norway,Colombia,False
52,89,Round of 16,Switzerland,United States,2,0,Switzerland,United States,False
52,90,Round of 16,Morocco,Germany,2,0,Morocco,Germany,False
52,91,Round of 16,Brazil,France,2,2,France,Brazil,True
52,92,Round of 16,Scotland,DR Congo,4,2,Scotland,DR Congo,False
52,93,Round of 16,Portugal,Spain,1,3,Spain,Portugal,False
52,94,Round of 16,New Zealand,Paraguay,1,1,New Zealand,Paraguay,True
52,95,Round of 16,Belgium,Norway,0,1,Norway,Belgium,False
52,96,Round of 16,Bosnia and Herzegovina,Austria,1,2,Austria,Bosnia and Herzegovina,False
52,97,Quarter-final,Switzerland,Morocco,2,1,Switzerland,Morocco,False
52,98,Quarter-final,Spain,New Zealand,3,0,Spain,New Zealand,False
52,99,Quarter-final,France,Scotland,0,0,France,Scotland,True
52,100,Quarter-final,Norway,Austria,0,3,Austria,Norway,False
52,101,Semi-final,Switzerland,Spain,0,4,Spain,Switzerland,False
52,102,Semi-final,France,Austria,3,2,France,Austria,False
52,103,Third-place playoff,Switzerland,Austria,5,3,Switzerland,Austria,False
52,104,Final,Spain,France,4,3,Spain,France,False
53,73,Round of 32,South Korea,Switzerland,2,1,South Korea,Switzerland,False
53,74,Round of 32,Brazil,Sweden,4,0,Brazil,Sweden,False
53,75,Round of 32,Germany,Haiti,2,0,Germany,Haiti,False
53,76,Round of 32,Netherlands,Scotland,3,1,Netherlands,Scotland,False
53,77,Round of 32,Ecuador,France,0,2,France,Ecuador,False
53,78,Round of 32,Iraq,Australia,2,0,Iraq,Australia,False
53,79,Round of 32,Mexico,Cape Verde,0,1,Cape Verde,Mexico,False
53,80,Round of 32,England,Uzbekistan,1,0,England,Uzbekistan,False
53,81,Round of 32,Iran,South Africa,1,1,South Africa,Iran,True
53,82,Round of 32,United States,Norway,1,2,Norway,United States,False
53,83,Round of 32,Portugal,Panama,3,0,Portugal,Panama,False
53,84,Round of 32,Uruguay,Algeria,1,0,Uruguay,Algeria,False
53,85,Round of 32,Canada,Japan,2,0,Canada,Japan,False
53,86,Round of 32,Turkey,New Zealand,3,0,Turkey,New Zealand,False
53,87,Round of 32,Argentina,Spain,0,2,Spain,Argentina,False
53,88,Round of 32,Colombia,Croatia,1,0,Colombia,Croatia,False
53,89,Round of 16,South Korea,Germany,1,1,South Korea,Germany,True
53,90,Round of 16,Brazil,France,5,3,Brazil,France,False
53,91,Round of 16,Netherlands,Iraq,2,1,Netherlands,Iraq,False
53,92,Round of 16,Cape Verde,England,0,4,England,Cape Verde,False
53,93,Round of 16,Portugal,Uruguay,0,0,Portugal,Uruguay,True
53,94,Round of 16,South Africa,Norway,2,3,Norway,South Africa,False
53,95,Round of 16,Turkey,Colombia,1,0,Turkey,Colombia,False
53,96,Round of 16,Canada,Spain,0,4,Spain,Canada,False
53,97,Quarter-final,South Korea,Brazil,2,1,South Korea,Brazil,False
53,98,Quarter-final,Portugal,Norway,0,0,Norway,Portugal,True
53,99,Quarter-final,Netherlands,England,1,5,England,Netherlands,False
53,100,Quarter-final,Turkey,Spain,1,1,Spain,Turkey,True
53,101,Semi-final,South Korea,Norway,2,0,South Korea,Norway,False
53,102,Semi-final,England,Spain,1,2,Spain,England,False
53,103,Third-place playoff,Norway,England,3,1,Norway,England,False
53,104,Final,South Korea,Spain,0,3,Spain,South Korea,False
54,73,Round of 32,Czech Republic,Switzerland,0,2,Switzerland,Czech Republic,False
54,74,Round of 32,Brazil,Tunisia,3,1,Brazil,Tunisia,False
54,75,Round of 32,Germany,Paraguay,0,0,Germany,Paraguay,True
54,76,Round of 32,Netherlands,Scotland,1,3,Scotland,Netherlands,False
54,77,Round of 32,Ivory Coast,Senegal,2,1,Ivory Coast,Senegal,False
54,78,Round of 32,France,Sweden,5,2,France,Sweden,False
54,79,Round of 32,Mexico,Morocco,1,3,Morocco,Mexico,False
54,80,Round of 32,England,Uzbekistan,3,2,England,Uzbekistan,False
54,81,Round of 32,Belgium,South Korea,8,0,Belgium,South Korea,False
54,82,Round of 32,Australia,Ecuador,2,2,Australia,Ecuador,True
54,83,Round of 32,Portugal,Croatia,1,3,Croatia,Portugal,False
54,84,Round of 32,Spain,Austria,5,1,Spain,Austria,False
54,85,Round of 32,Canada,New Zealand,1,0,Canada,New Zealand,False
54,86,Round of 32,United States,Iran,3,4,Iran,United States,False
54,87,Round of 32,Argentina,Uruguay,3,1,Argentina,Uruguay,False
54,88,Round of 32,Colombia,Norway,0,1,Norway,Colombia,False
54,89,Round of 16,Switzerland,Germany,0,4,Germany,Switzerland,False
54,90,Round of 16,Brazil,Ivory Coast,0,2,Ivory Coast,Brazil,False
54,91,Round of 16,Scotland,France,1,0,Scotland,France,False
54,92,Round of 16,Morocco,England,0,2,England,Morocco,False
54,93,Round of 16,Croatia,Spain,1,3,Spain,Croatia,False
54,94,Round of 16,Belgium,Australia,0,0,Belgium,Australia,True
54,95,Round of 16,Iran,Norway,1,2,Norway,Iran,False
54,96,Round of 16,Canada,Argentina,0,3,Argentina,Canada,False
54,97,Quarter-final,Germany,Ivory Coast,3,1,Germany,Ivory Coast,False
54,98,Quarter-final,Spain,Belgium,2,1,Spain,Belgium,False
54,99,Quarter-final,Scotland,England,0,1,England,Scotland,False
54,100,Quarter-final,Norway,Argentina,1,1,Argentina,Norway,True
54,101,Semi-final,Germany,Spain,2,1,Germany,Spain,False
54,102,Semi-final,England,Argentina,1,4,Argentina,England,False
54,103,Third-place playoff,Spain,England,0,3,England,Spain,False
54,104,Final,Germany,Argentina,0,2,Argentina,Germany,False
55,73,Round of 32,Mexico,Canada,1,2,Canada,Mexico,False
55,74,Round of 32,Brazil,Sweden,6,0,Brazil,Sweden,False
55,75,Round of 32,Germany,Haiti,2,1,Germany,Haiti,False
55,76,Round of 32,Netherlands,Morocco,2,0,Netherlands,Morocco,False
55,77,Round of 32,Ecuador,Iraq,1,1,Ecuador,Iraq,True
55,78,Round of 32,France,Australia,2,1,France,Australia,False
55,79,Round of 32,South Africa,Uruguay,0,2,Uruguay,South Africa,False
55,80,Round of 32,Croatia,Uzbekistan,2,1,Croatia,Uzbekistan,False
55,81,Round of 32,Belgium,South Korea,2,0,Belgium,South Korea,False
55,82,Round of 32,Paraguay,Tunisia,0,1,Tunisia,Paraguay,False
55,83,Round of 32,Portugal,England,1,1,England,Portugal,True
55,84,Round of 32,Spain,Austria,4,1,Spain,Austria,False
55,85,Round of 32,Switzerland,Egypt,1,1,Egypt,Switzerland,True
55,86,Round of 32,United States,Iran,1,0,United States,Iran,False
55,87,Round of 32,Argentina,Saudi Arabia,3,0,Argentina,Saudi Arabia,False
55,88,Round of 32,Colombia,Panama,6,1,Colombia,Panama,False
55,89,Round of 16,Canada,Germany,0,4,Germany,Canada,False
55,90,Round of 16,Brazil,Ecuador,0,0,Brazil,Ecuador,True
55,91,Round of 16,Netherlands,France,1,0,Netherlands,France,False
55,92,Round of 16,Uruguay,Croatia,0,0,Croatia,Uruguay,True
55,93,Round of 16,England,Spain,0,0,Spain,England,True
55,94,Round of 16,Belgium,Tunisia,1,1,Belgium,Tunisia,True
55,95,Round of 16,United States,Colombia,0,0,Colombia,United States,True
55,96,Round of 16,Egypt,Argentina,1,3,Argentina,Egypt,False
55,97,Quarter-final,Germany,Brazil,2,1,Germany,Brazil,False
55,98,Quarter-final,Spain,Belgium,1,0,Spain,Belgium,False
55,99,Quarter-final,Netherlands,Croatia,1,0,Netherlands,Croatia,False
55,100,Quarter-final,Colombia,Argentina,0,0,Colombia,Argentina,True
55,101,Semi-final,Germany,Spain,0,0,Germany,Spain,True
55,102,Semi-final,Netherlands,Colombia,0,0,Colombia,Netherlands,True
55,103,Third-place playoff,Spain,Netherlands,1,2,Netherlands,Spain,False
55,104,Final,Germany,Colombia,3,2,Germany,Colombia,False
56,73,Round of 32,South Korea,Canada,0,2,Canada,South Korea,False
56,74,Round of 32,Brazil,Netherlands,4,0,Brazil,Netherlands,False
56,75,Round of 32,Germany,Haiti,5,0,Germany,Haiti,False
56,76,Round of 32,Japan,Morocco,3,1,Japan,Morocco,False
56,77,Round of 32,Ecuador,Iraq,1,0,Ecuador,Iraq,False
56,78,Round of 32,France,Iran,2,0,France,Iran,False
56,79,Round of 32,Mexico,Curaçao,2,0,Mexico,Curaçao,False
56,80,Round of 32,England,Colombia,0,0,Colombia,England,True
56,81,Round of 32,Egypt,Norway,1,1,Egypt,Norway,True
56,82,Round of 32,United States,Switzerland,4,0,United States,Switzerland,False
56,83,Round of 32,Uzbekistan,Panama,2,2,Panama,Uzbekistan,True
56,84,Round of 32,Spain,Algeria,1,0,Spain,Algeria,False
56,85,Round of 32,Bosnia and Herzegovina,Austria,2,1,Bosnia and Herzegovina,Austria,False
56,86,Round of 32,Paraguay,Belgium,1,2,Belgium,Paraguay,False
56,87,Round of 32,Argentina,Uruguay,3,2,Argentina,Uruguay,False
56,88,Round of 32,Portugal,Croatia,3,0,Portugal,Croatia,False
56,89,Round of 16,Canada,Germany,1,2,Germany,Canada,False
56,90,Round of 16,Brazil,Ecuador,5,1,Brazil,Ecuador,False
56,91,Round of 16,Japan,France,0,1,France,Japan,False
56,92,Round of 16,Mexico,Colombia,1,1,Mexico,Colombia,True
56,93,Round of 16,Panama,Spain,1,1,Spain,Panama,True
56,94,Round of 16,Egypt,United States,1,0,Egypt,United States,False
56,95,Round of 16,Belgium,Portugal,3,2,Belgium,Portugal,False
56,96,Round of 16,Bosnia and Herzegovina,Argentina,1,4,Argentina,Bosnia and Herzegovina,False
56,97,Quarter-final,Germany,Brazil,1,2,Brazil,Germany,False
56,98,Quarter-final,Spain,Egypt,1,0,Spain,Egypt,False
56,99,Quarter-final,France,Mexico,1,1,France,Mexico,True
56,100,Quarter-final,Belgium,Argentina,1,1,Belgium,Argentina,True
56,101,Semi-final,Brazil,Spain,1,1,Spain,Brazil,True
56,102,Semi-final,France,Belgium,1,0,France,Belgium,False
56,103,Third-place playoff,Brazil,Belgium,2,1,Brazil,Belgium,False
56,104,Final,Spain,France,1,2,France,Spain,False
57,73,Round of 32,Czech Republic,Canada,2,1,Czech Republic,Canada,False
57,74,Round of 32,Morocco,Japan,2,0,Morocco,Japan,False
57,75,Round of 32,Germany,Scotland,3,0,Germany,Scotland,False
57,76,Round of 32,Netherlands,Brazil,3,1,Netherlands,Brazil,False
57,77,Round of 32,Curaçao,Norway,1,3,Norway,Curaçao,False
57,78,Round of 32,France,Turkey,1,1,France,Turkey,True
57,79,Round of 32,Mexico,Saudi Arabia,1,1,Mexico,Saudi Arabia,True
57,80,Round of 32,England,Senegal,3,2,England,Senegal,False
57,81,Round of 32,New Zealand,Austria,0,0,Austria,New Zealand,True
57,82,Round of 32,United States,Bosnia and Herzegovina,3,1,United States,Bosnia and Herzegovina,False
57,83,Round of 32,Colombia,Panama,3,1,Colombia,Panama,False
57,84,Round of 32,Uruguay,Algeria,2,1,Uruguay,Algeria,False
57,85,Round of 32,Switzerland,Belgium,2,1,Switzerland,Belgium,False
57,86,Round of 32,Paraguay,Egypt,0,1,Egypt,Paraguay,False
57,87,Round of 32,Argentina,Spain,1,1,Spain,Argentina,True
57,88,Round of 32,Portugal,Ecuador,2,2,Ecuador,Portugal,True
57,89,Round of 16,Czech Republic,Germany,0,0,Czech Republic,Germany,True
57,90,Round of 16,Morocco,Norway,0,0,Morocco,Norway,True
57,91,Round of 16,Netherlands,France,0,0,Netherlands,France,True
57,92,Round of 16,Mexico,England,0,2,England,Mexico,False
57,93,Round of 16,Colombia,Uruguay,1,0,Colombia,Uruguay,False
57,94,Round of 16,Austria,United States,1,2,United States,Austria,False
57,95,Round of 16,Egypt,Ecuador,0,0,Ecuador,Egypt,True
57,96,Round of 16,Switzerland,Spain,2,1,Switzerland,Spain,False
57,97,Quarter-final,Czech Republic,Morocco,1,2,Morocco,Czech Republic,False
57,98,Quarter-final,Colombia,United States,0,1,United States,Colombia,False
57,99,Quarter-final,Netherlands,England,0,0,Netherlands,England,True
57,100,Quarter-final,Ecuador,Switzerland,3,1,Ecuador,Switzerland,False
57,101,Semi-final,Morocco,United States,0,0,United States,Morocco,True
57,102,Semi-final,Netherlands,Ecuador,1,1,Netherlands,Ecuador,True
57,103,Third-place playoff,Morocco,Ecuador,4,2,Morocco,Ecuador,False
57,104,Final,United States,Netherlands,3,1,United States,Netherlands,False
58,73,Round of 32,Czech Republic,Canada,0,0,Czech Republic,Canada,True
58,74,Round of 32,Brazil,Tunisia,2,2,Brazil,Tunisia,True
58,75,Round of 32,Ecuador,United States,1,0,Ecuador,United States,False
58,76,Round of 32,Netherlands,Morocco,0,2,Morocco,Netherlands,False
58,77,Round of 32,Germany,Senegal,0,4,Senegal,Germany,False
58,78,Round of 32,Iraq,Japan,1,2,Japan,Iraq,False
58,79,Round of 32,Mexico,Scotland,1,1,Scotland,Mexico,True
58,80,Round of 32,Croatia,Curaçao,3,0,Croatia,Curaçao,False
58,81,Round of 32,Egypt,Uruguay,1,2,Uruguay,Egypt,False
58,82,Round of 32,Australia,Jordan,3,1,Australia,Jordan,False
58,83,Round of 32,Colombia,England,0,1,England,Colombia,False
58,84,Round of 32,Cape Verde,Austria,3,5,Austria,Cape Verde,False
58,85,Round of 32,Switzerland,Iran,1,5,Iran,Switzerland,False
58,86,Round of 32,Paraguay,Belgium,2,2,Belgium,Paraguay,True
58,87,Round of 32,Argentina,Spain,3,1,Argentina,Spain,False
58,88,Round of 32,Portugal,Panama,4,3,Portugal,Panama,False
58,89,Round of 16,Czech Republic,Ecuador,0,2,Ecuador,Czech Republic,False
58,90,Round of 16,Brazil,Senegal,3,1,Brazil,Senegal,False
58,91,Round of 16,Morocco,Japan,0,0,Japan,Morocco,True
58,92,Round of 16,Scotland,Croatia,0,0,Scotland,Croatia,True
58,93,Round of 16,England,Austria,3,3,England,Austria,True
58,94,Round of 16,Uruguay,Australia,0,2,Australia,Uruguay,False
58,95,Round of 16,Belgium,Portugal,0,3,Portugal,Belgium,False
58,96,Round of 16,Iran,Argentina,1,3,Argentina,Iran,False
58,97,Quarter-final,Ecuador,Brazil,1,0,Ecuador,Brazil,False
58,98,Quarter-final,England,Australia,2,1,England,Australia,False
58,99,Quarter-final,Japan,Scotland,0,1,Scotland,Japan,False
58,100,Quarter-final,Portugal,Argentina,5,2,Portugal,Argentina,False
58,101,Semi-final,Ecuador,England,1,3,England,Ecuador,False
58,102,Semi-final,Scotland,Portugal,0,1,Portugal,Scotland,False
58,103,Third-place playoff,Ecuador,Scotland,3,1,Ecuador,Scotland,False
58,104,Final,England,Portugal,1,1,Portugal,England,True
59,73,Round of 32,South Korea,Switzerland,2,3,Switzerland,South Korea,False
59,74,Round of 32,Brazil,Japan,1,1,Brazil,Japan,True
59,75,Round of 32,Germany,Haiti,1,1,Germany,Haiti,True
59,76,Round of 32,Netherlands,Morocco,6,0,Netherlands,Morocco,False
59,77,Round of 32,Ecuador,Senegal,2,2,Ecuador,Senegal,True
59,78,Round of 32,France,United States,2,1,France,United States,False
59,79,Round of 32,Mexico,Ivory Coast,0,1,Ivory Coast,Mexico,False
59,80,Round of 32,Croatia,Norway,1,0,Croatia,Norway,False
59,81,Round of 32,Iran,Czech Republic,2,0,Iran,Czech Republic,False
59,82,Round of 32,Australia,Bosnia and Herzegovina,2,1,Australia,Bosnia and Herzegovina,False
59,83,Round of 32,DR Congo,Panama,3,3,DR Congo,Panama,True
59,84,Round of 32,Spain,Austria,2,1,Spain,Austria,False
59,85,Round of 32,Canada,Algeria,2,0,Canada,Algeria,False
59,86,Round of 32,Turkey,Egypt,0,1,Egypt,Turkey,False
59,87,Round of 32,Argentina,Saudi Arabia,3,0,Argentina,Saudi Arabia,False
59,88,Round of 32,Colombia,England,2,0,Colombia,England,False
59,89,Round of 16,Switzerland,Germany,3,1,Switzerland,Germany,False
59,90,Round of 16,Brazil,Ecuador,1,0,Brazil,Ecuador,False
59,91,Round of 16,Netherlands,France,0,0,France,Netherlands,True
59,92,Round of 16,Ivory Coast,Croatia,1,1,Croatia,Ivory Coast,True
59,93,Round of 16,DR Congo,Spain,0,2,Spain,DR Congo,False
59,94,Round of 16,Iran,Australia,0,0,Iran,Australia,True
59,95,Round of 16,Egypt,Colombia,1,0,Egypt,Colombia,False
59,96,Round of 16,Canada,Argentina,0,1,Argentina,Canada,False
59,97,Quarter-final,Switzerland,Brazil,2,1,Switzerland,Brazil,False
59,98,Quarter-final,Spain,Iran,4,0,Spain,Iran,False
59,99,Quarter-final,France,Croatia,5,0,France,Croatia,False
59,100,Quarter-final,Egypt,Argentina,0,1,Argentina,Egypt,False
59,101,Semi-final,Switzerland,Spain,0,1,Spain,Switzerland,False
59,102,Semi-final,France,Argentina,1,4,Argentina,France,False
59,103,Third-place playoff,Switzerland,France,2,0,Switzerland,France,False
59,104,Final,Spain,Argentina,1,1,Spain,Argentina,True
60,73,Round of 32,Mexico,Canada,3,0,Mexico,Canada,False
60,74,Round of 32,Morocco,Japan,2,0,Morocco,Japan,False
60,75,Round of 32,Ecuador,Scotland,2,1,Ecuador,Scotland,False
60,76,Round of 32,Netherlands,Haiti,7,0,Netherlands,Haiti,False
60,77,Round of 32,Ivory Coast,Senegal,0,1,Senegal,Ivory Coast,False
60,78,Round of 32,France,United States,2,0,France,United States,False
60,79,Round of 32,South Korea,Cape Verde,0,0,Cape Verde,South Korea,True
60,80,Round of 32,Panama,Norway,1,2,Norway,Panama,False
60,81,Round of 32,Belgium,Czech Republic,1,2,Czech Republic,Belgium,False
60,82,Round of 32,Turkey,Bosnia and Herzegovina,2,0,Turkey,Bosnia and Herzegovina,False
60,83,Round of 32,DR Congo,England,1,1,DR Congo,England,True
60,84,Round of 32,Spain,Algeria,2,1,Spain,Algeria,False
60,85,Round of 32,Switzerland,Germany,0,1,Germany,Switzerland,False
60,86,Round of 32,Australia,New Zealand,2,1,Australia,New Zealand,False
60,87,Round of 32,Argentina,Uruguay,2,0,Argentina,Uruguay,False
60,88,Round of 32,Portugal,Croatia,2,2,Portugal,Croatia,True
60,89,Round of 16,Mexico,Ecuador,3,2,Mexico,Ecuador,False
60,90,Round of 16,Morocco,Senegal,1,1,Senegal,Morocco,True
60,91,Round of 16,Netherlands,France,0,2,France,Netherlands,False
60,92,Round of 16,Cape Verde,Norway,0,2,Norway,Cape Verde,False
60,93,Round of 16,DR Congo,Spain,0,4,Spain,DR Congo,False
60,94,Round of 16,Czech Republic,Turkey,0,0,Turkey,Czech Republic,True
60,95,Round of 16,Australia,Portugal,1,2,Portugal,Australia,False
60,96,Round of 16,Germany,Argentina,0,3,Argentina,Germany,False
60,97,Quarter-final,Mexico,Senegal,0,1,Senegal,Mexico,False
60,98,Quarter-final,Spain,Turkey,1,1,Spain,Turkey,True
60,99,Quarter-final,France,Norway,5,0,France,Norway,False
60,100,Quarter-final,Portugal,Argentina,2,1,Portugal,Argentina,False
60,101,Semi-final,Senegal,Spain,1,1,Senegal,Spain,True
60,102,Semi-final,France,Portugal,0,2,Portugal,France,False
60,103,Third-place playoff,Spain,France,3,3,France,Spain,True
60,104,Final,Senegal,Portugal,0,3,Portugal,Senegal,False
61,73,Round of 32,South Africa,Canada,0,1,Canada,South Africa,False
61,74,Round of 32,Haiti,Netherlands,0,2,Netherlands,Haiti,False
61,75,Round of 32,Ecuador,Morocco,3,1,Ecuador,Morocco,False
61,76,Round of 32,Japan,Brazil,0,1,Brazil,Japan,False
61,77,Round of 32,Germany,Norway,2,1,Germany,Norway,False
61,78,Round of 32,France,Tunisia,5,0,France,Tunisia,False
61,79,Round of 32,Mexico,Cape Verde,0,2,Cape Verde,Mexico,False
61,80,Round of 32,England,Algeria,2,1,England,Algeria,False
61,81,Round of 32,Iran,South Korea,1,3,South Korea,Iran,False
61,82,Round of 32,United States,Bosnia and Herzegovina,1,1,Bosnia and Herzegovina,United States,True
61,83,Round of 32,Colombia,Ghana,2,1,Colombia,Ghana,False
61,84,Round of 32,Spain,Austria,3,4,Austria,Spain,False
61,85,Round of 32,Switzerland,New Zealand,2,1,Switzerland,New Zealand,False
61,86,Round of 32,Australia,Belgium,0,0,Belgium,Australia,True
61,87,Round of 32,Argentina,Uruguay,3,0,Argentina,Uruguay,False
61,88,Round of 32,Portugal,Croatia,1,3,Croatia,Portugal,False
61,89,Round of 16,Canada,Ecuador,0,1,Ecuador,Canada,False
61,90,Round of 16,Netherlands,Germany,0,1,Germany,Netherlands,False
61,91,Round of 16,Brazil,France,0,2,France,Brazil,False
61,92,Round of 16,Cape Verde,England,1,4,England,Cape Verde,False
61,93,Round of 16,Colombia,Austria,0,1,Austria,Colombia,False
61,94,Round of 16,South Korea,Bosnia and Herzegovina,1,0,South Korea,Bosnia and Herzegovina,False
61,95,Round of 16,Belgium,Croatia,1,5,Croatia,Belgium,False
61,96,Round of 16,Switzerland,Argentina,4,2,Switzerland,Argentina,False
61,97,Quarter-final,Ecuador,Germany,0,1,Germany,Ecuador,False
61,98,Quarter-final,Austria,South Korea,0,1,South Korea,Austria,False
61,99,Quarter-final,France,England,0,3,England,France,False
61,100,Quarter-final,Croatia,Switzerland,0,3,Switzerland,Croatia,False
61,101,Semi-final,Germany,South Korea,6,0,Germany,South Korea,False
61,102,Semi-final,England,Switzerland,0,0,England,Switzerland,True
61,103,Third-place playoff,South Korea,Switzerland,1,0,South Korea,Switzerland,False
61,104,Final,Germany,England,2,0,Germany,England,False
62,73,Round of 32,South Korea,Switzerland,2,1,South Korea,Switzerland,False
62,74,Round of 32,Brazil,Japan,3,1,Brazil,Japan,False
62,75,Round of 32,Ecuador,Scotland,1,1,Scotland,Ecuador,True
62,76,Round of 32,Netherlands,Morocco,1,0,Netherlands,Morocco,False
62,77,Round of 32,Germany,Senegal,1,1,Senegal,Germany,True
62,78,Round of 32,France,Australia,2,0,France,Australia,False
62,79,Round of 32,Mexico,Saudi Arabia,4,1,Mexico,Saudi Arabia,False
62,80,Round of 32,Croatia,Uzbekistan,3,1,Croatia,Uzbekistan,False
62,81,Round of 32,Egypt,South Africa,2,0,Egypt,South Africa,False
62,82,Round of 32,Turkey,Sweden,4,0,Turkey,Sweden,False
62,83,Round of 32,Colombia,England,0,2,England,Colombia,False
62,84,Round of 32,Spain,Argentina,2,3,Argentina,Spain,False
62,85,Round of 32,Canada,Jordan,3,1,Canada,Jordan,False
62,86,Round of 32,United States,Iran,0,1,Iran,United States,False
62,87,Round of 32,Austria,Uruguay,2,3,Uruguay,Austria,False
62,88,Round of 32,Portugal,Norway,1,1,Portugal,Norway,True
62,89,Round of 16,South Korea,Scotland,1,3,Scotland,South Korea,False
62,90,Round of 16,Brazil,Senegal,4,0,Brazil,Senegal,False
62,91,Round of 16,Netherlands,France,4,1,Netherlands,France,False
62,92,Round of 16,Mexico,Croatia,1,1,Croatia,Mexico,True
62,93,Round of 16,England,Argentina,2,1,England,Argentina,False
62,94,Round of 16,Egypt,Turkey,2,2,Egypt,Turkey,True
62,95,Round of 16,Iran,Portugal,1,1,Portugal,Iran,True
62,96,Round of 16,Canada,Uruguay,1,2,Uruguay,Canada,False
62,97,Quarter-final,Scotland,Brazil,3,2,Scotland,Brazil,False
62,98,Quarter-final,England,Egypt,2,0,England,Egypt,False
62,99,Quarter-final,Netherlands,Croatia,1,0,Netherlands,Croatia,False
62,100,Quarter-final,Portugal,Uruguay,2,0,Portugal,Uruguay,False
62,101,Semi-final,Scotland,England,1,2,England,Scotland,False
62,102,Semi-final,Netherlands,Portugal,0,0,Portugal,Netherlands,True
62,103,Third-place playoff,Scotland,Netherlands,0,2,Netherlands,Scotland,False
62,104,Final,England,Portugal,4,1,England,Portugal,False
63,73,Round of 32,Mexico,Canada,3,1,Mexico,Canada,False
63,74,Round of 32,Brazil,Netherlands,1,1,Netherlands,Brazil,True
63,75,Round of 32,Ecuador,Morocco,2,1,Ecuador,Morocco,False
63,76,Round of 32,Sweden,Scotland,1,0,Sweden,Scotland,False
63,77,Round of 32,Ivory Coast,Norway,1,3,Norway,Ivory Coast,False
63,78,Round of 32,Senegal,Turkey,2,0,Senegal,Turkey,False
63,79,Round of 32,Czech Republic,Germany,0,2,Germany,Czech Republic,False
63,80,Round of 32,England,Uzbekistan,0,1,Uzbekistan,England,False
63,81,Round of 32,Iran,France,2,2,France,Iran,True
63,82,Round of 32,Paraguay,Qatar,1,1,Qatar,Paraguay,True
63,83,Round of 32,Portugal,Croatia,0,2,Croatia,Portugal,False
63,84,Round of 32,Spain,Jordan,2,0,Spain,Jordan,False
63,85,Round of 32,Switzerland,Egypt,2,4,Egypt,Switzerland,False
63,86,Round of 32,United States,New Zealand,1,0,United States,New Zealand,False
63,87,Round of 32,Argentina,Uruguay,2,1,Argentina,Uruguay,False
63,88,Round of 32,Colombia,Panama,2,0,Colombia,Panama,False
63,89,Round of 16,Mexico,Ecuador,0,1,Ecuador,Mexico,False
63,90,Round of 16,Netherlands,Norway,0,1,Norway,Netherlands,False
63,91,Round of 16,Sweden,Senegal,2,3,Senegal,Sweden,False
63,92,Round of 16,Germany,Uzbekistan,3,3,Germany,Uzbekistan,True
63,93,Round of 16,Croatia,Spain,3,1,Croatia,Spain,False
63,94,Round of 16,France,Qatar,4,0,France,Qatar,False
63,95,Round of 16,United States,Colombia,0,1,Colombia,United States,False
63,96,Round of 16,Egypt,Argentina,1,2,Argentina,Egypt,False
63,97,Quarter-final,Ecuador,Norway,3,1,Ecuador,Norway,False
63,98,Quarter-final,Croatia,France,1,2,France,Croatia,False
63,99,Quarter-final,Senegal,Germany,2,2,Senegal,Germany,True
63,100,Quarter-final,Colombia,Argentina,0,0,Argentina,Colombia,True
63,101,Semi-final,Ecuador,France,0,6,France,Ecuador,False
63,102,Semi-final,Senegal,Argentina,1,1,Senegal,Argentina,True
63,103,Third-place playoff,Ecuador,Argentina,0,0,Argentina,Ecuador,True
63,104,Final,France,Senegal,1,1,Senegal,France,True
64,73,Round of 32,South Korea,Switzerland,0,0,South Korea,Switzerland,True
64,74,Round of 32,Morocco,Netherlands,2,0,Morocco,Netherlands,False
64,75,Round of 32,Ecuador,Tunisia,1,0,Ecuador,Tunisia,False
64,76,Round of 32,Japan,Brazil,0,2,Brazil,Japan,False
64,77,Round of 32,Germany,Norway,2,1,Germany,Norway,False
64,78,Round of 32,France,Egypt,5,1,France,Egypt,False
64,79,Round of 32,Czech Republic,Saudi Arabia,1,1,Czech Republic,Saudi Arabia,True
64,80,Round of 32,Croatia,Iraq,4,1,Croatia,Iraq,False
64,81,Round of 32,Belgium,South Africa,4,3,Belgium,South Africa,False
64,82,Round of 32,United States,Bosnia and Herzegovina,3,0,United States,Bosnia and Herzegovina,False
64,83,Round of 32,Uzbekistan,England,0,1,England,Uzbekistan,False
64,84,Round of 32,Spain,Algeria,2,1,Spain,Algeria,False
64,85,Round of 32,Canada,Austria,2,1,Canada,Austria,False
64,86,Round of 32,Turkey,Iran,3,0,Turkey,Iran,False
64,87,Round of 32,Argentina,Cape Verde,1,0,Argentina,Cape Verde,False
64,88,Round of 32,Colombia,Panama,0,1,Panama,Colombia,False
64,89,Round of 16,South Korea,Ecuador,1,0,South Korea,Ecuador,False
64,90,Round of 16,Morocco,Germany,2,2,Germany,Morocco,True
64,91,Round of 16,Brazil,France,2,2,France,Brazil,True
64,92,Round of 16,Czech Republic,Croatia,0,0,Croatia,Czech Republic,True
64,93,Round of 16,England,Spain,1,4,Spain,England,False
64,94,Round of 16,Belgium,United States,1,1,United States,Belgium,True
64,95,Round of 16,Turkey,Panama,2,3,Panama,Turkey,False
64,96,Round of 16,Canada,Argentina,0,1,Argentina,Canada,False
64,97,Quarter-final,South Korea,Germany,1,2,Germany,South Korea,False
64,98,Quarter-final,Spain,United States,1,4,United States,Spain,False
64,99,Quarter-final,France,Croatia,4,0,France,Croatia,False
64,100,Quarter-final,Panama,Argentina,2,2,Argentina,Panama,True
64,101,Semi-final,Germany,United States,6,0,Germany,United States,False
64,102,Semi-final,France,Argentina,0,0,France,Argentina,True
64,103,Third-place playoff,United States,Argentina,0,2,Argentina,United States,False
64,104,Final,Germany,France,0,1,France,Germany,False
65,73,Round of 32,South Africa,Canada,1,2,Canada,South Africa,False
65,74,Round of 32,Morocco,Netherlands,0,1,Netherlands,Morocco,False
65,75,Round of 32,Ecuador,Turkey,0,0,Turkey,Ecuador,True
65,76,Round of 32,Japan,Scotland,2,1,Japan,Scotland,False
65,77,Round of 32,Ivory Coast,Norway,1,6,Norway,Ivory Coast,False
65,78,Round of 32,France,Saudi Arabia,4,2,France,Saudi Arabia,False
65,79,Round of 32,Mexico,Germany,2,0,Mexico,Germany,False
65,80,Round of 32,England,Uzbekistan,2,1,England,Uzbekistan,False
65,81,Round of 32,Egypt,South Korea,3,1,Egypt,South Korea,False
65,82,Round of 32,Paraguay,Bosnia and Herzegovina,4,1,Paraguay,Bosnia and Herzegovina,False
65,83,Round of 32,Portugal,Panama,4,1,Portugal,Panama,False
65,84,Round of 32,Spain,Argentina,2,1,Spain,Argentina,False
65,85,Round of 32,Switzerland,New Zealand,2,0,Switzerland,New Zealand,False
65,86,Round of 32,Australia,Belgium,2,0,Australia,Belgium,False
65,87,Round of 32,Austria,Uruguay,1,0,Austria,Uruguay,False
65,88,Round of 32,Colombia,Croatia,3,1,Colombia,Croatia,False
65,89,Round of 16,Canada,Turkey,1,0,Canada,Turkey,False
65,90,Round of 16,Netherlands,Norway,0,0,Netherlands,Norway,True
65,91,Round of 16,Japan,France,0,2,France,Japan,False
65,92,Round of 16,Mexico,England,1,3,England,Mexico,False
65,93,Round of 16,Portugal,Spain,0,3,Spain,Portugal,False
65,94,Round of 16,Egypt,Paraguay,1,0,Egypt,Paraguay,False
65,95,Round of 16,Australia,Colombia,1,2,Colombia,Australia,False
65,96,Round of 16,Switzerland,Austria,1,1,Switzerland,Austria,True
65,97,Quarter-final,Canada,Netherlands,2,1,Canada,Netherlands,False
65,98,Quarter-final,Spain,Egypt,0,3,Egypt,Spain,False
65,99,Quarter-final,France,England,2,2,France,England,True
65,100,Quarter-final,Colombia,Switzerland,4,1,Colombia,Switzerland,False
65,101,Semi-final,Canada,Egypt,1,2,Egypt,Canada,False
65,102,Semi-final,France,Colombia,1,1,France,Colombia,True
65,103,Third-place playoff,Canada,Colombia,1,1,Colombia,Canada,True
65,104,Final,Egypt,France,0,1,France,Egypt,False
66,73,Round of 32,South Korea,Canada,0,2,Canada,South Korea,False
66,74,Round of 32,Morocco,Netherlands,0,0,Netherlands,Morocco,True
66,75,Round of 32,Ecuador,Scotland,2,2,Scotland,Ecuador,True
66,76,Round of 32,Tunisia,Brazil,2,3,Brazil,Tunisia,False
66,77,Round of 32,Ivory Coast,Norway,2,2,Ivory Coast,Norway,True
66,78,Round of 32,France,Sweden,3,2,France,Sweden,False
66,79,Round of 32,Mexico,Germany,0,1,Germany,Mexico,False
66,80,Round of 32,England,Senegal,1,2,Senegal,England,False
66,81,Round of 32,Iran,Saudi Arabia,6,0,Iran,Saudi Arabia,False
66,82,Round of 32,Turkey,Switzerland,2,2,Turkey,Switzerland,True
66,83,Round of 32,Colombia,Croatia,0,0,Croatia,Colombia,True
66,84,Round of 32,Spain,Austria,0,0,Spain,Austria,True
66,85,Round of 32,Qatar,Algeria,2,0,Qatar,Algeria,False
66,86,Round of 32,United States,Belgium,0,0,Belgium,United States,True
66,87,Round of 32,Argentina,Uruguay,4,1,Argentina,Uruguay,False
66,88,Round of 32,DR Congo,Panama,1,0,DR Congo,Panama,False
66,89,Round of 16,Canada,Scotland,1,1,Canada,Scotland,True
66,90,Round of 16,Netherlands,Ivory Coast,3,0,Netherlands,Ivory Coast,False
66,91,Round of 16,Brazil,France,0,1,France,Brazil,False
66,92,Round of 16,Germany,Senegal,1,0,Germany,Senegal,False
66,93,Round of 16,Croatia,Spain,0,2,Spain,Croatia,False
66,94,Round of 16,Iran,Turkey,0,2,Turkey,Iran,False
66,95,Round of 16,Belgium,DR Congo,1,1,DR Congo,Belgium,True
66,96,Round of 16,Qatar,Argentina,0,5,Argentina,Qatar,False
66,97,Quarter-final,Canada,Netherlands,0,1,Netherlands,Canada,False
66,98,Quarter-final,Spain,Turkey,3,1,Spain,Turkey,False
66,99,Quarter-final,France,Germany,1,1,France,Germany,True
66,100,Quarter-final,DR Congo,Argentina,0,3,Argentina,DR Congo,False
66,101,Semi-final,Netherlands,Spain,1,2,Spain,Netherlands,False
66,102,Semi-final,France,Argentina,1,1,Argentina,France,True
66,103,Third-place playoff,Netherlands,France,0,0,France,Netherlands,True
66,104,Final,Spain,Argentina,2,1,Spain,Argentina,False
67,73,Round of 32,Mexico,Canada,0,0,Canada,Mexico,True
67,74,Round of 32,Scotland,Japan,0,0,Japan,Scotland,True
67,75,Round of 32,Germany,Haiti,3,0,Germany,Haiti,False
67,76,Round of 32,Sweden,Morocco,1,3,Morocco,Sweden,False
67,77,Round of 32,Ivory Coast,Iraq,3,2,Ivory Coast,Iraq,False
67,78,Round of 32,France,Paraguay,1,1,France,Paraguay,True
67,79,Round of 32,South Korea,Spain,0,3,Spain,South Korea,False
67,80,Round of 32,Croatia,Uzbekistan,1,1,Croatia,Uzbekistan,True
67,81,Round of 32,New Zealand,Czech Republic,2,2,Czech Republic,New Zealand,True
67,82,Round of 32,Australia,Ecuador,1,0,Australia,Ecuador,False
67,83,Round of 32,Portugal,England,1,3,England,Portugal,False
67,84,Round of 32,Uruguay,Algeria,3,1,Uruguay,Algeria,False
67,85,Round of 32,Switzerland,Austria,1,2,Austria,Switzerland,False
67,86,Round of 32,Turkey,Egypt,0,0,Egypt,Turkey,True
67,87,Round of 32,Argentina,Cape Verde,3,2,Argentina,Cape Verde,False
67,88,Round of 32,Colombia,Ghana,4,0,Colombia,Ghana,False
67,89,Round of 16,Canada,Germany,3,2,Canada,Germany,False
67,90,Round of 16,Japan,Ivory Coast,2,2,Japan,Ivory Coast,True
67,91,Round of 16,Morocco,France,3,2,Morocco,France,False
67,92,Round of 16,Spain,Croatia,2,0,Spain,Croatia,False
67,93,Round of 16,England,Uruguay,1,1,England,Uruguay,True
67,94,Round of 16,Czech Republic,Australia,1,1,Australia,Czech Republic,True
67,95,Round of 16,Egypt,Colombia,0,2,Colombia,Egypt,False
67,96,Round of 16,Austria,Argentina,2,0,Austria,Argentina,False
67,97,Quarter-final,Canada,Japan,0,1,Japan,Canada,False
67,98,Quarter-final,England,Australia,2,0,England,Australia,False
67,99,Quarter-final,Morocco,Spain,0,0,Spain,Morocco,True
67,100,Quarter-final,Colombia,Austria,2,0,Colombia,Austria,False
67,101,Semi-final,Japan,England,1,3,England,Japan,False
67,102,Semi-final,Spain,Colombia,0,0,Colombia,Spain,True
67,103,Third-place playoff,Japan,Spain,0,0,Spain,Japan,True
67,104,Final,England,Colombia,1,1,Colombia,England,True
68,73,Round of 32,Mexico,Canada,0,1,Canada,Mexico,False
68,74,Round of 32,Morocco,Netherlands,0,0,Morocco,Netherlands,True
68,75,Round of 32,Germany,Australia,6,0,Germany,Australia,False
68,76,Round of 32,Japan,Brazil,5,0,Japan,Brazil,False
68,77,Round of 32,Ecuador,Senegal,1,1,Senegal,Ecuador,True
68,78,Round of 32,France,Sweden,3,1,France,Sweden,False
68,79,Round of 32,South Korea,Haiti,1,1,Haiti,South Korea,True
68,80,Round of 32,Croatia,DR Congo,2,0,Croatia,DR Congo,False
68,81,Round of 32,Belgium,Cape Verde,2,1,Belgium,Cape Verde,False
68,82,Round of 32,United States,Norway,4,1,United States,Norway,False
68,83,Round of 32,Colombia,Panama,2,0,Colombia,Panama,False
68,84,Round of 32,Uruguay,Austria,0,0,Uruguay,Austria,True
68,85,Round of 32,Switzerland,Iran,0,0,Iran,Switzerland,True
68,86,Round of 32,Paraguay,New Zealand,5,0,Paraguay,New Zealand,False
68,87,Round of 32,Argentina,Spain,3,0,Argentina,Spain,False
68,88,Round of 32,Portugal,England,0,1,England,Portugal,False
68,89,Round of 16,Canada,Germany,0,4,Germany,Canada,False
68,90,Round of 16,Morocco,Senegal,3,0,Morocco,Senegal,False
68,91,Round of 16,Japan,France,1,1,Japan,France,True
68,92,Round of 16,Haiti,Croatia,0,1,Croatia,Haiti,False
68,93,Round of 16,Colombia,Uruguay,2,0,Colombia,Uruguay,False
68,94,Round of 16,Belgium,United States,0,0,United States,Belgium,True
68,95,Round of 16,Paraguay,England,1,2,England,Paraguay,False
68,96,Round of 16,Iran,Argentina,0,1,Argentina,Iran,False
68,97,Quarter-final,Germany,Morocco,0,2,Morocco,Germany,False
68,98,Quarter-final,Colombia,United States,2,3,United States,Colombia,False
68,99,Quarter-final,Japan,Croatia,1,0,Japan,Croatia,False
68,100,Quarter-final,England,Argentina,2,5,Argentina,England,False
68,101,Semi-final,Morocco,United States,0,2,United States,Morocco,False
68,102,Semi-final,Japan,Argentina,3,0,Japan,Argentina,False
68,103,Third-place playoff,Morocco,Argentina,2,4,Argentina,Morocco,False
68,104,Final,United States,Japan,3,0,United States,Japan,False
69,73,Round of 32,Mexico,Canada,2,0,Mexico,Canada,False
69,74,Round of 32,Brazil,Netherlands,1,1,Brazil,Netherlands,True
69,75,Round of 32,Ecuador,United States,0,2,United States,Ecuador,False
69,76,Round of 32,Tunisia,Scotland,1,1,Scotland,Tunisia,True
69,77,Round of 32,Germany,Norway,1,1,Germany,Norway,True
69,78,Round of 32,France,Sweden,1,0,France,Sweden,False
69,79,Round of 32,South Africa,Morocco,1,1,South Africa,Morocco,True
69,80,Round of 32,England,DR Congo,4,1,England,DR Congo,False
69,81,Round of 32,Belgium,South Korea,4,1,Belgium,South Korea,False
69,82,Round of 32,Paraguay,Bosnia and Herzegovina,1,1,Bosnia and Herzegovina,Paraguay,True
69,83,Round of 32,Portugal,Croatia,2,0,Portugal,Croatia,False
69,84,Round of 32,Spain,Austria,4,0,Spain,Austria,False
69,85,Round of 32,Switzerland,Iran,1,0,Switzerland,Iran,False
69,86,Round of 32,Turkey,Egypt,0,1,Egypt,Turkey,False
69,87,Round of 32,Argentina,Uruguay,2,1,Argentina,Uruguay,False
69,88,Round of 32,Colombia,Ivory Coast,3,2,Colombia,Ivory Coast,False
69,89,Round of 16,Mexico,United States,2,1,Mexico,United States,False
69,90,Round of 16,Brazil,Germany,1,3,Germany,Brazil,False
69,91,Round of 16,Scotland,France,2,1,Scotland,France,False
69,92,Round of 16,South Africa,England,2,0,South Africa,England,False
69,93,Round of 16,Portugal,Spain,0,3,Spain,Portugal,False
69,94,Round of 16,Belgium,Bosnia and Herzegovina,2,0,Belgium,Bosnia and Herzegovina,False
69,95,Round of 16,Egypt,Colombia,0,4,Colombia,Egypt,False
69,96,Round of 16,Switzerland,Argentina,1,0,Switzerland,Argentina,False
69,97,Quarter-final,Mexico,Germany,0,0,Germany,Mexico,True
69,98,Quarter-final,Spain,Belgium,7,1,Spain,Belgium,False
69,99,Quarter-final,Scotland,South Africa,0,3,South Africa,Scotland,False
69,100,Quarter-final,Colombia,Switzerland,0,0,Switzerland,Colombia,True
69,101,Semi-final,Germany,Spain,3,2,Germany,Spain,False
69,102,Semi-final,South Africa,Switzerland,1,2,Switzerland,South Africa,False
69,103,Third-place playoff,Spain,South Africa,3,1,Spain,South Africa,False
69,104,Final,Germany,Switzerland,0,0,Germany,Switzerland,True
70,73,Round of 32,Czech Republic,Qatar,1,0,Czech Republic,Qatar,False
70,74,Round of 32,Brazil,Sweden,5,0,Brazil,Sweden,False
70,75,Round of 32,Ecuador,United States,2,1,Ecuador,United States,False
70,76,Round of 32,Netherlands,Morocco,1,2,Morocco,Netherlands,False
70,77,Round of 32,Ivory Coast,Norway,2,2,Norway,Ivory Coast,True
70,78,Round of 32,France,Japan,0,0,Japan,France,True
70,79,Round of 32,South Korea,Scotland,3,0,South Korea,Scotland,False
70,80,Round of 32,Croatia,Germany,2,1,Croatia,Germany,False
70,81,Round of 32,Iran,Mexico,1,1,Iran,Mexico,True
70,82,Round of 32,Australia,Jordan,3,3,Jordan,Australia,True
70,83,Round of 32,Colombia,Panama,2,0,Colombia,Panama,False
70,84,Round of 32,Spain,Austria,5,1,Spain,Austria,False
70,85,Round of 32,Switzerland,Egypt,2,0,Switzerland,Egypt,False
70,86,Round of 32,Paraguay,New Zealand,2,0,Paraguay,New Zealand,False
70,87,Round of 32,Argentina,Uruguay,1,0,Argentina,Uruguay,False
70,88,Round of 32,Portugal,England,2,1,Portugal,England,False
70,89,Round of 16,Czech Republic,Ecuador,1,1,Ecuador,Czech Republic,True
70,90,Round of 16,Brazil,Norway,0,0,Norway,Brazil,True
70,91,Round of 16,Morocco,Japan,0,2,Japan,Morocco,False
70,92,Round of 16,South Korea,Croatia,2,2,Croatia,South Korea,True
70,93,Round of 16,Colombia,Spain,1,2,Spain,Colombia,False
70,94,Round of 16,Iran,Jordan,0,0,Jordan,Iran,True
70,95,Round of 16,Paraguay,Portugal,1,2,Portugal,Paraguay,False
70,96,Round of 16,Switzerland,Argentina,1,1,Argentina,Switzerland,True
70,97,Quarter-final,Ecuador,Norway,3,0,Ecuador,Norway,False
70,98,Quarter-final,Spain,Jordan,3,0,Spain,Jordan,False
70,99,Quarter-final,Japan,Croatia,1,0,Japan,Croatia,False
70,100,Quarter-final,Portugal,Argentina,2,2,Portugal,Argentina,True
70,101,Semi-final,Ecuador,Spain,3,3,Spain,Ecuador,True
70,102,Semi-final,Japan,Portugal,1,3,Portugal,Japan,False
70,103,Third-place playoff,Ecuador,Japan,2,2,Ecuador,Japan,True
70,104,Final,Spain,Portugal,3,1,Spain,Portugal,False
71,73,Round of 32,Czech Republic,Switzerland,1,1,Switzerland,Czech Republic,True
71,74,Round of 32,Morocco,Netherlands,2,2,Netherlands,Morocco,True
71,75,Round of 32,Germany,Haiti,3,2,Germany,Haiti,False
71,76,Round of 32,Japan,Brazil,3,0,Japan,Brazil,False
71,77,Round of 32,Ecuador,Senegal,1,1,Senegal,Ecuador,True
71,78,Round of 32,France,Tunisia,6,1,France,Tunisia,False
71,79,Round of 32,Mexico,Ivory Coast,1,1,Mexico,Ivory Coast,True
71,80,Round of 32,Panama,Colombia,1,4,Colombia,Panama,False
71,81,Round of 32,Belgium,Saudi Arabia,1,2,Saudi Arabia,Belgium,False
71,82,Round of 32,United States,Bosnia and Herzegovina,2,0,United States,Bosnia and Herzegovina,False
71,83,Round of 32,DR Congo,Croatia,3,1,DR Congo,Croatia,False
71,84,Round of 32,Spain,Algeria,1,0,Spain,Algeria,False
71,85,Round of 32,Canada,Austria,1,0,Canada,Austria,False
71,86,Round of 32,Turkey,New Zealand,0,1,New Zealand,Turkey,False
71,87,Round of 32,Argentina,Cape Verde,3,0,Argentina,Cape Verde,False
71,88,Round of 32,Portugal,England,1,3,England,Portugal,False
71,89,Round of 16,Switzerland,Germany,0,3,Germany,Switzerland,False
71,90,Round of 16,Netherlands,Senegal,1,1,Senegal,Netherlands,True
71,91,Round of 16,Japan,France,1,2,France,Japan,False
71,92,Round of 16,Mexico,Colombia,0,1,Colombia,Mexico,False
71,93,Round of 16,DR Congo,Spain,0,2,Spain,DR Congo,False
71,94,Round of 16,Saudi Arabia,United States,0,1,United States,Saudi Arabia,False
71,95,Round of 16,New Zealand,England,2,2,England,New Zealand,True
71,96,Round of 16,Canada,Argentina,1,1,Argentina,Canada,True
71,97,Quarter-final,Germany,Senegal,3,1,Germany,Senegal,False
71,98,Quarter-final,Spain,United States,2,1,Spain,United States,False
71,99,Quarter-final,France,Colombia,1,1,France,Colombia,True
71,100,Quarter-final,England,Argentina,3,2,England,Argentina,False
71,101,Semi-final,Germany,Spain,1,3,Spain,Germany,False
71,102,Semi-final,France,England,1,2,England,France,False
71,103,Third-place playoff,Germany,France,2,3,France,Germany,False
71,104,Final,Spain,England,1,0,Spain,England,False
72,73,Round of 32,South Korea,Qatar,2,1,South Korea,Qatar,False
72,74,Round of 32,Morocco,Netherlands,2,0,Morocco,Netherlands,False
72,75,Round of 32,Ecuador,Australia,1,0,Ecuador,Australia,False
72,76,Round of 32,Japan,Scotland,2,1,Japan,Scotland,False
72,77,Round of 32,Germany,Norway,0,0,Norway,Germany,True
72,78,Round of 32,France,Tunisia,1,1,France,Tunisia,True
72,79,Round of 32,Czech Republic,Brazil,0,3,Brazil,Czech Republic,False
72,80,Round of 32,England,Ivory Coast,4,1,England,Ivory Coast,False
72,81,Round of 32,Belgium,Mexico,0,1,Mexico,Belgium,False
72,82,Round of 32,United States,Austria,1,3,Austria,United States,False
72,83,Round of 32,Portugal,Croatia,1,0,Portugal,Croatia,False
72,84,Round of 32,Spain,Algeria,3,0,Spain,Algeria,False
72,85,Round of 32,Canada,Iran,2,0,Canada,Iran,False
72,86,Round of 32,Paraguay,Egypt,1,1,Egypt,Paraguay,True
72,87,Round of 32,Argentina,Uruguay,1,2,Uruguay,Argentina,False
72,88,Round of 32,Colombia,Panama,3,1,Colombia,Panama,False
72,89,Round of 16,South Korea,Ecuador,0,0,Ecuador,South Korea,True
72,90,Round of 16,Morocco,Norway,2,1,Morocco,Norway,False
72,91,Round of 16,Japan,France,1,1,France,Japan,True
72,92,Round of 16,Brazil,England,3,2,Brazil,England,False
72,93,Round of 16,Portugal,Spain,2,1,Portugal,Spain,False
72,94,Round of 16,Mexico,Austria,1,0,Mexico,Austria,False
72,95,Round of 16,Egypt,Colombia,0,1,Colombia,Egypt,False
72,96,Round of 16,Canada,Uruguay,1,1,Canada,Uruguay,True
72,97,Quarter-final,Ecuador,Morocco,0,1,Morocco,Ecuador,False
72,98,Quarter-final,Portugal,Mexico,1,2,Mexico,Portugal,False
72,99,Quarter-final,France,Brazil,1,1,France,Brazil,True
72,100,Quarter-final,Colombia,Canada,0,0,Colombia,Canada,True
72,101,Semi-final,Morocco,Mexico,0,1,Mexico,Morocco,False
72,102,Semi-final,France,Colombia,1,0,France,Colombia,False
72,103,Third-place playoff,Morocco,Colombia,0,0,Colombia,Morocco,True
72,104,Final,Mexico,France,2,3,France,Mexico,False
73,73,Round of 32,Mexico,Switzerland,0,2,Switzerland,Mexico,False
73,74,Round of 32,Haiti,Tunisia,1,3,Tunisia,Haiti,False
73,75,Round of 32,Germany,Morocco,1,0,Germany,Morocco,False
73,76,Round of 32,Netherlands,Brazil,0,1,Brazil,Netherlands,False
73,77,Round of 32,Ecuador,France,1,0,Ecuador,France,False
73,78,Round of 32,Senegal,Belgium,2,5,Belgium,Senegal,False
73,79,Round of 32,South Korea,Iraq,1,0,South Korea,Iraq,False
73,80,Round of 32,Panama,Portugal,2,0,Panama,Portugal,False
73,81,Round of 32,Iran,Czech Republic,3,0,Iran,Czech Republic,False
73,82,Round of 32,Paraguay,Qatar,1,0,Paraguay,Qatar,False
73,83,Round of 32,DR Congo,England,1,0,DR Congo,England,False
73,84,Round of 32,Spain,Algeria,1,1,Algeria,Spain,True
73,85,Round of 32,Canada,Jordan,0,1,Jordan,Canada,False
73,86,Round of 32,Turkey,Egypt,1,0,Turkey,Egypt,False
73,87,Round of 32,Argentina,Uruguay,1,2,Uruguay,Argentina,False
73,88,Round of 32,Colombia,Croatia,3,2,Colombia,Croatia,False
73,89,Round of 16,Switzerland,Germany,1,1,Germany,Switzerland,True
73,90,Round of 16,Tunisia,Ecuador,1,1,Ecuador,Tunisia,True
73,91,Round of 16,Brazil,Belgium,1,1,Brazil,Belgium,True
73,92,Round of 16,South Korea,Panama,0,1,Panama,South Korea,False
73,93,Round of 16,DR Congo,Algeria,2,0,DR Congo,Algeria,False
73,94,Round of 16,Iran,Paraguay,0,6,Paraguay,Iran,False
73,95,Round of 16,Turkey,Colombia,3,3,Turkey,Colombia,True
73,96,Round of 16,Jordan,Uruguay,0,3,Uruguay,Jordan,False
73,97,Quarter-final,Germany,Ecuador,1,3,Ecuador,Germany,False
73,98,Quarter-final,DR Congo,Paraguay,1,1,DR Congo,Paraguay,True
73,99,Quarter-final,Brazil,Panama,1,1,Brazil,Panama,True
73,100,Quarter-final,Turkey,Uruguay,0,0,Turkey,Uruguay,True
73,101,Semi-final,Ecuador,DR Congo,2,2,DR Congo,Ecuador,True
73,102,Semi-final,Brazil,Turkey,1,0,Brazil,Turkey,False
73,103,Third-place playoff,Ecuador,Turkey,1,2,Turkey,Ecuador,False
73,104,Final,DR Congo,Brazil,0,0,Brazil,DR Congo,True
74,73,Round of 32,South Korea,Switzerland,1,0,South Korea,Switzerland,False
74,74,Round of 32,Brazil,Sweden,2,0,Brazil,Sweden,False
74,75,Round of 32,Germany,Morocco,4,0,Germany,Morocco,False
74,76,Round of 32,Netherlands,Haiti,2,0,Netherlands,Haiti,False
74,77,Round of 32,Curaçao,Iraq,3,2,Curaçao,Iraq,False
74,78,Round of 32,France,Japan,1,1,France,Japan,True
74,79,Round of 32,Mexico,Ivory Coast,2,1,Mexico,Ivory Coast,False
74,80,Round of 32,England,Uzbekistan,4,0,England,Uzbekistan,False
74,81,Round of 32,Belgium,Austria,2,1,Belgium,Austria,False
74,82,Round of 32,Australia,Bosnia and Herzegovina,5,0,Australia,Bosnia and Herzegovina,False
74,83,Round of 32,Portugal,Panama,1,1,Portugal,Panama,True
74,84,Round of 32,Spain,Algeria,1,2,Algeria,Spain,False
74,85,Round of 32,Canada,New Zealand,1,1,New Zealand,Canada,True
74,86,Round of 32,United States,Iran,1,0,United States,Iran,False
74,87,Round of 32,Argentina,Uruguay,1,1,Uruguay,Argentina,True
74,88,Round of 32,Colombia,Norway,4,0,Colombia,Norway,False
74,89,Round of 16,South Korea,Germany,0,1,Germany,South Korea,False
74,90,Round of 16,Brazil,Curaçao,3,1,Brazil,Curaçao,False
74,91,Round of 16,Netherlands,France,0,0,France,Netherlands,True
74,92,Round of 16,Mexico,England,0,5,England,Mexico,False
74,93,Round of 16,Portugal,Algeria,0,0,Portugal,Algeria,True
74,94,Round of 16,Belgium,Australia,0,1,Australia,Belgium,False
74,95,Round of 16,United States,Colombia,3,0,United States,Colombia,False
74,96,Round of 16,New Zealand,Uruguay,0,2,Uruguay,New Zealand,False
74,97,Quarter-final,Germany,Brazil,2,2,Brazil,Germany,True
74,98,Quarter-final,Portugal,Australia,0,2,Australia,Portugal,False
74,99,Quarter-final,France,England,3,1,France,England,False
74,100,Quarter-final,United States,Uruguay,0,0,United States,Uruguay,True
74,101,Semi-final,Brazil,Australia,1,0,Brazil,Australia,False
74,102,Semi-final,France,United States,1,0,France,United States,False
74,103,Third-place playoff,Australia,United States,0,0,Australia,United States,True
74,104,Final,Brazil,France,0,1,France,Brazil,False
75,73,Round of 32,South Africa,Switzerland,0,3,Switzerland,South Africa,False
75,74,Round of 32,Brazil,Netherlands,1,1,Netherlands,Brazil,True
75,75,Round of 32,Ecuador,Scotland,1,2,Scotland,Ecuador,False
75,76,Round of 32,Japan,Morocco,3,3,Japan,Morocco,True
75,77,Round of 32,Germany,Senegal,3,1,Germany,Senegal,False
75,78,Round of 32,France,Turkey,5,1,France,Turkey,False
75,79,Round of 32,Mexico,Curaçao,2,2,Curaçao,Mexico,True
75,80,Round of 32,England,Norway,2,0,England,Norway,False
75,81,Round of 32,Iran,Czech Republic,1,1,Czech Republic,Iran,True
75,82,Round of 32,Australia,Bosnia and Herzegovina,7,1,Australia,Bosnia and Herzegovina,False
75,83,Round of 32,Colombia,Ghana,2,1,Colombia,Ghana,False
75,84,Round of 32,Spain,Algeria,0,1,Algeria,Spain,False
75,85,Round of 32,Canada,Belgium,2,0,Canada,Belgium,False
75,86,Round of 32,United States,Egypt,0,1,Egypt,United States,False
75,87,Round of 32,Argentina,Saudi Arabia,5,1,Argentina,Saudi Arabia,False
75,88,Round of 32,Portugal,Panama,2,0,Portugal,Panama,False
75,89,Round of 16,Switzerland,Scotland,2,1,Switzerland,Scotland,False
75,90,Round of 16,Netherlands,Germany,3,2,Netherlands,Germany,False
75,91,Round of 16,Japan,France,1,3,France,Japan,False
75,92,Round of 16,Curaçao,England,2,4,England,Curaçao,False
75,93,Round of 16,Colombia,Algeria,0,1,Algeria,Colombia,False
75,94,Round of 16,Czech Republic,Australia,0,1,Australia,Czech Republic,False
75,95,Round of 16,Egypt,Portugal,0,1,Portugal,Egypt,False
75,96,Round of 16,Canada,Argentina,0,2,Argentina,Canada,False
75,97,Quarter-final,Switzerland,Netherlands,3,2,Switzerland,Netherlands,False
75,98,Quarter-final,Algeria,Australia,0,1,Australia,Algeria,False
75,99,Quarter-final,France,England,1,0,France,England,False
75,100,Quarter-final,Portugal,Argentina,3,2,Portugal,Argentina,False
75,101,Semi-final,Switzerland,Australia,1,3,Australia,Switzerland,False
75,102,Semi-final,France,Portugal,2,2,France,Portugal,True
75,103,Third-place playoff,Switzerland,Portugal,2,1,Switzerland,Portugal,False
75,104,Final,Australia,France,1,1,France,Australia,True
76,73,Round of 32,South Korea,Switzerland,0,2,Switzerland,South Korea,False
76,74,Round of 32,Brazil,Sweden,0,3,Sweden,Brazil,False
76,75,Round of 32,Germany,Australia,0,0,Australia,Germany,True
76,76,Round of 32,Netherlands,Morocco,0,0,Morocco,Netherlands,True
76,77,Round of 32,Ivory Coast,Norway,3,3,Ivory Coast,Norway,True
76,78,Round of 32,France,Tunisia,1,0,France,Tunisia,False
76,79,Round of 32,Mexico,Haiti,0,1,Haiti,Mexico,False
76,80,Round of 32,England,Portugal,3,3,Portugal,England,True
76,81,Round of 32,New Zealand,Saudi Arabia,2,2,New Zealand,Saudi Arabia,True
76,82,Round of 32,Turkey,Ecuador,1,1,Ecuador,Turkey,True
76,83,Round of 32,DR Congo,Croatia,0,2,Croatia,DR Congo,False
76,84,Round of 32,Uruguay,Austria,2,0,Uruguay,Austria,False
76,85,Round of 32,Canada,Iran,1,1,Canada,Iran,True
76,86,Round of 32,United States,Belgium,1,2,Belgium,United States,False
76,87,Round of 32,Argentina,Spain,3,0,Argentina,Spain,False
76,88,Round of 32,Colombia,Senegal,3,0,Colombia,Senegal,False
76,89,Round of 16,Switzerland,Australia,3,2,Switzerland,Australia,False
76,90,Round of 16,Sweden,Ivory Coast,2,2,Ivory Coast,Sweden,True
76,91,Round of 16,Morocco,France,1,1,Morocco,France,True
76,92,Round of 16,Haiti,Portugal,0,4,Portugal,Haiti,False
76,93,Round of 16,Croatia,Uruguay,1,3,Uruguay,Croatia,False
76,94,Round of 16,New Zealand,Ecuador,3,0,New Zealand,Ecuador,False
76,95,Round of 16,Belgium,Colombia,1,1,Colombia,Belgium,True
76,96,Round of 16,Canada,Argentina,0,1,Argentina,Canada,False
76,97,Quarter-final,Switzerland,Ivory Coast,1,1,Switzerland,Ivory Coast,True
76,98,Quarter-final,Uruguay,New Zealand,1,1,New Zealand,Uruguay,True
76,99,Quarter-final,Morocco,Portugal,2,1,Morocco,Portugal,False
76,100,Quarter-final,Colombia,Argentina,1,0,Colombia,Argentina,False
76,101,Semi-final,Switzerland,New Zealand,2,0,Switzerland,New Zealand,False
76,102,Semi-final,Morocco,Colombia,1,1,Colombia,Morocco,True
76,103,Third-place playoff,New Zealand,Morocco,1,1,Morocco,New Zealand,True
76,104,Final,Switzerland,Colombia,1,1,Colombia,Switzerland,True
77,73,Round of 32,Czech Republic,Switzerland,0,3,Switzerland,Czech Republic,False
77,74,Round of 32,Brazil,Japan,0,2,Japan,Brazil,False
77,75,Round of 32,Ivory Coast,Paraguay,2,1,Ivory Coast,Paraguay,False
77,76,Round of 32,Netherlands,Morocco,0,1,Morocco,Netherlands,False
77,77,Round of 32,Ecuador,Iraq,1,2,Iraq,Ecuador,False
77,78,Round of 32,France,Uruguay,3,3,France,Uruguay,True
77,79,Round of 32,South Korea,Germany,0,0,Germany,South Korea,True
77,80,Round of 32,England,Norway,2,1,England,Norway,False
77,81,Round of 32,Belgium,Mexico,0,2,Mexico,Belgium,False
77,82,Round of 32,United States,Qatar,0,0,Qatar,United States,True
77,83,Round of 32,Colombia,Panama,1,0,Colombia,Panama,False
77,84,Round of 32,Spain,Algeria,3,0,Spain,Algeria,False
77,85,Round of 32,Canada,Jordan,0,0,Canada,Jordan,True
77,86,Round of 32,Turkey,Iran,0,3,Iran,Turkey,False
77,87,Round of 32,Argentina,Saudi Arabia,3,1,Argentina,Saudi Arabia,False
77,88,Round of 32,Portugal,Croatia,1,0,Portugal,Croatia,False
77,89,Round of 16,Switzerland,Ivory Coast,6,0,Switzerland,Ivory Coast,False
77,90,Round of 16,Japan,Iraq,1,2,Iraq,Japan,False
77,91,Round of 16,Morocco,France,2,2,France,Morocco,True
77,92,Round of 16,Germany,England,1,2,England,Germany,False
77,93,Round of 16,Colombia,Spain,0,3,Spain,Colombia,False
77,94,Round of 16,Mexico,Qatar,1,1,Mexico,Qatar,True
77,95,Round of 16,Iran,Portugal,3,2,Iran,Portugal,False
77,96,Round of 16,Canada,Argentina,1,3,Argentina,Canada,False
77,97,Quarter-final,Switzerland,Iraq,0,1,Iraq,Switzerland,False
77,98,Quarter-final,Spain,Mexico,2,2,Spain,Mexico,True
77,99,Quarter-final,France,England,3,5,England,France,False
77,100,Quarter-final,Iran,Argentina,1,0,Iran,Argentina,False
77,101,Semi-final,Iraq,Spain,0,2,Spain,Iraq,False
77,102,Semi-final,England,Iran,2,0,England,Iran,False
77,103,Third-place playoff,Iraq,Iran,2,1,Iraq,Iran,False
77,104,Final,Spain,England,2,1,Spain,England,False
78,73,Round of 32,Mexico,Switzerland,3,3,Switzerland,Mexico,True
78,74,Round of 32,Morocco,Japan,1,1,Morocco,Japan,True
78,75,Round of 32,Germany,Brazil,1,0,Germany,Brazil,False
78,76,Round of 32,Netherlands,Scotland,3,2,Netherlands,Scotland,False
78,77,Round of 32,Ecuador,Senegal,0,1,Senegal,Ecuador,False
78,78,Round of 32,Norway,Paraguay,1,1,Paraguay,Norway,True
78,79,Round of 32,South Korea,Cape Verde,1,1,Cape Verde,South Korea,True
78,80,Round of 32,England,Uzbekistan,5,0,England,Uzbekistan,False
78,81,Round of 32,Iran,Czech Republic,2,3,Czech Republic,Iran,False
78,82,Round of 32,Turkey,Bosnia and Herzegovina,3,0,Turkey,Bosnia and Herzegovina,False
78,83,Round of 32,Portugal,Croatia,3,0,Portugal,Croatia,False
78,84,Round of 32,Spain,Austria,3,1,Spain,Austria,False
78,85,Round of 32,Canada,Tunisia,2,0,Canada,Tunisia,False
78,86,Round of 32,United States,Belgium,2,4,Belgium,United States,False
78,87,Round of 32,Argentina,Uruguay,2,2,Uruguay,Argentina,True
78,88,Round of 32,Colombia,Ghana,1,0,Colombia,Ghana,False
78,89,Round of 16,Switzerland,Germany,1,1,Switzerland,Germany,True
78,90,Round of 16,Morocco,Senegal,1,5,Senegal,Morocco,False
78,91,Round of 16,Netherlands,Paraguay,2,1,Netherlands,Paraguay,False
78,92,Round of 16,Cape Verde,England,1,5,England,Cape Verde,False
78,93,Round of 16,Portugal,Spain,0,0,Spain,Portugal,True
78,94,Round of 16,Czech Republic,Turkey,0,2,Turkey,Czech Republic,False
78,95,Round of 16,Belgium,Colombia,1,2,Colombia,Belgium,False
78,96,Round of 16,Canada,Uruguay,2,2,Uruguay,Canada,True
78,97,Quarter-final,Switzerland,Senegal,4,3,Switzerland,Senegal,False
78,98,Quarter-final,Spain,Turkey,0,2,Turkey,Spain,False
78,99,Quarter-final,Netherlands,England,3,2,Netherlands,England,False
78,100,Quarter-final,Colombia,Uruguay,1,1,Colombia,Uruguay,True
78,101,Semi-final,Switzerland,Turkey,2,2,Turkey,Switzerland,True
78,102,Semi-final,Netherlands,Colombia,2,0,Netherlands,Colombia,False
78,103,Third-place playoff,Switzerland,Colombia,0,2,Colombia,Switzerland,False
78,104,Final,Turkey,Netherlands,2,4,Netherlands,Turkey,False
79,73,Round of 32,Mexico,Switzerland,2,0,Mexico,Switzerland,False
79,74,Round of 32,Brazil,Japan,3,0,Brazil,Japan,False
79,75,Round of 32,Germany,Paraguay,0,0,Paraguay,Germany,True
79,76,Round of 32,Netherlands,Scotland,5,1,Netherlands,Scotland,False
79,77,Round of 32,Curaçao,Norway,1,3,Norway,Curaçao,False
79,78,Round of 32,France,Tunisia,0,1,Tunisia,France,False
79,79,Round of 32,Czech Republic,Ivory Coast,3,0,Czech Republic,Ivory Coast,False
79,80,Round of 32,England,DR Congo,1,3,DR Congo,England,False
79,81,Round of 32,Belgium,South Korea,1,1,South Korea,Belgium,True
79,82,Round of 32,United States,Algeria,2,1,United States,Algeria,False
79,83,Round of 32,Colombia,Croatia,1,1,Colombia,Croatia,True
79,84,Round of 32,Spain,Austria,0,1,Austria,Spain,False
79,85,Round of 32,Canada,Egypt,1,1,Canada,Egypt,True
79,86,Round of 32,Australia,Iran,4,2,Australia,Iran,False
79,87,Round of 32,Argentina,Uruguay,0,2,Uruguay,Argentina,False
79,88,Round of 32,Portugal,Panama,1,0,Portugal,Panama,False
79,89,Round of 16,Mexico,Paraguay,1,2,Paraguay,Mexico,False
79,90,Round of 16,Brazil,Norway,3,1,Brazil,Norway,False
79,91,Round of 16,Netherlands,Tunisia,0,0,Tunisia,Netherlands,True
79,92,Round of 16,Czech Republic,DR Congo,0,1,DR Congo,Czech Republic,False
79,93,Round of 16,Colombia,Austria,2,1,Colombia,Austria,False
79,94,Round of 16,South Korea,United States,1,1,United States,South Korea,True
79,95,Round of 16,Australia,Portugal,0,1,Portugal,Australia,False
79,96,Round of 16,Canada,Uruguay,1,1,Uruguay,Canada,True
79,97,Quarter-final,Paraguay,Brazil,0,1,Brazil,Paraguay,False
79,98,Quarter-final,Colombia,United States,1,2,United States,Colombia,False
79,99,Quarter-final,Tunisia,DR Congo,1,1,DR Congo,Tunisia,True
79,100,Quarter-final,Portugal,Uruguay,0,2,Uruguay,Portugal,False
79,101,Semi-final,Brazil,United States,1,3,United States,Brazil,False
79,102,Semi-final,DR Congo,Uruguay,2,5,Uruguay,DR Congo,False
79,103,Third-place playoff,Brazil,DR Congo,2,0,Brazil,DR Congo,False
79,104,Final,United States,Uruguay,0,3,Uruguay,United States,False
80,73,Round of 32,Mexico,Canada,2,1,Mexico,Canada,False
80,74,Round of 32,Morocco,Sweden,3,3,Sweden,Morocco,True
80,75,Round of 32,Ivory Coast,United States,1,2,United States,Ivory Coast,False
80,76,Round of 32,Netherlands,Brazil,1,1,Netherlands,Brazil,True
80,77,Round of 32,Ecuador,France,2,4,France,Ecuador,False
80,78,Round of 32,Norway,Japan,1,2,Japan,Norway,False
80,79,Round of 32,South Korea,Uruguay,1,2,Uruguay,South Korea,False
80,80,Round of 32,Croatia,Uzbekistan,2,0,Croatia,Uzbekistan,False
80,81,Round of 32,Iran,South Africa,2,1,Iran,South Africa,False
80,82,Round of 32,Turkey,Bosnia and Herzegovina,3,1,Turkey,Bosnia and Herzegovina,False
80,83,Round of 32,Portugal,England,1,1,England,Portugal,True
80,84,Round of 32,Saudi Arabia,Jordan,3,2,Saudi Arabia,Jordan,False
80,85,Round of 32,Switzerland,Egypt,0,1,Egypt,Switzerland,False
80,86,Round of 32,Paraguay,Belgium,1,1,Belgium,Paraguay,True
80,87,Round of 32,Argentina,Spain,2,1,Argentina,Spain,False
80,88,Round of 32,Colombia,Germany,1,1,Germany,Colombia,True
80,89,Round of 16,Mexico,United States,2,1,Mexico,United States,False
80,90,Round of 16,Sweden,France,2,3,France,Sweden,False
80,91,Round of 16,Netherlands,Japan,2,2,Japan,Netherlands,True
80,92,Round of 16,Uruguay,Croatia,0,0,Croatia,Uruguay,True
80,93,Round of 16,England,Saudi Arabia,1,1,England,Saudi Arabia,True
80,94,Round of 16,Iran,Turkey,2,1,Iran,Turkey,False
80,95,Round of 16,Belgium,Germany,3,1,Belgium,Germany,False
80,96,Round of 16,Egypt,Argentina,0,1,Argentina,Egypt,False
80,97,Quarter-final,Mexico,France,3,3,France,Mexico,True
80,98,Quarter-final,England,Iran,1,0,England,Iran,False
80,99,Quarter-final,Japan,Croatia,1,3,Croatia,Japan,False
80,100,Quarter-final,Belgium,Argentina,2,2,Argentina,Belgium,True
80,101,Semi-final,France,England,1,2,England,France,False
80,102,Semi-final,Croatia,Argentina,1,4,Argentina,Croatia,False
80,103,Third-place playoff,France,Croatia,1,1,France,Croatia,True
80,104,Final,England,Argentina,0,0,Argentina,England,True
81,73,Round of 32,South Korea,Switzerland,1,1,South Korea,Switzerland,True
81,74,Round of 32,Scotland,Tunisia,1,1,Scotland,Tunisia,True
81,75,Round of 32,Germany,Haiti,3,1,Germany,Haiti,False
81,76,Round of 32,Netherlands,Brazil,2,3,Brazil,Netherlands,False
81,77,Round of 32,Ecuador,France,0,1,France,Ecuador,False
81,78,Round of 32,Norway,Turkey,0,0,Norway,Turkey,True
81,79,Round of 32,Mexico,Cape Verde,0,0,Cape Verde,Mexico,True
81,80,Round of 32,England,DR Congo,2,0,England,DR Congo,False
81,81,Round of 32,Belgium,Czech Republic,3,0,Belgium,Czech Republic,False
81,82,Round of 32,Australia,Japan,1,1,Australia,Japan,True
81,83,Round of 32,Colombia,Croatia,2,1,Colombia,Croatia,False
81,84,Round of 32,Spain,Austria,1,0,Spain,Austria,False
81,85,Round of 32,Canada,Curaçao,0,2,Curaçao,Canada,False
81,86,Round of 32,United States,Iran,0,1,Iran,United States,False
81,87,Round of 32,Argentina,Uruguay,1,1,Uruguay,Argentina,True
81,88,Round of 32,Portugal,Senegal,1,0,Portugal,Senegal,False
81,89,Round of 16,South Korea,Germany,1,1,South Korea,Germany,True
81,90,Round of 16,Scotland,France,1,3,France,Scotland,False
81,91,Round of 16,Brazil,Norway,0,2,Norway,Brazil,False
81,92,Round of 16,Cape Verde,England,1,2,England,Cape Verde,False
81,93,Round of 16,Colombia,Spain,0,3,Spain,Colombia,False
81,94,Round of 16,Belgium,Australia,4,2,Belgium,Australia,False
81,95,Round of 16,Iran,Portugal,0,5,Portugal,Iran,False
81,96,Round of 16,Curaçao,Uruguay,0,2,Uruguay,Curaçao,False
81,97,Quarter-final,South Korea,France,3,2,South Korea,France,False
81,98,Quarter-final,Spain,Belgium,1,1,Spain,Belgium,True
81,99,Quarter-final,Norway,England,2,0,Norway,England,False
81,100,Quarter-final,Portugal,Uruguay,2,2,Uruguay,Portugal,True
81,101,Semi-final,South Korea,Spain,0,1,Spain,South Korea,False
81,102,Semi-final,Norway,Uruguay,2,1,Norway,Uruguay,False
81,103,Third-place playoff,South Korea,Uruguay,0,4,Uruguay,South Korea,False
81,104,Final,Spain,Norway,3,0,Spain,Norway,False
82,73,Round of 32,Czech Republic,Switzerland,1,2,Switzerland,Czech Republic,False
82,74,Round of 32,Brazil,Japan,2,1,Brazil,Japan,False
82,75,Round of 32,Ecuador,Paraguay,3,2,Ecuador,Paraguay,False
82,76,Round of 32,Netherlands,Morocco,0,3,Morocco,Netherlands,False
82,77,Round of 32,Germany,Norway,1,1,Germany,Norway,True
82,78,Round of 32,France,Tunisia,0,1,Tunisia,France,False
82,79,Round of 32,Mexico,Ivory Coast,1,2,Ivory Coast,Mexico,False
82,80,Round of 32,Ghana,Uzbekistan,3,2,Ghana,Uzbekistan,False
82,81,Round of 32,New Zealand,South Korea,1,0,New Zealand,South Korea,False
82,82,Round of 32,Australia,Qatar,2,0,Australia,Qatar,False
82,83,Round of 32,Colombia,Croatia,2,0,Colombia,Croatia,False
82,84,Round of 32,Spain,Jordan,2,0,Spain,Jordan,False
82,85,Round of 32,Canada,Algeria,1,1,Algeria,Canada,True
82,86,Round of 32,United States,Egypt,1,3,Egypt,United States,False
82,87,Round of 32,Argentina,Uruguay,2,1,Argentina,Uruguay,False
82,88,Round of 32,Portugal,England,5,1,Portugal,England,False
82,89,Round of 16,Switzerland,Ecuador,3,3,Switzerland,Ecuador,True
82,90,Round of 16,Brazil,Germany,5,2,Brazil,Germany,False
82,91,Round of 16,Morocco,Tunisia,1,0,Morocco,Tunisia,False
82,92,Round of 16,Ivory Coast,Ghana,2,0,Ivory Coast,Ghana,False
82,93,Round of 16,Colombia,Spain,1,1,Spain,Colombia,True
82,94,Round of 16,New Zealand,Australia,3,1,New Zealand,Australia,False
82,95,Round of 16,Egypt,Portugal,0,0,Egypt,Portugal,True
82,96,Round of 16,Algeria,Argentina,2,3,Argentina,Algeria,False
82,97,Quarter-final,Switzerland,Brazil,0,4,Brazil,Switzerland,False
82,98,Quarter-final,Spain,New Zealand,2,0,Spain,New Zealand,False
82,99,Quarter-final,Morocco,Ivory Coast,1,1,Morocco,Ivory Coast,True
82,100,Quarter-final,Egypt,Argentina,1,1,Argentina,Egypt,True
82,101,Semi-final,Brazil,Spain,0,0,Spain,Brazil,True
82,102,Semi-final,Morocco,Argentina,1,0,Morocco,Argentina,False
82,103,Third-place playoff,Brazil,Argentina,1,0,Brazil,Argentina,False
82,104,Final,Spain,Morocco,3,0,Spain,Morocco,False
83,73,Round of 32,Mexico,Canada,0,2,Canada,Mexico,False
83,74,Round of 32,Brazil,Japan,0,1,Japan,Brazil,False
83,75,Round of 32,Ivory Coast,Paraguay,1,1,Paraguay,Ivory Coast,True
83,76,Round of 32,Netherlands,Morocco,0,1,Morocco,Netherlands,False
83,77,Round of 32,Ecuador,Iraq,3,0,Ecuador,Iraq,False
83,78,Round of 32,Norway,Tunisia,0,0,Tunisia,Norway,True
83,79,Round of 32,South Korea,Scotland,0,1,Scotland,South Korea,False
83,80,Round of 32,Croatia,France,3,4,France,Croatia,False
83,81,Round of 32,Egypt,Cape Verde,3,0,Egypt,Cape Verde,False
83,82,Round of 32,Turkey,Germany,4,1,Turkey,Germany,False
83,83,Round of 32,Colombia,England,1,2,England,Colombia,False
83,84,Round of 32,Saudi Arabia,Argentina,1,3,Argentina,Saudi Arabia,False
83,85,Round of 32,Switzerland,Iran,0,2,Iran,Switzerland,False
83,86,Round of 32,United States,Belgium,0,3,Belgium,United States,False
83,87,Round of 32,Algeria,Spain,1,1,Spain,Algeria,True
83,88,Round of 32,Portugal,Panama,2,2,Panama,Portugal,True
83,89,Round of 16,Canada,Paraguay,1,0,Canada,Paraguay,False
83,90,Round of 16,Japan,Ecuador,1,0,Japan,Ecuador,False
83,91,Round of 16,Morocco,Tunisia,2,2,Tunisia,Morocco,True
83,92,Round of 16,Scotland,France,0,3,France,Scotland,False
83,93,Round of 16,England,Argentina,1,1,Argentina,England,True
83,94,Round of 16,Egypt,Turkey,0,2,Turkey,Egypt,False
83,95,Round of 16,Belgium,Panama,4,3,Belgium,Panama,False
83,96,Round of 16,Iran,Spain,2,1,Iran,Spain,False
83,97,Quarter-final,Canada,Japan,3,3,Japan,Canada,True
83,98,Quarter-final,Argentina,Turkey,2,0,Argentina,Turkey,False
83,99,Quarter-final,Tunisia,France,0,4,France,Tunisia,False
83,100,Quarter-final,Belgium,Iran,0,2,Iran,Belgium,False
83,101,Semi-final,Japan,Argentina,0,2,Argentina,Japan,False
83,102,Semi-final,France,Iran,1,0,France,Iran,False
83,103,Third-place playoff,Japan,Iran,0,2,Iran,Japan,False
83,104,Final,Argentina,France,1,0,Argentina,France,False
84,73,Round of 32,Mexico,Canada,1,0,Mexico,Canada,False
84,74,Round of 32,Brazil,Japan,1,0,Brazil,Japan,False
84,75,Round of 32,Ivory Coast,Morocco,2,2,Morocco,Ivory Coast,True
84,76,Round of 32,Netherlands,Haiti,2,0,Netherlands,Haiti,False
84,77,Round of 32,Germany,Norway,3,2,Germany,Norway,False
84,78,Round of 32,France,Sweden,5,0,France,Sweden,False
84,79,Round of 32,South Korea,Saudi Arabia,2,1,South Korea,Saudi Arabia,False
84,80,Round of 32,England,Uzbekistan,1,1,England,Uzbekistan,True
84,81,Round of 32,Belgium,Czech Republic,1,1,Belgium,Czech Republic,True
84,82,Round of 32,Turkey,Bosnia and Herzegovina,2,1,Turkey,Bosnia and Herzegovina,False
84,83,Round of 32,Portugal,Croatia,1,3,Croatia,Portugal,False
84,84,Round of 32,Spain,Jordan,2,0,Spain,Jordan,False
84,85,Round of 32,Switzerland,Ecuador,0,3,Ecuador,Switzerland,False
84,86,Round of 32,Australia,Iran,0,2,Iran,Australia,False
84,87,Round of 32,Argentina,Uruguay,2,2,Uruguay,Argentina,True
84,88,Round of 32,Colombia,Paraguay,2,1,Colombia,Paraguay,False
84,89,Round of 16,Mexico,Morocco,0,5,Morocco,Mexico,False
84,90,Round of 16,Brazil,Germany,1,0,Brazil,Germany,False
84,91,Round of 16,Netherlands,France,0,1,France,Netherlands,False
84,92,Round of 16,South Korea,England,1,0,South Korea,England,False
84,93,Round of 16,Croatia,Spain,1,5,Spain,Croatia,False
84,94,Round of 16,Belgium,Turkey,0,1,Turkey,Belgium,False
84,95,Round of 16,Iran,Colombia,1,2,Colombia,Iran,False
84,96,Round of 16,Ecuador,Uruguay,1,0,Ecuador,Uruguay,False
84,97,Quarter-final,Morocco,Brazil,0,2,Brazil,Morocco,False
84,98,Quarter-final,Spain,Turkey,2,1,Spain,Turkey,False
84,99,Quarter-final,France,South Korea,0,3,South Korea,France,False
84,100,Quarter-final,Colombia,Ecuador,1,3,Ecuador,Colombia,False
84,101,Semi-final,Brazil,Spain,0,2,Spain,Brazil,False
84,102,Semi-final,South Korea,Ecuador,0,0,South Korea,Ecuador,True
84,103,Third-place playoff,Brazil,Ecuador,1,1,Brazil,Ecuador,True
84,104,Final,Spain,South Korea,1,2,South Korea,Spain,False
85,73,Round of 32,Czech Republic,Switzerland,1,1,Czech Republic,Switzerland,True
85,74,Round of 32,Brazil,Japan,1,1,Japan,Brazil,True
85,75,Round of 32,Germany,Australia,2,0,Germany,Australia,False
85,76,Round of 32,Netherlands,Scotland,3,2,Netherlands,Scotland,False
85,77,Round of 32,Ecuador,Norway,2,0,Ecuador,Norway,False
85,78,Round of 32,Iraq,Tunisia,4,0,Iraq,Tunisia,False
85,79,Round of 32,Mexico,Morocco,1,4,Morocco,Mexico,False
85,80,Round of 32,England,France,2,1,England,France,False
85,81,Round of 32,Belgium,Algeria,3,0,Belgium,Algeria,False
85,82,Round of 32,Paraguay,Curaçao,2,0,Paraguay,Curaçao,False
85,83,Round of 32,Portugal,Croatia,0,2,Croatia,Portugal,False
85,84,Round of 32,Spain,Austria,6,0,Spain,Austria,False
85,85,Round of 32,Canada,Iran,1,0,Canada,Iran,False
85,86,Round of 32,Turkey,New Zealand,0,1,New Zealand,Turkey,False
85,87,Round of 32,Argentina,Uruguay,1,0,Argentina,Uruguay,False
85,88,Round of 32,Colombia,Ghana,6,0,Colombia,Ghana,False
85,89,Round of 16,Czech Republic,Germany,0,3,Germany,Czech Republic,False
85,90,Round of 16,Japan,Ecuador,4,0,Japan,Ecuador,False
85,91,Round of 16,Netherlands,Iraq,0,0,Iraq,Netherlands,True
85,92,Round of 16,Morocco,England,2,1,Morocco,England,False
85,93,Round of 16,Croatia,Spain,1,5,Spain,Croatia,False
85,94,Round of 16,Belgium,Paraguay,0,1,Paraguay,Belgium,False
85,95,Round of 16,New Zealand,Colombia,0,2,Colombia,New Zealand,False
85,96,Round of 16,Canada,Argentina,0,2,Argentina,Canada,False
85,97,Quarter-final,Germany,Japan,0,2,Japan,Germany,False
85,98,Quarter-final,Spain,Paraguay,3,0,Spain,Paraguay,False
85,99,Quarter-final,Iraq,Morocco,0,1,Morocco,Iraq,False
85,100,Quarter-final,Colombia,Argentina,0,1,Argentina,Colombia,False
85,101,Semi-final,Japan,Spain,3,1,Japan,Spain,False
85,102,Semi-final,Morocco,Argentina,0,0,Morocco,Argentina,True
85,103,Third-place playoff,Spain,Argentina,2,1,Spain,Argentina,False
85,104,Final,Japan,Morocco,2,0,Japan,Morocco,False
86,73,Round of 32,South Korea,Bosnia and Herzegovina,1,2,Bosnia and Herzegovina,South Korea,False
86,74,Round of 32,Brazil,Tunisia,2,0,Brazil,Tunisia,False
86,75,Round of 32,Ecuador,Paraguay,3,0,Ecuador,Paraguay,False
86,76,Round of 32,Japan,Morocco,1,2,Morocco,Japan,False
86,77,Round of 32,Germany,Norway,1,0,Germany,Norway,False
86,78,Round of 32,France,Netherlands,2,0,France,Netherlands,False
86,79,Round of 32,Mexico,Scotland,2,2,Mexico,Scotland,True
86,80,Round of 32,England,Uzbekistan,1,2,Uzbekistan,England,False
86,81,Round of 32,Egypt,Ivory Coast,1,1,Ivory Coast,Egypt,True
86,82,Round of 32,Australia,Canada,1,2,Canada,Australia,False
86,83,Round of 32,Portugal,Croatia,2,2,Portugal,Croatia,True
86,84,Round of 32,Spain,Austria,1,0,Spain,Austria,False
86,85,Round of 32,Switzerland,New Zealand,2,1,Switzerland,New Zealand,False
86,86,Round of 32,United States,Belgium,0,2,Belgium,United States,False
86,87,Round of 32,Argentina,Uruguay,3,1,Argentina,Uruguay,False
86,88,Round of 32,Colombia,Senegal,3,0,Colombia,Senegal,False
86,89,Round of 16,Bosnia and Herzegovina,Ecuador,0,3,Ecuador,Bosnia and Herzegovina,False
86,90,Round of 16,Brazil,Germany,1,2,Germany,Brazil,False
86,91,Round of 16,Morocco,France,1,2,France,Morocco,False
86,92,Round of 16,Mexico,Uzbekistan,0,0,Uzbekistan,Mexico,True
86,93,Round of 16,Portugal,Spain,4,4,Spain,Portugal,True
86,94,Round of 16,Ivory Coast,Canada,1,2,Canada,Ivory Coast,False
86,95,Round of 16,Belgium,Colombia,1,2,Colombia,Belgium,False
86,96,Round of 16,Switzerland,Argentina,1,0,Switzerland,Argentina,False
86,97,Quarter-final,Ecuador,Germany,1,0,Ecuador,Germany,False
86,98,Quarter-final,Spain,Canada,0,0,Spain,Canada,True
86,99,Quarter-final,France,Uzbekistan,4,1,France,Uzbekistan,False
86,100,Quarter-final,Colombia,Switzerland,1,4,Switzerland,Colombia,False
86,101,Semi-final,Ecuador,Spain,1,1,Spain,Ecuador,True
86,102,Semi-final,France,Switzerland,2,1,France,Switzerland,False
86,103,Third-place playoff,Ecuador,Switzerland,0,1,Switzerland,Ecuador,False
86,104,Final,Spain,France,1,2,France,Spain,False
87,73,Round of 32,Mexico,Switzerland,2,1,Mexico,Switzerland,False
87,74,Round of 32,Morocco,Sweden,0,1,Sweden,Morocco,False
87,75,Round of 32,Germany,Paraguay,2,2,Paraguay,Germany,True
87,76,Round of 32,Netherlands,Brazil,0,0,Netherlands,Brazil,True
87,77,Round of 32,Curaçao,Norway,1,4,Norway,Curaçao,False
87,78,Round of 32,France,Tunisia,3,1,France,Tunisia,False
87,79,Round of 32,South Korea,Iraq,0,0,Iraq,South Korea,True
87,80,Round of 32,England,Colombia,3,0,England,Colombia,False
87,81,Round of 32,Belgium,Czech Republic,1,3,Czech Republic,Belgium,False
87,82,Round of 32,Australia,Bosnia and Herzegovina,1,1,Bosnia and Herzegovina,Australia,True
87,83,Round of 32,Uzbekistan,Panama,1,0,Uzbekistan,Panama,False
87,84,Round of 32,Spain,Algeria,6,0,Spain,Algeria,False
87,85,Round of 32,Canada,Austria,1,1,Austria,Canada,True
87,86,Round of 32,United States,Iran,2,0,United States,Iran,False
87,87,Round of 32,Argentina,Uruguay,1,0,Argentina,Uruguay,False
87,88,Round of 32,Portugal,Ghana,3,1,Portugal,Ghana,False
87,89,Round of 16,Mexico,Paraguay,2,1,Mexico,Paraguay,False
87,90,Round of 16,Sweden,Norway,0,5,Norway,Sweden,False
87,91,Round of 16,Netherlands,France,2,2,France,Netherlands,True
87,92,Round of 16,Iraq,England,0,2,England,Iraq,False
87,93,Round of 16,Uzbekistan,Spain,0,2,Spain,Uzbekistan,False
87,94,Round of 16,Czech Republic,Bosnia and Herzegovina,3,2,Czech Republic,Bosnia and Herzegovina,False
87,95,Round of 16,United States,Portugal,0,0,Portugal,United States,True
87,96,Round of 16,Austria,Argentina,1,1,Austria,Argentina,True
87,97,Quarter-final,Mexico,Norway,2,1,Mexico,Norway,False
87,98,Quarter-final,Spain,Czech Republic,5,0,Spain,Czech Republic,False
87,99,Quarter-final,France,England,5,3,France,England,False
87,100,Quarter-final,Portugal,Austria,2,0,Portugal,Austria,False
87,101,Semi-final,Mexico,Spain,1,1,Spain,Mexico,True
87,102,Semi-final,France,Portugal,2,2,France,Portugal,True
87,103,Third-place playoff,Mexico,Portugal,1,1,Portugal,Mexico,True
87,104,Final,Spain,France,1,0,Spain,France,False
88,73,Round of 32,South Korea,Canada,1,0,South Korea,Canada,False
88,74,Round of 32,Morocco,Sweden,0,3,Sweden,Morocco,False
88,75,Round of 32,Germany,Australia,5,2,Germany,Australia,False
88,76,Round of 32,Netherlands,Scotland,1,1,Netherlands,Scotland,True
88,77,Round of 32,Ivory Coast,France,0,1,France,Ivory Coast,False
88,78,Round of 32,Senegal,Uruguay,0,4,Uruguay,Senegal,False
88,79,Round of 32,Mexico,Ecuador,1,4,Ecuador,Mexico,False
88,80,Round of 32,Croatia,Norway,5,0,Croatia,Norway,False
88,81,Round of 32,Belgium,Czech Republic,2,0,Belgium,Czech Republic,False
88,82,Round of 32,Turkey,Algeria,0,1,Algeria,Turkey,False
88,83,Round of 32,Colombia,Panama,1,0,Colombia,Panama,False
88,84,Round of 32,Spain,Argentina,0,2,Argentina,Spain,False
88,85,Round of 32,Switzerland,Egypt,0,0,Egypt,Switzerland,True
88,86,Round of 32,Paraguay,Iran,2,2,Paraguay,Iran,True
88,87,Round of 32,Austria,Saudi Arabia,1,1,Saudi Arabia,Austria,True
88,88,Round of 32,Portugal,England,0,2,England,Portugal,False
88,89,Round of 16,South Korea,Germany,2,2,South Korea,Germany,True
88,90,Round of 16,Sweden,France,3,2,Sweden,France,False
88,91,Round of 16,Netherlands,Uruguay,0,1,Uruguay,Netherlands,False
88,92,Round of 16,Ecuador,Croatia,0,0,Croatia,Ecuador,True
88,93,Round of 16,Colombia,Argentina,1,1,Argentina,Colombia,True
88,94,Round of 16,Belgium,Algeria,1,2,Algeria,Belgium,False
88,95,Round of 16,Paraguay,England,2,3,England,Paraguay,False
88,96,Round of 16,Egypt,Saudi Arabia,0,5,Saudi Arabia,Egypt,False
88,97,Quarter-final,South Korea,Sweden,1,0,South Korea,Sweden,False
88,98,Quarter-final,Argentina,Algeria,2,1,Argentina,Algeria,False
88,99,Quarter-final,Uruguay,Croatia,1,1,Croatia,Uruguay,True
88,100,Quarter-final,England,Saudi Arabia,2,2,England,Saudi Arabia,True
88,101,Semi-final,South Korea,Argentina,2,3,Argentina,South Korea,False
88,102,Semi-final,Croatia,England,1,4,England,Croatia,False
88,103,Third-place playoff,South Korea,Croatia,1,1,Croatia,South Korea,True
88,104,Final,Argentina,England,3,2,Argentina,England,False
89,73,Round of 32,South Korea,Switzerland,3,1,South Korea,Switzerland,False
89,74,Round of 32,Brazil,Sweden,1,2,Sweden,Brazil,False
89,75,Round of 32,Germany,Turkey,4,0,Germany,Turkey,False
89,76,Round of 32,Netherlands,Scotland,1,1,Scotland,Netherlands,True
89,77,Round of 32,Ivory Coast,Iraq,2,0,Ivory Coast,Iraq,False
89,78,Round of 32,France,Japan,1,0,France,Japan,False
89,79,Round of 32,Mexico,Morocco,1,1,Mexico,Morocco,True
89,80,Round of 32,England,Norway,1,2,Norway,England,False
89,81,Round of 32,Belgium,Cape Verde,1,3,Cape Verde,Belgium,False
89,82,Round of 32,United States,Qatar,2,2,United States,Qatar,True
89,83,Round of 32,Uzbekistan,Croatia,0,2,Croatia,Uzbekistan,False
89,84,Round of 32,Spain,Austria,1,0,Spain,Austria,False
89,85,Round of 32,Canada,Egypt,1,1,Egypt,Canada,True
89,86,Round of 32,Australia,Iran,1,0,Australia,Iran,False
89,87,Round of 32,Argentina,Uruguay,1,1,Argentina,Uruguay,True
89,88,Round of 32,Colombia,Ghana,2,0,Colombia,Ghana,False
89,89,Round of 16,South Korea,Germany,1,1,Germany,South Korea,True
89,90,Round of 16,Sweden,Ivory Coast,4,1,Sweden,Ivory Coast,False
89,91,Round of 16,Scotland,France,1,6,France,Scotland,False
89,92,Round of 16,Mexico,Norway,1,1,Norway,Mexico,True
89,93,Round of 16,Croatia,Spain,1,3,Spain,Croatia,False
89,94,Round of 16,Cape Verde,United States,1,2,United States,Cape Verde,False
89,95,Round of 16,Australia,Colombia,0,0,Colombia,Australia,True
89,96,Round of 16,Egypt,Argentina,0,5,Argentina,Egypt,False
89,97,Quarter-final,Germany,Sweden,2,0,Germany,Sweden,False
89,98,Quarter-final,Spain,United States,2,1,Spain,United States,False
89,99,Quarter-final,France,Norway,2,1,France,Norway,False
89,100,Quarter-final,Colombia,Argentina,2,2,Colombia,Argentina,True
89,101,Semi-final,Germany,Spain,1,1,Spain,Germany,True
89,102,Semi-final,France,Colombia,1,1,Colombia,France,True
89,103,Third-place playoff,Germany,France,0,4,France,Germany,False
89,104,Final,Spain,Colombia,1,2,Colombia,Spain,False
90,73,Round of 32,South Korea,Switzerland,1,3,Switzerland,South Korea,False
90,74,Round of 32,Morocco,Sweden,1,0,Morocco,Sweden,False
90,75,Round of 32,Germany,Turkey,0,1,Turkey,Germany,False
90,76,Round of 32,Netherlands,Haiti,4,0,Netherlands,Haiti,False
90,77,Round of 32,Curaçao,Norway,0,1,Norway,Curaçao,False
90,78,Round of 32,France,Japan,2,2,France,Japan,True
90,79,Round of 32,Mexico,Brazil,0,1,Brazil,Mexico,False
90,80,Round of 32,England,Iraq,1,1,England,Iraq,True
90,81,Round of 32,Iran,Saudi Arabia,3,1,Iran,Saudi Arabia,False
90,82,Round of 32,Paraguay,Qatar,1,0,Paraguay,Qatar,False
90,83,Round of 32,Uzbekistan,Croatia,1,1,Croatia,Uzbekistan,True
90,84,Round of 32,Uruguay,Algeria,1,0,Uruguay,Algeria,False
90,85,Round of 32,Canada,Belgium,2,0,Canada,Belgium,False
90,86,Round of 32,United States,Egypt,3,1,United States,Egypt,False
90,87,Round of 32,Argentina,Spain,0,3,Spain,Argentina,False
90,88,Round of 32,Portugal,Ivory Coast,0,1,Ivory Coast,Portugal,False
90,89,Round of 16,Switzerland,Turkey,1,1,Turkey,Switzerland,True
90,90,Round of 16,Morocco,Norway,3,1,Morocco,Norway,False
90,91,Round of 16,Netherlands,France,1,4,France,Netherlands,False
90,92,Round of 16,Brazil,England,1,2,England,Brazil,False
90,93,Round of 16,Croatia,Uruguay,0,3,Uruguay,Croatia,False
90,94,Round of 16,Iran,Paraguay,2,1,Iran,Paraguay,False
90,95,Round of 16,United States,Ivory Coast,1,1,United States,Ivory Coast,True
90,96,Round of 16,Canada,Spain,0,2,Spain,Canada,False
90,97,Quarter-final,Turkey,Morocco,1,3,Morocco,Turkey,False
90,98,Quarter-final,Uruguay,Iran,2,0,Uruguay,Iran,False
90,99,Quarter-final,France,England,1,1,England,France,True
90,100,Quarter-final,United States,Spain,0,2,Spain,United States,False
90,101,Semi-final,Morocco,Uruguay,1,2,Uruguay,Morocco,False
90,102,Semi-final,England,Spain,1,0,England,Spain,False
90,103,Third-place playoff,Morocco,Spain,2,3,Spain,Morocco,False
90,104,Final,Uruguay,England,0,1,England,Uruguay,False
91,73,Round of 32,South Africa,Canada,0,1,Canada,South Africa,False
91,74,Round of 32,Brazil,Netherlands,2,0,Brazil,Netherlands,False
91,75,Round of 32,Germany,Scotland,5,1,Germany,Scotland,False
91,76,Round of 32,Japan,Morocco,3,1,Japan,Morocco,False
91,77,Round of 32,Ecuador,Norway,3,0,Ecuador,Norway,False
91,78,Round of 32,France,Sweden,1,1,France,Sweden,True
91,79,Round of 32,Mexico,Ivory Coast,4,1,Mexico,Ivory Coast,False
91,80,Round of 32,England,DR Congo,4,0,England,DR Congo,False
91,81,Round of 32,Iran,Czech Republic,2,1,Iran,Czech Republic,False
91,82,Round of 32,Turkey,Bosnia and Herzegovina,3,0,Turkey,Bosnia and Herzegovina,False
91,83,Round of 32,Uzbekistan,Panama,1,0,Uzbekistan,Panama,False
91,84,Round of 32,Spain,Austria,1,2,Austria,Spain,False
91,85,Round of 32,Switzerland,New Zealand,2,0,Switzerland,New Zealand,False
91,86,Round of 32,United States,Belgium,1,0,United States,Belgium,False
91,87,Round of 32,Argentina,Uruguay,1,1,Argentina,Uruguay,True
91,88,Round of 32,Colombia,Algeria,2,0,Colombia,Algeria,False
91,89,Round of 16,Canada,Germany,0,2,Germany,Canada,False
91,90,Round of 16,Brazil,Ecuador,0,2,Ecuador,Brazil,False
91,91,Round of 16,Japan,France,0,1,France,Japan,False
91,92,Round of 16,Mexico,England,0,2,England,Mexico,False
91,93,Round of 16,Uzbekistan,Austria,1,1,Uzbekistan,Austria,True
91,94,Round of 16,Iran,Turkey,1,1,Turkey,Iran,True
91,95,Round of 16,United States,Colombia,0,1,Colombia,United States,False
91,96,Round of 16,Switzerland,Argentina,0,4,Argentina,Switzerland,False
91,97,Quarter-final,Germany,Ecuador,1,2,Ecuador,Germany,False
91,98,Quarter-final,Uzbekistan,Turkey,2,2,Uzbekistan,Turkey,True
91,99,Quarter-final,France,England,0,0,England,France,True
91,100,Quarter-final,Colombia,Argentina,0,1,Argentina,Colombia,False
91,101,Semi-final,Ecuador,Uzbekistan,1,1,Uzbekistan,Ecuador,True
91,102,Semi-final,England,Argentina,1,0,England,Argentina,False
91,103,Third-place playoff,Ecuador,Argentina,0,1,Argentina,Ecuador,False
91,104,Final,Uzbekistan,England,1,5,England,Uzbekistan,False
92,73,Round of 32,Czech Republic,Switzerland,1,4,Switzerland,Czech Republic,False
92,74,Round of 32,Brazil,Japan,3,0,Brazil,Japan,False
92,75,Round of 32,Ivory Coast,Morocco,1,2,Morocco,Ivory Coast,False
92,76,Round of 32,Netherlands,Haiti,1,0,Netherlands,Haiti,False
92,77,Round of 32,Germany,Norway,0,0,Norway,Germany,True
92,78,Round of 32,France,Paraguay,5,0,France,Paraguay,False
92,79,Round of 32,Mexico,Saudi Arabia,4,1,Mexico,Saudi Arabia,False
92,80,Round of 32,England,Curaçao,4,0,England,Curaçao,False
92,81,Round of 32,Belgium,South Korea,2,1,Belgium,South Korea,False
92,82,Round of 32,Australia,Algeria,0,0,Algeria,Australia,True
92,83,Round of 32,Colombia,Panama,3,0,Colombia,Panama,False
92,84,Round of 32,Spain,Austria,2,2,Austria,Spain,True
92,85,Round of 32,Canada,New Zealand,3,2,Canada,New Zealand,False
92,86,Round of 32,Turkey,Iran,2,2,Iran,Turkey,True
92,87,Round of 32,Argentina,Uruguay,1,1,Uruguay,Argentina,True
92,88,Round of 32,Portugal,Croatia,2,0,Portugal,Croatia,False
92,89,Round of 16,Switzerland,Morocco,0,0,Morocco,Switzerland,True
92,90,Round of 16,Brazil,Norway,1,4,Norway,Brazil,False
92,91,Round of 16,Netherlands,France,2,1,Netherlands,France,False
92,92,Round of 16,Mexico,England,0,2,England,Mexico,False
92,93,Round of 16,Colombia,Austria,4,1,Colombia,Austria,False
92,94,Round of 16,Belgium,Algeria,2,0,Belgium,Algeria,False
92,95,Round of 16,Iran,Portugal,0,2,Portugal,Iran,False
92,96,Round of 16,Canada,Uruguay,0,1,Uruguay,Canada,False
92,97,Quarter-final,Morocco,Norway,1,1,Morocco,Norway,True
92,98,Quarter-final,Colombia,Belgium,1,1,Belgium,Colombia,True
92,99,Quarter-final,Netherlands,England,0,2,England,Netherlands,False
92,100,Quarter-final,Portugal,Uruguay,0,0,Uruguay,Portugal,True
92,101,Semi-final,Morocco,Belgium,1,0,Morocco,Belgium,False
92,102,Semi-final,England,Uruguay,0,2,Uruguay,England,False
92,103,Third-place playoff,Belgium,England,0,5,England,Belgium,False
92,104,Final,Morocco,Uruguay,0,1,Uruguay,Morocco,False
93,73,Round of 32,Czech Republic,Switzerland,1,1,Switzerland,Czech Republic,True
93,74,Round of 32,Morocco,Netherlands,0,2,Netherlands,Morocco,False
93,75,Round of 32,Ecuador,Brazil,2,0,Ecuador,Brazil,False
93,76,Round of 32,Japan,Scotland,2,0,Japan,Scotland,False
93,77,Round of 32,Germany,Senegal,0,2,Senegal,Germany,False
93,78,Round of 32,France,Paraguay,2,0,France,Paraguay,False
93,79,Round of 32,South Korea,Saudi Arabia,3,0,South Korea,Saudi Arabia,False
93,80,Round of 32,Panama,Norway,2,1,Panama,Norway,False
93,81,Round of 32,Iran,South Africa,3,0,Iran,South Africa,False
93,82,Round of 32,Australia,Jordan,1,1,Jordan,Australia,True
93,83,Round of 32,DR Congo,Croatia,0,3,Croatia,DR Congo,False
93,84,Round of 32,Uruguay,Austria,0,0,Uruguay,Austria,True
93,85,Round of 32,Canada,Belgium,1,1,Canada,Belgium,True
93,86,Round of 32,Turkey,Egypt,2,0,Turkey,Egypt,False
93,87,Round of 32,Algeria,Spain,0,2,Spain,Algeria,False
93,88,Round of 32,Portugal,Ghana,0,1,Ghana,Portugal,False
93,89,Round of 16,Switzerland,Ecuador,1,2,Ecuador,Switzerland,False
93,90,Round of 16,Netherlands,Senegal,0,0,Senegal,Netherlands,True
93,91,Round of 16,Japan,France,0,2,France,Japan,False
93,92,Round of 16,South Korea,Panama,1,1,South Korea,Panama,True
93,93,Round of 16,Croatia,Uruguay,3,0,Croatia,Uruguay,False
93,94,Round of 16,Iran,Jordan,1,4,Jordan,Iran,False
93,95,Round of 16,Turkey,Ghana,2,1,Turkey,Ghana,False
93,96,Round of 16,Canada,Spain,1,1,Canada,Spain,True
93,97,Quarter-final,Ecuador,Senegal,1,0,Ecuador,Senegal,False
93,98,Quarter-final,Croatia,Jordan,1,1,Jordan,Croatia,True
93,99,Quarter-final,France,South Korea,3,1,France,South Korea,False
93,100,Quarter-final,Turkey,Canada,1,3,Canada,Turkey,False
93,101,Semi-final,Ecuador,Jordan,1,1,Ecuador,Jordan,True
93,102,Semi-final,France,Canada,2,0,France,Canada,False
93,103,Third-place playoff,Jordan,Canada,0,1,Canada,Jordan,False
93,104,Final,Ecuador,France,1,1,France,Ecuador,True
94,73,Round of 32,Mexico,Canada,1,0,Mexico,Canada,False
94,74,Round of 32,Morocco,Japan,0,2,Japan,Morocco,False
94,75,Round of 32,Ivory Coast,Netherlands,2,0,Ivory Coast,Netherlands,False
94,76,Round of 32,Sweden,Brazil,0,1,Brazil,Sweden,False
94,77,Round of 32,Germany,Norway,4,5,Norway,Germany,False
94,78,Round of 32,Senegal,Saudi Arabia,2,0,Senegal,Saudi Arabia,False
94,79,Round of 32,South Africa,Ecuador,0,0,South Africa,Ecuador,True
94,80,Round of 32,England,DR Congo,1,0,England,DR Congo,False
94,81,Round of 32,Iran,South Korea,3,1,Iran,South Korea,False
94,82,Round of 32,Australia,Bosnia and Herzegovina,3,0,Australia,Bosnia and Herzegovina,False
94,83,Round of 32,Portugal,Croatia,2,0,Portugal,Croatia,False
94,84,Round of 32,Spain,Algeria,2,0,Spain,Algeria,False
94,85,Round of 32,Switzerland,Egypt,1,0,Switzerland,Egypt,False
94,86,Round of 32,Turkey,New Zealand,1,1,Turkey,New Zealand,True
94,87,Round of 32,Argentina,Uruguay,2,0,Argentina,Uruguay,False
94,88,Round of 32,Colombia,France,1,2,France,Colombia,False
94,89,Round of 16,Mexico,Ivory Coast,0,0,Mexico,Ivory Coast,True
94,90,Round of 16,Japan,Norway,1,1,Norway,Japan,True
94,91,Round of 16,Brazil,Senegal,2,0,Brazil,Senegal,False
94,92,Round of 16,South Africa,England,0,3,England,South Africa,False
94,93,Round of 16,Portugal,Spain,0,1,Spain,Portugal,False
94,94,Round of 16,Iran,Australia,3,0,Iran,Australia,False
94,95,Round of 16,Turkey,France,1,3,France,Turkey,False
94,96,Round of 16,Switzerland,Argentina,1,1,Argentina,Switzerland,True
94,97,Quarter-final,Mexico,Norway,1,0,Mexico,Norway,False
94,98,Quarter-final,Spain,Iran,2,0,Spain,Iran,False
94,99,Quarter-final,Brazil,England,2,0,Brazil,England,False
94,100,Quarter-final,France,Argentina,1,3,Argentina,France,False
94,101,Semi-final,Mexico,Spain,0,6,Spain,Mexico,False
94,102,Semi-final,Brazil,Argentina,2,0,Brazil,Argentina,False
94,103,Third-place playoff,Mexico,Argentina,1,3,Argentina,Mexico,False
94,104,Final,Spain,Brazil,2,2,Brazil,Spain,True
95,73,Round of 32,Czech Republic,Switzerland,1,2,Switzerland,Czech Republic,False
95,74,Round of 32,Scotland,Sweden,1,2,Sweden,Scotland,False
95,75,Round of 32,Germany,Morocco,0,1,Morocco,Germany,False
95,76,Round of 32,Japan,Brazil,1,1,Brazil,Japan,True
95,77,Round of 32,Ivory Coast,Norway,1,1,Norway,Ivory Coast,True
95,78,Round of 32,France,Netherlands,3,3,Netherlands,France,True
95,79,Round of 32,Mexico,Uruguay,0,1,Uruguay,Mexico,False
95,80,Round of 32,Panama,Uzbekistan,5,1,Panama,Uzbekistan,False
95,81,Round of 32,Belgium,South Korea,3,1,Belgium,South Korea,False
95,82,Round of 32,Australia,Ecuador,1,1,Ecuador,Australia,True
95,83,Round of 32,Portugal,Croatia,1,4,Croatia,Portugal,False
95,84,Round of 32,Spain,Austria,6,1,Spain,Austria,False
95,85,Round of 32,Canada,New Zealand,3,0,Canada,New Zealand,False
95,86,Round of 32,Paraguay,Iran,1,1,Paraguay,Iran,True
95,87,Round of 32,Argentina,Cape Verde,2,1,Argentina,Cape Verde,False
95,88,Round of 32,Colombia,Turkey,3,0,Colombia,Turkey,False
95,89,Round of 16,Switzerland,Morocco,0,0,Morocco,Switzerland,True
95,90,Round of 16,Sweden,Norway,2,2,Sweden,Norway,True
95,91,Round of 16,Brazil,Netherlands,1,2,Netherlands,Brazil,False
95,92,Round of 16,Uruguay,Panama,1,0,Uruguay,Panama,False
95,93,Round of 16,Croatia,Spain,2,2,Spain,Croatia,True
95,94,Round of 16,Belgium,Ecuador,1,0,Belgium,Ecuador,False
95,95,Round of 16,Paraguay,Colombia,2,0,Paraguay,Colombia,False
95,96,Round of 16,Canada,Argentina,1,1,Canada,Argentina,True
95,97,Quarter-final,Morocco,Sweden,0,2,Sweden,Morocco,False
95,98,Quarter-final,Spain,Belgium,4,1,Spain,Belgium,False
95,99,Quarter-final,Netherlands,Uruguay,4,3,Netherlands,Uruguay,False
95,100,Quarter-final,Paraguay,Canada,0,0,Paraguay,Canada,True
95,101,Semi-final,Sweden,Spain,1,3,Spain,Sweden,False
95,102,Semi-final,Netherlands,Paraguay,1,2,Paraguay,Netherlands,False
95,103,Third-place playoff,Sweden,Netherlands,1,1,Sweden,Netherlands,True
95,104,Final,Spain,Paraguay,2,1,Spain,Paraguay,False
96,73,Round of 32,South Korea,Canada,0,1,Canada,South Korea,False
96,74,Round of 32,Brazil,Sweden,0,1,Sweden,Brazil,False
96,75,Round of 32,Ivory Coast,Turkey,3,1,Ivory Coast,Turkey,False
96,76,Round of 32,Netherlands,Scotland,5,0,Netherlands,Scotland,False
96,77,Round of 32,Ecuador,Senegal,3,2,Ecuador,Senegal,False
96,78,Round of 32,Norway,Belgium,1,1,Norway,Belgium,True
96,79,Round of 32,Mexico,Japan,2,1,Mexico,Japan,False
96,80,Round of 32,England,France,1,1,England,France,True
96,81,Round of 32,Egypt,Czech Republic,2,2,Czech Republic,Egypt,True
96,82,Round of 32,Australia,Bosnia and Herzegovina,2,3,Bosnia and Herzegovina,Australia,False
96,83,Round of 32,Colombia,Croatia,1,1,Croatia,Colombia,True
96,84,Round of 32,Uruguay,Argentina,0,1,Argentina,Uruguay,False
96,85,Round of 32,Switzerland,Algeria,1,2,Algeria,Switzerland,False
96,86,Round of 32,United States,Iran,0,1,Iran,United States,False
96,87,Round of 32,Jordan,Spain,2,1,Jordan,Spain,False
96,88,Round of 32,Portugal,Panama,3,1,Portugal,Panama,False
96,89,Round of 16,Canada,Ivory Coast,2,0,Canada,Ivory Coast,False
96,90,Round of 16,Sweden,Ecuador,0,3,Ecuador,Sweden,False
96,91,Round of 16,Netherlands,Norway,1,0,Netherlands,Norway,False
96,92,Round of 16,Mexico,England,0,2,England,Mexico,False
96,93,Round of 16,Croatia,Argentina,0,1,Argentina,Croatia,False
96,94,Round of 16,Czech Republic,Bosnia and Herzegovina,1,1,Bosnia and Herzegovina,Czech Republic,True
96,95,Round of 16,Iran,Portugal,2,4,Portugal,Iran,False
96,96,Round of 16,Algeria,Jordan,3,2,Algeria,Jordan,False
96,97,Quarter-final,Canada,Ecuador,2,0,Canada,Ecuador,False
96,98,Quarter-final,Argentina,Bosnia and Herzegovina,0,0,Argentina,Bosnia and Herzegovina,True
96,99,Quarter-final,Netherlands,England,2,1,Netherlands,England,False
96,100,Quarter-final,Portugal,Algeria,0,1,Algeria,Portugal,False
96,101,Semi-final,Canada,Argentina,0,3,Argentina,Canada,False
96,102,Semi-final,Netherlands,Algeria,1,0,Netherlands,Algeria,False
96,103,Third-place playoff,Canada,Algeria,0,0,Canada,Algeria,True
96,104,Final,Argentina,Netherlands,1,0,Argentina,Netherlands,False
97,73,Round of 32,Czech Republic,Switzerland,0,3,Switzerland,Czech Republic,False
97,74,Round of 32,Morocco,Japan,0,0,Morocco,Japan,True
97,75,Round of 32,Ivory Coast,Paraguay,0,2,Paraguay,Ivory Coast,False
97,76,Round of 32,Netherlands,Brazil,1,1,Brazil,Netherlands,True
97,77,Round of 32,Ecuador,France,0,0,France,Ecuador,True
97,78,Round of 32,Norway,Tunisia,3,0,Norway,Tunisia,False
97,79,Round of 32,South Africa,Saudi Arabia,0,0,South Africa,Saudi Arabia,True
97,80,Round of 32,Panama,Senegal,3,2,Panama,Senegal,False
97,81,Round of 32,New Zealand,South Korea,2,4,South Korea,New Zealand,False
97,82,Round of 32,Turkey,Jordan,0,1,Jordan,Turkey,False
97,83,Round of 32,Portugal,Croatia,0,1,Croatia,Portugal,False
97,84,Round of 32,Spain,Austria,1,0,Spain,Austria,False
97,85,Round of 32,Canada,Belgium,2,0,Canada,Belgium,False
97,86,Round of 32,United States,Iran,0,1,Iran,United States,False
97,87,Round of 32,Argentina,Uruguay,2,2,Uruguay,Argentina,True
97,88,Round of 32,Colombia,Germany,0,1,Germany,Colombia,False
97,89,Round of 16,Switzerland,Paraguay,1,1,Switzerland,Paraguay,True
97,90,Round of 16,Morocco,France,0,1,France,Morocco,False
97,91,Round of 16,Brazil,Norway,3,0,Brazil,Norway,False
97,92,Round of 16,South Africa,Panama,0,2,Panama,South Africa,False
97,93,Round of 16,Croatia,Spain,0,1,Spain,Croatia,False
97,94,Round of 16,South Korea,Jordan,4,2,South Korea,Jordan,False
97,95,Round of 16,Iran,Germany,0,3,Germany,Iran,False
97,96,Round of 16,Canada,Uruguay,0,3,Uruguay,Canada,False
97,97,Quarter-final,Switzerland,France,0,3,France,Switzerland,False
97,98,Quarter-final,Spain,South Korea,5,5,South Korea,Spain,True
97,99,Quarter-final,Brazil,Panama,2,1,Brazil,Panama,False
97,100,Quarter-final,Germany,Uruguay,0,2,Uruguay,Germany,False
97,101,Semi-final,France,South Korea,2,1,France,South Korea,False
97,102,Semi-final,Brazil,Uruguay,1,1,Brazil,Uruguay,True
97,103,Third-place playoff,South Korea,Uruguay,2,1,South Korea,Uruguay,False
97,104,Final,France,Brazil,0,0,France,Brazil,True
98,73,Round of 32,South Africa,Canada,1,0,South Africa,Canada,False
98,74,Round of 32,Brazil,Netherlands,1,0,Brazil,Netherlands,False
98,75,Round of 32,Ecuador,United States,2,1,Ecuador,United States,False
98,76,Round of 32,Tunisia,Morocco,1,1,Tunisia,Morocco,True
98,77,Round of 32,Curaçao,Norway,1,0,Curaçao,Norway,False
98,78,Round of 32,France,Japan,1,0,France,Japan,False
98,79,Round of 32,Mexico,Scotland,0,1,Scotland,Mexico,False
98,80,Round of 32,England,Senegal,2,1,England,Senegal,False
98,81,Round of 32,Belgium,Algeria,3,1,Belgium,Algeria,False
98,82,Round of 32,Australia,Germany,0,2,Germany,Australia,False
98,83,Round of 32,Uzbekistan,Croatia,0,3,Croatia,Uzbekistan,False
98,84,Round of 32,Spain,Austria,1,0,Spain,Austria,False
98,85,Round of 32,Switzerland,New Zealand,4,2,Switzerland,New Zealand,False
98,86,Round of 32,Paraguay,Egypt,0,1,Egypt,Paraguay,False
98,87,Round of 32,Argentina,Uruguay,2,0,Argentina,Uruguay,False
98,88,Round of 32,Portugal,Panama,0,1,Panama,Portugal,False
98,89,Round of 16,South Africa,Ecuador,1,2,Ecuador,South Africa,False
98,90,Round of 16,Brazil,Curaçao,1,1,Brazil,Curaçao,True
98,91,Round of 16,Tunisia,France,1,4,France,Tunisia,False
98,92,Round of 16,Scotland,England,0,1,England,Scotland,False
98,93,Round of 16,Croatia,Spain,2,6,Spain,Croatia,False
98,94,Round of 16,Belgium,Germany,1,2,Germany,Belgium,False
98,95,Round of 16,Egypt,Panama,1,1,Panama,Egypt,True
98,96,Round of 16,Switzerland,Argentina,1,1,Switzerland,Argentina,True
98,97,Quarter-final,Ecuador,Brazil,1,1,Ecuador,Brazil,True
98,98,Quarter-final,Spain,Germany,2,1,Spain,Germany,False
98,99,Quarter-final,France,England,5,1,France,England,False
98,100,Quarter-final,Panama,Switzerland,0,2,Switzerland,Panama,False
98,101,Semi-final,Ecuador,Spain,0,2,Spain,Ecuador,False
98,102,Semi-final,France,Switzerland,2,1,France,Switzerland,False
98,103,Third-place playoff,Ecuador,Switzerland,2,0,Ecuador,Switzerland,False
98,104,Final,Spain,France,1,2,France,Spain,False
99,73,Round of 32,Czech Republic,Canada,2,1,Czech Republic,Canada,False
99,74,Round of 32,Brazil,Sweden,2,0,Brazil,Sweden,False
99,75,Round of 32,Ecuador,Scotland,3,0,Ecuador,Scotland,False
99,76,Round of 32,Netherlands,Morocco,0,1,Morocco,Netherlands,False
99,77,Round of 32,Germany,Senegal,0,0,Senegal,Germany,True
99,78,Round of 32,France,Japan,3,1,France,Japan,False
99,79,Round of 32,South Korea,Saudi Arabia,2,1,South Korea,Saudi Arabia,False
99,80,Round of 32,England,Ivory Coast,1,0,England,Ivory Coast,False
99,81,Round of 32,Belgium,Austria,2,0,Belgium,Austria,False
99,82,Round of 32,Australia,Qatar,3,1,Australia,Qatar,False
99,83,Round of 32,Portugal,Croatia,0,1,Croatia,Portugal,False
99,84,Round of 32,Spain,Algeria,1,1,Spain,Algeria,True
99,85,Round of 32,Switzerland,Egypt,2,0,Switzerland,Egypt,False
99,86,Round of 32,United States,Iran,0,2,Iran,United States,False
99,87,Round of 32,Argentina,Uruguay,4,0,Argentina,Uruguay,False
99,88,Round of 32,DR Congo,Turkey,4,0,DR Congo,Turkey,False
99,89,Round of 16,Czech Republic,Ecuador,1,1,Ecuador,Czech Republic,True
99,90,Round of 16,Brazil,Senegal,0,0,Brazil,Senegal,True
99,91,Round of 16,Morocco,France,0,2,France,Morocco,False
99,92,Round of 16,South Korea,England,1,3,England,South Korea,False
99,93,Round of 16,Croatia,Spain,1,3,Spain,Croatia,False
99,94,Round of 16,Belgium,Australia,1,2,Australia,Belgium,False
99,95,Round of 16,Iran,DR Congo,0,1,DR Congo,Iran,False
99,96,Round of 16,Switzerland,Argentina,0,3,Argentina,Switzerland,False
99,97,Quarter-final,Ecuador,Brazil,1,1,Brazil,Ecuador,True
99,98,Quarter-final,Spain,Australia,2,0,Spain,Australia,False
99,99,Quarter-final,France,England,5,1,France,England,False
99,100,Quarter-final,DR Congo,Argentina,0,1,Argentina,DR Congo,False
99,101,Semi-final,Brazil,Spain,1,1,Spain,Brazil,True
99,102,Semi-final,France,Argentina,1,2,Argentina,France,False
99,103,Third-place playoff,Brazil,France,0,1,France,Brazil,False
99,104,Final,Spain,Argentina,2,1,Spain,Argentina,False
100,73,Round of 32,South Africa,Switzerland,1,2,Switzerland,South Africa,False
100,74,Round of 32,Morocco,Sweden,0,1,Sweden,Morocco,False
100,75,Round of 32,Germany,Scotland,1,1,Germany,Scotland,True
100,76,Round of 32,Tunisia,Brazil,1,4,Brazil,Tunisia,False
100,77,Round of 32,Ecuador,France,1,1,France,Ecuador,True
100,78,Round of 32,Norway,Netherlands,0,1,Netherlands,Norway,False
100,79,Round of 32,Mexico,Senegal,0,0,Senegal,Mexico,True
100,80,Round of 32,Panama,DR Congo,4,0,Panama,DR Congo,False
100,81,Round of 32,Belgium,South Korea,3,1,Belgium,South Korea,False
100,82,Round of 32,Turkey,Qatar,7,1,Turkey,Qatar,False
100,83,Round of 32,Colombia,England,2,3,England,Colombia,False
100,84,Round of 32,Saudi Arabia,Austria,1,1,Austria,Saudi Arabia,True
100,85,Round of 32,Canada,Algeria,1,0,Canada,Algeria,False
100,86,Round of 32,United States,Iran,1,4,Iran,United States,False
100,87,Round of 32,Argentina,Spain,2,1,Argentina,Spain,False
100,88,Round of 32,Portugal,Croatia,1,0,Portugal,Croatia,False
100,89,Round of 16,Switzerland,Germany,0,1,Germany,Switzerland,False
100,90,Round of 16,Sweden,France,0,2,France,Sweden,False
100,91,Round of 16,Brazil,Netherlands,1,0,Brazil,Netherlands,False
100,92,Round of 16,Senegal,Panama,2,2,Panama,Senegal,True
100,93,Round of 16,England,Austria,1,0,England,Austria,False
100,94,Round of 16,Belgium,Turkey,0,2,Turkey,Belgium,False
100,95,Round of 16,Iran,Portugal,0,1,Portugal,Iran,False
100,96,Round of 16,Canada,Argentina,2,3,Argentina,Canada,False
100,97,Quarter-final,Germany,France,0,0,France,Germany,True
100,98,Quarter-final,England,Turkey,0,1,Turkey,England,False
100,99,Quarter-final,Brazil,Panama,2,0,Brazil,Panama,False
100,100,Quarter-final,Portugal,Argentina,1,0,Portugal,Argentina,False
100,101,Semi-final,France,Turkey,0,2,Turkey,France,False
100,102,Semi-final,Brazil,Portugal,1,4,Portugal,Brazil,False
100,103,Third-place playoff,France,Brazil,2,0,France,Brazil,False
100,104,Final,Turkey,Portugal,0,0,Turkey,Portugal,True
